<?xml version="1.0"?>
  <database name="TABLE OBPF_EMPLOYEE">
    <table name="OBPF_EMPLOYEE" primaryKey="OBPF_EMPLOYEE_KEY">
      <column name="OBPF_EMPLOYEE_ID" primaryKey="true" required="true" type="VARCHAR" size="32" autoIncrement="false">
        <default/>
        <onCreateDefault/>
      </column>
      <column name="AD_CLIENT_ID" primaryKey="false" required="true" type="VARCHAR" size="32" autoIncrement="false">
        <default/>
        <onCreateDefault/>
      </column>
      <column name="AD_ORG_ID" primaryKey="false" required="true" type="VARCHAR" size="32" autoIncrement="false">
        <default/>
        <onCreateDefault/>
      </column>
      <column name="ISACTIVE" primaryKey="false" required="true" type="CHAR" size="1" autoIncrement="false">
        <default><![CDATA[Y]]></default>
        <onCreateDefault/>
      </column>
      <column name="CREATED" primaryKey="false" required="true" type="TIMESTAMP" size="7" autoIncrement="false">
        <default><![CDATA[SYSDATE]]></default>
        <onCreateDefault/>
      </column>
      <column name="UPDATED" primaryKey="false" required="true" type="TIMESTAMP" size="7" autoIncrement="false">
        <default><![CDATA[SYSDATE]]></default>
        <onCreateDefault/>
      </column>
      <column name="CREATEDBY" primaryKey="false" required="true" type="VARCHAR" size="32" autoIncrement="false">
        <default/>
        <onCreateDefault/>
      </column>
      <column name="UPDATEDBY" primaryKey="false" required="true" type="VARCHAR" size="32" autoIncrement="false">
        <default/>
        <onCreateDefault/>
      </column>
      <column name="NAME" primaryKey="false" required="true" type="VARCHAR" size="60" autoIncrement="false">
        <default/>
        <onCreateDefault/>
      </column>
      <column name="SALARY" primaryKey="false" required="false" type="DECIMAL" size="10,0" autoIncrement="false">
        <default/>
        <onCreateDefault/>
      </column>
      <column name="REPORTS_TO" primaryKey="false" required="false" type="VARCHAR" size="32" autoIncrement="false">
        <default/>
        <onCreateDefault/>
      </column>
      <foreign-key foreignTable="OBPF_EMPLOYEE" name="OBPF_EMPLOYEE_REPORTS_TO">
        <reference local="REPORTS_TO" foreign="OBPF_EMPLOYEE_ID"/>
      </foreign-key>
      <foreign-key foreignTable="AD_CLIENT" name="OBPF_EMPLOYEECLIENT">
        <reference local="AD_CLIENT_ID" foreign="AD_CLIENT_ID"/>
      </foreign-key>
      <foreign-key foreignTable="AD_ORG" name="OBPF_EMPLOYEEORG">
        <reference local="AD_ORG_ID" foreign="AD_ORG_ID"/>
      </foreign-key>
      <check name="OBPF_EMPLOYEE_ISACTIVE_CHECK"><![CDATA[ISACTIVE IN ('Y', 'N')]]></check>
    </table>
  </database>
