<?xml version='1.0' encoding='UTF-8'?>
<data>
<!--0D142E12A2DA70C5E050007F010014B3--><AD_ELEMENT>
<!--0D142E12A2DA70C5E050007F010014B3-->  <AD_ELEMENT_ID><![CDATA[0D142E12A2DA70C5E050007F010014B3]]></AD_ELEMENT_ID>
<!--0D142E12A2DA70C5E050007F010014B3-->  <AD_CLIENT_ID><![CDATA[0]]></AD_CLIENT_ID>
<!--0D142E12A2DA70C5E050007F010014B3-->  <AD_ORG_ID><![CDATA[0]]></AD_ORG_ID>
<!--0D142E12A2DA70C5E050007F010014B3-->  <ISACTIVE><![CDATA[Y]]></ISACTIVE>
<!--0D142E12A2DA70C5E050007F010014B3-->  <COLUMNNAME><![CDATA[active]]></COLUMNNAME>
<!--0D142E12A2DA70C5E050007F010014B3-->  <NAME><![CDATA[Active]]></NAME>
<!--0D142E12A2DA70C5E050007F010014B3-->  <PRINTNAME><![CDATA[Active]]></PRINTNAME>
<!--0D142E12A2DA70C5E050007F010014B3-->  <AD_MODULE_ID><![CDATA[F2E7A973F06D438B85FFFB96E69670D4]]></AD_MODULE_ID>
<!--0D142E12A2DA70C5E050007F010014B3-->  <ISGLOSSARY><![CDATA[N]]></ISGLOSSARY>
<!--0D142E12A2DA70C5E050007F010014B3--></AD_ELEMENT>

<!--1AB2618DFD4442F09B2A112631232310--><AD_ELEMENT>
<!--1AB2618DFD4442F09B2A112631232310-->  <AD_ELEMENT_ID><![CDATA[1AB2618DFD4442F09B2A112631232310]]></AD_ELEMENT_ID>
<!--1AB2618DFD4442F09B2A112631232310-->  <AD_CLIENT_ID><![CDATA[0]]></AD_CLIENT_ID>
<!--1AB2618DFD4442F09B2A112631232310-->  <AD_ORG_ID><![CDATA[0]]></AD_ORG_ID>
<!--1AB2618DFD4442F09B2A112631232310-->  <ISACTIVE><![CDATA[Y]]></ISACTIVE>
<!--1AB2618DFD4442F09B2A112631232310-->  <COLUMNNAME><![CDATA[eventHandler]]></COLUMNNAME>
<!--1AB2618DFD4442F09B2A112631232310-->  <NAME><![CDATA[Event Handler]]></NAME>
<!--1AB2618DFD4442F09B2A112631232310-->  <PRINTNAME><![CDATA[Event Handler]]></PRINTNAME>
<!--1AB2618DFD4442F09B2A112631232310-->  <DESCRIPTION><![CDATA[The class name that implements an event handler logic]]></DESCRIPTION>
<!--1AB2618DFD4442F09B2A112631232310-->  <HELP><![CDATA[The class name that implements an event handler logic]]></HELP>
<!--1AB2618DFD4442F09B2A112631232310-->  <AD_MODULE_ID><![CDATA[F2E7A973F06D438B85FFFB96E69670D4]]></AD_MODULE_ID>
<!--1AB2618DFD4442F09B2A112631232310-->  <ISGLOSSARY><![CDATA[N]]></ISGLOSSARY>
<!--1AB2618DFD4442F09B2A112631232310--></AD_ELEMENT>

<!--1D1452D149214D4EA402DA89FFDEDF68--><AD_ELEMENT>
<!--1D1452D149214D4EA402DA89FFDEDF68-->  <AD_ELEMENT_ID><![CDATA[1D1452D149214D4EA402DA89FFDEDF68]]></AD_ELEMENT_ID>
<!--1D1452D149214D4EA402DA89FFDEDF68-->  <AD_CLIENT_ID><![CDATA[0]]></AD_CLIENT_ID>
<!--1D1452D149214D4EA402DA89FFDEDF68-->  <AD_ORG_ID><![CDATA[0]]></AD_ORG_ID>
<!--1D1452D149214D4EA402DA89FFDEDF68-->  <ISACTIVE><![CDATA[Y]]></ISACTIVE>
<!--1D1452D149214D4EA402DA89FFDEDF68-->  <COLUMNNAME><![CDATA[ondelete]]></COLUMNNAME>
<!--1D1452D149214D4EA402DA89FFDEDF68-->  <NAME><![CDATA[On Delete]]></NAME>
<!--1D1452D149214D4EA402DA89FFDEDF68-->  <PRINTNAME><![CDATA[On Delete]]></PRINTNAME>
<!--1D1452D149214D4EA402DA89FFDEDF68-->  <AD_MODULE_ID><![CDATA[F2E7A973F06D438B85FFFB96E69670D4]]></AD_MODULE_ID>
<!--1D1452D149214D4EA402DA89FFDEDF68-->  <ISGLOSSARY><![CDATA[N]]></ISGLOSSARY>
<!--1D1452D149214D4EA402DA89FFDEDF68--></AD_ELEMENT>

<!--1E77502F9FD943BABCD41E84A7ED696E--><AD_ELEMENT>
<!--1E77502F9FD943BABCD41E84A7ED696E-->  <AD_ELEMENT_ID><![CDATA[1E77502F9FD943BABCD41E84A7ED696E]]></AD_ELEMENT_ID>
<!--1E77502F9FD943BABCD41E84A7ED696E-->  <AD_CLIENT_ID><![CDATA[0]]></AD_CLIENT_ID>
<!--1E77502F9FD943BABCD41E84A7ED696E-->  <AD_ORG_ID><![CDATA[0]]></AD_ORG_ID>
<!--1E77502F9FD943BABCD41E84A7ED696E-->  <ISACTIVE><![CDATA[Y]]></ISACTIVE>
<!--1E77502F9FD943BABCD41E84A7ED696E-->  <COLUMNNAME><![CDATA[singleBP]]></COLUMNNAME>
<!--1E77502F9FD943BABCD41E84A7ED696E-->  <NAME><![CDATA[Single BP]]></NAME>
<!--1E77502F9FD943BABCD41E84A7ED696E-->  <PRINTNAME><![CDATA[Single BP]]></PRINTNAME>
<!--1E77502F9FD943BABCD41E84A7ED696E-->  <AD_MODULE_ID><![CDATA[F2E7A973F06D438B85FFFB96E69670D4]]></AD_MODULE_ID>
<!--1E77502F9FD943BABCD41E84A7ED696E-->  <ISGLOSSARY><![CDATA[N]]></ISGLOSSARY>
<!--1E77502F9FD943BABCD41E84A7ED696E--></AD_ELEMENT>

<!--28EBB60EF57241308B95D3A287ACC602--><AD_ELEMENT>
<!--28EBB60EF57241308B95D3A287ACC602-->  <AD_ELEMENT_ID><![CDATA[28EBB60EF57241308B95D3A287ACC602]]></AD_ELEMENT_ID>
<!--28EBB60EF57241308B95D3A287ACC602-->  <AD_CLIENT_ID><![CDATA[0]]></AD_CLIENT_ID>
<!--28EBB60EF57241308B95D3A287ACC602-->  <AD_ORG_ID><![CDATA[0]]></AD_ORG_ID>
<!--28EBB60EF57241308B95D3A287ACC602-->  <ISACTIVE><![CDATA[Y]]></ISACTIVE>
<!--28EBB60EF57241308B95D3A287ACC602-->  <COLUMNNAME><![CDATA[Reports_To]]></COLUMNNAME>
<!--28EBB60EF57241308B95D3A287ACC602-->  <NAME><![CDATA[Reports_To]]></NAME>
<!--28EBB60EF57241308B95D3A287ACC602-->  <PRINTNAME><![CDATA[Reports_To]]></PRINTNAME>
<!--28EBB60EF57241308B95D3A287ACC602-->  <AD_MODULE_ID><![CDATA[F2E7A973F06D438B85FFFB96E69670D4]]></AD_MODULE_ID>
<!--28EBB60EF57241308B95D3A287ACC602-->  <ISGLOSSARY><![CDATA[N]]></ISGLOSSARY>
<!--28EBB60EF57241308B95D3A287ACC602--></AD_ELEMENT>

<!--39D91F60FBF746248C6B7E1A82C68E71--><AD_ELEMENT>
<!--39D91F60FBF746248C6B7E1A82C68E71-->  <AD_ELEMENT_ID><![CDATA[39D91F60FBF746248C6B7E1A82C68E71]]></AD_ELEMENT_ID>
<!--39D91F60FBF746248C6B7E1A82C68E71-->  <AD_CLIENT_ID><![CDATA[0]]></AD_CLIENT_ID>
<!--39D91F60FBF746248C6B7E1A82C68E71-->  <AD_ORG_ID><![CDATA[0]]></AD_ORG_ID>
<!--39D91F60FBF746248C6B7E1A82C68E71-->  <ISACTIVE><![CDATA[Y]]></ISACTIVE>
<!--39D91F60FBF746248C6B7E1A82C68E71-->  <COLUMNNAME><![CDATA[EM_Obpf_Bpartner]]></COLUMNNAME>
<!--39D91F60FBF746248C6B7E1A82C68E71-->  <NAME><![CDATA[Business Partner (Add New)]]></NAME>
<!--39D91F60FBF746248C6B7E1A82C68E71-->  <PRINTNAME><![CDATA[Business Partner (Add New)]]></PRINTNAME>
<!--39D91F60FBF746248C6B7E1A82C68E71-->  <AD_MODULE_ID><![CDATA[F2E7A973F06D438B85FFFB96E69670D4]]></AD_MODULE_ID>
<!--39D91F60FBF746248C6B7E1A82C68E71-->  <ISGLOSSARY><![CDATA[N]]></ISGLOSSARY>
<!--39D91F60FBF746248C6B7E1A82C68E71--></AD_ELEMENT>

<!--3FAB53E5ECFC46B4BAEB6BC063420E16--><AD_ELEMENT>
<!--3FAB53E5ECFC46B4BAEB6BC063420E16-->  <AD_ELEMENT_ID><![CDATA[3FAB53E5ECFC46B4BAEB6BC063420E16]]></AD_ELEMENT_ID>
<!--3FAB53E5ECFC46B4BAEB6BC063420E16-->  <AD_CLIENT_ID><![CDATA[0]]></AD_CLIENT_ID>
<!--3FAB53E5ECFC46B4BAEB6BC063420E16-->  <AD_ORG_ID><![CDATA[0]]></AD_ORG_ID>
<!--3FAB53E5ECFC46B4BAEB6BC063420E16-->  <ISACTIVE><![CDATA[Y]]></ISACTIVE>
<!--3FAB53E5ECFC46B4BAEB6BC063420E16-->  <COLUMNNAME><![CDATA[EM_Obpf_Stddatetime]]></COLUMNNAME>
<!--3FAB53E5ECFC46B4BAEB6BC063420E16-->  <NAME><![CDATA[Relative Date-Time]]></NAME>
<!--3FAB53E5ECFC46B4BAEB6BC063420E16-->  <PRINTNAME><![CDATA[EM_Obpf_Stddatetime]]></PRINTNAME>
<!--3FAB53E5ECFC46B4BAEB6BC063420E16-->  <AD_MODULE_ID><![CDATA[F2E7A973F06D438B85FFFB96E69670D4]]></AD_MODULE_ID>
<!--3FAB53E5ECFC46B4BAEB6BC063420E16-->  <ISGLOSSARY><![CDATA[N]]></ISGLOSSARY>
<!--3FAB53E5ECFC46B4BAEB6BC063420E16--></AD_ELEMENT>

<!--4E112EC4433E4B648E5E17B7E9AD59CD--><AD_ELEMENT>
<!--4E112EC4433E4B648E5E17B7E9AD59CD-->  <AD_ELEMENT_ID><![CDATA[4E112EC4433E4B648E5E17B7E9AD59CD]]></AD_ELEMENT_ID>
<!--4E112EC4433E4B648E5E17B7E9AD59CD-->  <AD_CLIENT_ID><![CDATA[0]]></AD_CLIENT_ID>
<!--4E112EC4433E4B648E5E17B7E9AD59CD-->  <AD_ORG_ID><![CDATA[0]]></AD_ORG_ID>
<!--4E112EC4433E4B648E5E17B7E9AD59CD-->  <ISACTIVE><![CDATA[Y]]></ISACTIVE>
<!--4E112EC4433E4B648E5E17B7E9AD59CD-->  <COLUMNNAME><![CDATA[EM_Obpf_Abs_Datetime]]></COLUMNNAME>
<!--4E112EC4433E4B648E5E17B7E9AD59CD-->  <NAME><![CDATA[Absolute Date-Time]]></NAME>
<!--4E112EC4433E4B648E5E17B7E9AD59CD-->  <PRINTNAME><![CDATA[EM_Obpf_Abs_Datetime]]></PRINTNAME>
<!--4E112EC4433E4B648E5E17B7E9AD59CD-->  <AD_MODULE_ID><![CDATA[F2E7A973F06D438B85FFFB96E69670D4]]></AD_MODULE_ID>
<!--4E112EC4433E4B648E5E17B7E9AD59CD-->  <ISGLOSSARY><![CDATA[N]]></ISGLOSSARY>
<!--4E112EC4433E4B648E5E17B7E9AD59CD--></AD_ELEMENT>

<!--4E40B93A0C8F42AB92668338F590BE90--><AD_ELEMENT>
<!--4E40B93A0C8F42AB92668338F590BE90-->  <AD_ELEMENT_ID><![CDATA[4E40B93A0C8F42AB92668338F590BE90]]></AD_ELEMENT_ID>
<!--4E40B93A0C8F42AB92668338F590BE90-->  <AD_CLIENT_ID><![CDATA[0]]></AD_CLIENT_ID>
<!--4E40B93A0C8F42AB92668338F590BE90-->  <AD_ORG_ID><![CDATA[0]]></AD_ORG_ID>
<!--4E40B93A0C8F42AB92668338F590BE90-->  <ISACTIVE><![CDATA[Y]]></ISACTIVE>
<!--4E40B93A0C8F42AB92668338F590BE90-->  <COLUMNNAME><![CDATA[entity]]></COLUMNNAME>
<!--4E40B93A0C8F42AB92668338F590BE90-->  <NAME><![CDATA[Observed Entity]]></NAME>
<!--4E40B93A0C8F42AB92668338F590BE90-->  <PRINTNAME><![CDATA[Observed Entity]]></PRINTNAME>
<!--4E40B93A0C8F42AB92668338F590BE90-->  <AD_MODULE_ID><![CDATA[F2E7A973F06D438B85FFFB96E69670D4]]></AD_MODULE_ID>
<!--4E40B93A0C8F42AB92668338F590BE90-->  <ISGLOSSARY><![CDATA[N]]></ISGLOSSARY>
<!--4E40B93A0C8F42AB92668338F590BE90--></AD_ELEMENT>

<!--7E58C8F251D0493096076B86E711DC2D--><AD_ELEMENT>
<!--7E58C8F251D0493096076B86E711DC2D-->  <AD_ELEMENT_ID><![CDATA[7E58C8F251D0493096076B86E711DC2D]]></AD_ELEMENT_ID>
<!--7E58C8F251D0493096076B86E711DC2D-->  <AD_CLIENT_ID><![CDATA[0]]></AD_CLIENT_ID>
<!--7E58C8F251D0493096076B86E711DC2D-->  <AD_ORG_ID><![CDATA[0]]></AD_ORG_ID>
<!--7E58C8F251D0493096076B86E711DC2D-->  <ISACTIVE><![CDATA[Y]]></ISACTIVE>
<!--7E58C8F251D0493096076B86E711DC2D-->  <COLUMNNAME><![CDATA[EM_Obpf_Abs_Time]]></COLUMNNAME>
<!--7E58C8F251D0493096076B86E711DC2D-->  <NAME><![CDATA[Absolute Time]]></NAME>
<!--7E58C8F251D0493096076B86E711DC2D-->  <PRINTNAME><![CDATA[EM_Obpf_Abs_Time]]></PRINTNAME>
<!--7E58C8F251D0493096076B86E711DC2D-->  <AD_MODULE_ID><![CDATA[F2E7A973F06D438B85FFFB96E69670D4]]></AD_MODULE_ID>
<!--7E58C8F251D0493096076B86E711DC2D-->  <ISGLOSSARY><![CDATA[N]]></ISGLOSSARY>
<!--7E58C8F251D0493096076B86E711DC2D--></AD_ELEMENT>

<!--85483A0946724B7BBF3A3A589F74F8D2--><AD_ELEMENT>
<!--85483A0946724B7BBF3A3A589F74F8D2-->  <AD_ELEMENT_ID><![CDATA[85483A0946724B7BBF3A3A589F74F8D2]]></AD_ELEMENT_ID>
<!--85483A0946724B7BBF3A3A589F74F8D2-->  <AD_CLIENT_ID><![CDATA[0]]></AD_CLIENT_ID>
<!--85483A0946724B7BBF3A3A589F74F8D2-->  <AD_ORG_ID><![CDATA[0]]></AD_ORG_ID>
<!--85483A0946724B7BBF3A3A589F74F8D2-->  <ISACTIVE><![CDATA[Y]]></ISACTIVE>
<!--85483A0946724B7BBF3A3A589F74F8D2-->  <COLUMNNAME><![CDATA[EM_Obpf_Stdtime]]></COLUMNNAME>
<!--85483A0946724B7BBF3A3A589F74F8D2-->  <NAME><![CDATA[Relative Time]]></NAME>
<!--85483A0946724B7BBF3A3A589F74F8D2-->  <PRINTNAME><![CDATA[EM_Obpf_Stdtime]]></PRINTNAME>
<!--85483A0946724B7BBF3A3A589F74F8D2-->  <AD_MODULE_ID><![CDATA[F2E7A973F06D438B85FFFB96E69670D4]]></AD_MODULE_ID>
<!--85483A0946724B7BBF3A3A589F74F8D2-->  <ISGLOSSARY><![CDATA[N]]></ISGLOSSARY>
<!--85483A0946724B7BBF3A3A589F74F8D2--></AD_ELEMENT>

<!--92AA8D56D70D44B9B5B77CF67173151A--><AD_ELEMENT>
<!--92AA8D56D70D44B9B5B77CF67173151A-->  <AD_ELEMENT_ID><![CDATA[92AA8D56D70D44B9B5B77CF67173151A]]></AD_ELEMENT_ID>
<!--92AA8D56D70D44B9B5B77CF67173151A-->  <AD_CLIENT_ID><![CDATA[0]]></AD_CLIENT_ID>
<!--92AA8D56D70D44B9B5B77CF67173151A-->  <AD_ORG_ID><![CDATA[0]]></AD_ORG_ID>
<!--92AA8D56D70D44B9B5B77CF67173151A-->  <ISACTIVE><![CDATA[Y]]></ISACTIVE>
<!--92AA8D56D70D44B9B5B77CF67173151A-->  <COLUMNNAME><![CDATA[id]]></COLUMNNAME>
<!--92AA8D56D70D44B9B5B77CF67173151A-->  <NAME><![CDATA[ID]]></NAME>
<!--92AA8D56D70D44B9B5B77CF67173151A-->  <PRINTNAME><![CDATA[ID]]></PRINTNAME>
<!--92AA8D56D70D44B9B5B77CF67173151A-->  <DESCRIPTION><![CDATA[Identifies a record univocally]]></DESCRIPTION>
<!--92AA8D56D70D44B9B5B77CF67173151A-->  <HELP><![CDATA[Identifies a record univocally]]></HELP>
<!--92AA8D56D70D44B9B5B77CF67173151A-->  <AD_MODULE_ID><![CDATA[F2E7A973F06D438B85FFFB96E69670D4]]></AD_MODULE_ID>
<!--92AA8D56D70D44B9B5B77CF67173151A-->  <ISGLOSSARY><![CDATA[N]]></ISGLOSSARY>
<!--92AA8D56D70D44B9B5B77CF67173151A--></AD_ELEMENT>

<!--A5842A59746E4B79976D89B747B68BA8--><AD_ELEMENT>
<!--A5842A59746E4B79976D89B747B68BA8-->  <AD_ELEMENT_ID><![CDATA[A5842A59746E4B79976D89B747B68BA8]]></AD_ELEMENT_ID>
<!--A5842A59746E4B79976D89B747B68BA8-->  <AD_CLIENT_ID><![CDATA[0]]></AD_CLIENT_ID>
<!--A5842A59746E4B79976D89B747B68BA8-->  <AD_ORG_ID><![CDATA[0]]></AD_ORG_ID>
<!--A5842A59746E4B79976D89B747B68BA8-->  <ISACTIVE><![CDATA[Y]]></ISACTIVE>
<!--A5842A59746E4B79976D89B747B68BA8-->  <COLUMNNAME><![CDATA[Salary]]></COLUMNNAME>
<!--A5842A59746E4B79976D89B747B68BA8-->  <NAME><![CDATA[Salary]]></NAME>
<!--A5842A59746E4B79976D89B747B68BA8-->  <PRINTNAME><![CDATA[Salary]]></PRINTNAME>
<!--A5842A59746E4B79976D89B747B68BA8-->  <AD_MODULE_ID><![CDATA[F2E7A973F06D438B85FFFB96E69670D4]]></AD_MODULE_ID>
<!--A5842A59746E4B79976D89B747B68BA8-->  <ISGLOSSARY><![CDATA[N]]></ISGLOSSARY>
<!--A5842A59746E4B79976D89B747B68BA8--></AD_ELEMENT>

<!--AE35950535784FD8B456810223EA769A--><AD_ELEMENT>
<!--AE35950535784FD8B456810223EA769A-->  <AD_ELEMENT_ID><![CDATA[AE35950535784FD8B456810223EA769A]]></AD_ELEMENT_ID>
<!--AE35950535784FD8B456810223EA769A-->  <AD_CLIENT_ID><![CDATA[0]]></AD_CLIENT_ID>
<!--AE35950535784FD8B456810223EA769A-->  <AD_ORG_ID><![CDATA[0]]></AD_ORG_ID>
<!--AE35950535784FD8B456810223EA769A-->  <ISACTIVE><![CDATA[Y]]></ISACTIVE>
<!--AE35950535784FD8B456810223EA769A-->  <COLUMNNAME><![CDATA[onnew]]></COLUMNNAME>
<!--AE35950535784FD8B456810223EA769A-->  <NAME><![CDATA[On New]]></NAME>
<!--AE35950535784FD8B456810223EA769A-->  <PRINTNAME><![CDATA[On New]]></PRINTNAME>
<!--AE35950535784FD8B456810223EA769A-->  <AD_MODULE_ID><![CDATA[F2E7A973F06D438B85FFFB96E69670D4]]></AD_MODULE_ID>
<!--AE35950535784FD8B456810223EA769A-->  <ISGLOSSARY><![CDATA[N]]></ISGLOSSARY>
<!--AE35950535784FD8B456810223EA769A--></AD_ELEMENT>

<!--AEDF7330F0124D5FA808BF2D8CCABCAE--><AD_ELEMENT>
<!--AEDF7330F0124D5FA808BF2D8CCABCAE-->  <AD_ELEMENT_ID><![CDATA[AEDF7330F0124D5FA808BF2D8CCABCAE]]></AD_ELEMENT_ID>
<!--AEDF7330F0124D5FA808BF2D8CCABCAE-->  <AD_CLIENT_ID><![CDATA[0]]></AD_CLIENT_ID>
<!--AEDF7330F0124D5FA808BF2D8CCABCAE-->  <AD_ORG_ID><![CDATA[0]]></AD_ORG_ID>
<!--AEDF7330F0124D5FA808BF2D8CCABCAE-->  <ISACTIVE><![CDATA[Y]]></ISACTIVE>
<!--AEDF7330F0124D5FA808BF2D8CCABCAE-->  <COLUMNNAME><![CDATA[default]]></COLUMNNAME>
<!--AEDF7330F0124D5FA808BF2D8CCABCAE-->  <NAME><![CDATA[default]]></NAME>
<!--AEDF7330F0124D5FA808BF2D8CCABCAE-->  <PRINTNAME><![CDATA[default]]></PRINTNAME>
<!--AEDF7330F0124D5FA808BF2D8CCABCAE-->  <AD_MODULE_ID><![CDATA[F2E7A973F06D438B85FFFB96E69670D4]]></AD_MODULE_ID>
<!--AEDF7330F0124D5FA808BF2D8CCABCAE-->  <ISGLOSSARY><![CDATA[N]]></ISGLOSSARY>
<!--AEDF7330F0124D5FA808BF2D8CCABCAE--></AD_ELEMENT>

<!--BD0E0C840ADB471CBB251B2B8DC51420--><AD_ELEMENT>
<!--BD0E0C840ADB471CBB251B2B8DC51420-->  <AD_ELEMENT_ID><![CDATA[BD0E0C840ADB471CBB251B2B8DC51420]]></AD_ELEMENT_ID>
<!--BD0E0C840ADB471CBB251B2B8DC51420-->  <AD_CLIENT_ID><![CDATA[0]]></AD_CLIENT_ID>
<!--BD0E0C840ADB471CBB251B2B8DC51420-->  <AD_ORG_ID><![CDATA[0]]></AD_ORG_ID>
<!--BD0E0C840ADB471CBB251B2B8DC51420-->  <ISACTIVE><![CDATA[Y]]></ISACTIVE>
<!--BD0E0C840ADB471CBB251B2B8DC51420-->  <COLUMNNAME><![CDATA[Obpf_Employee_ID]]></COLUMNNAME>
<!--BD0E0C840ADB471CBB251B2B8DC51420-->  <NAME><![CDATA[Obpf_Employee_ID]]></NAME>
<!--BD0E0C840ADB471CBB251B2B8DC51420-->  <PRINTNAME><![CDATA[Obpf_Employee_ID]]></PRINTNAME>
<!--BD0E0C840ADB471CBB251B2B8DC51420-->  <AD_MODULE_ID><![CDATA[F2E7A973F06D438B85FFFB96E69670D4]]></AD_MODULE_ID>
<!--BD0E0C840ADB471CBB251B2B8DC51420-->  <ISGLOSSARY><![CDATA[N]]></ISGLOSSARY>
<!--BD0E0C840ADB471CBB251B2B8DC51420--></AD_ELEMENT>

<!--F0A943C925AE4C54B1B0476EDE7A6B44--><AD_ELEMENT>
<!--F0A943C925AE4C54B1B0476EDE7A6B44-->  <AD_ELEMENT_ID><![CDATA[F0A943C925AE4C54B1B0476EDE7A6B44]]></AD_ELEMENT_ID>
<!--F0A943C925AE4C54B1B0476EDE7A6B44-->  <AD_CLIENT_ID><![CDATA[0]]></AD_CLIENT_ID>
<!--F0A943C925AE4C54B1B0476EDE7A6B44-->  <AD_ORG_ID><![CDATA[0]]></AD_ORG_ID>
<!--F0A943C925AE4C54B1B0476EDE7A6B44-->  <ISACTIVE><![CDATA[Y]]></ISACTIVE>
<!--F0A943C925AE4C54B1B0476EDE7A6B44-->  <COLUMNNAME><![CDATA[onupdate]]></COLUMNNAME>
<!--F0A943C925AE4C54B1B0476EDE7A6B44-->  <NAME><![CDATA[On Update]]></NAME>
<!--F0A943C925AE4C54B1B0476EDE7A6B44-->  <PRINTNAME><![CDATA[On Update]]></PRINTNAME>
<!--F0A943C925AE4C54B1B0476EDE7A6B44-->  <AD_MODULE_ID><![CDATA[F2E7A973F06D438B85FFFB96E69670D4]]></AD_MODULE_ID>
<!--F0A943C925AE4C54B1B0476EDE7A6B44-->  <ISGLOSSARY><![CDATA[N]]></ISGLOSSARY>
<!--F0A943C925AE4C54B1B0476EDE7A6B44--></AD_ELEMENT>

</data>
