<?xml version='1.0' encoding='UTF-8'?>
<data>
<!--0A649D79134842FC874894A11B91D1D1--><AD_FIELD>
<!--0A649D79134842FC874894A11B91D1D1-->  <AD_FIELD_ID><![CDATA[0A649D79134842FC874894A11B91D1D1]]></AD_FIELD_ID>
<!--0A649D79134842FC874894A11B91D1D1-->  <AD_CLIENT_ID><![CDATA[0]]></AD_CLIENT_ID>
<!--0A649D79134842FC874894A11B91D1D1-->  <AD_ORG_ID><![CDATA[0]]></AD_ORG_ID>
<!--0A649D79134842FC874894A11B91D1D1-->  <ISACTIVE><![CDATA[Y]]></ISACTIVE>
<!--0A649D79134842FC874894A11B91D1D1-->  <NAME><![CDATA[Description]]></NAME>
<!--0A649D79134842FC874894A11B91D1D1-->  <DESCRIPTION><![CDATA[A space to write additional related information.]]></DESCRIPTION>
<!--0A649D79134842FC874894A11B91D1D1-->  <HELP><![CDATA[A description is limited to 255 characters.]]></HELP>
<!--0A649D79134842FC874894A11B91D1D1-->  <ISCENTRALLYMAINTAINED><![CDATA[Y]]></ISCENTRALLYMAINTAINED>
<!--0A649D79134842FC874894A11B91D1D1-->  <AD_TAB_ID><![CDATA[B475AD1D123C45D195D7C185775368E1]]></AD_TAB_ID>
<!--0A649D79134842FC874894A11B91D1D1-->  <AD_COLUMN_ID><![CDATA[C89F65D1B56E4035B9ABE5C13C0CDE02]]></AD_COLUMN_ID>
<!--0A649D79134842FC874894A11B91D1D1-->  <IGNOREINWAD><![CDATA[N]]></IGNOREINWAD>
<!--0A649D79134842FC874894A11B91D1D1-->  <ISDISPLAYED><![CDATA[N]]></ISDISPLAYED>
<!--0A649D79134842FC874894A11B91D1D1-->  <DISPLAYLENGTH><![CDATA[255]]></DISPLAYLENGTH>
<!--0A649D79134842FC874894A11B91D1D1-->  <ISREADONLY><![CDATA[N]]></ISREADONLY>
<!--0A649D79134842FC874894A11B91D1D1-->  <SEQNO><![CDATA[90]]></SEQNO>
<!--0A649D79134842FC874894A11B91D1D1-->  <ISSAMELINE><![CDATA[N]]></ISSAMELINE>
<!--0A649D79134842FC874894A11B91D1D1-->  <ISFIELDONLY><![CDATA[N]]></ISFIELDONLY>
<!--0A649D79134842FC874894A11B91D1D1-->  <ISENCRYPTED><![CDATA[N]]></ISENCRYPTED>
<!--0A649D79134842FC874894A11B91D1D1-->  <SHOWINRELATION><![CDATA[N]]></SHOWINRELATION>
<!--0A649D79134842FC874894A11B91D1D1-->  <ISFIRSTFOCUSEDFIELD><![CDATA[N]]></ISFIRSTFOCUSEDFIELD>
<!--0A649D79134842FC874894A11B91D1D1-->  <AD_MODULE_ID><![CDATA[F2E7A973F06D438B85FFFB96E69670D4]]></AD_MODULE_ID>
<!--0A649D79134842FC874894A11B91D1D1-->  <STARTINODDCOLUMN><![CDATA[N]]></STARTINODDCOLUMN>
<!--0A649D79134842FC874894A11B91D1D1-->  <STARTNEWLINE><![CDATA[N]]></STARTNEWLINE>
<!--0A649D79134842FC874894A11B91D1D1-->  <ISSHOWNINSTATUSBAR><![CDATA[N]]></ISSHOWNINSTATUSBAR>
<!--0A649D79134842FC874894A11B91D1D1-->  <EM_OBUIAPP_SHOWSUMMARY><![CDATA[N]]></EM_OBUIAPP_SHOWSUMMARY>
<!--0A649D79134842FC874894A11B91D1D1--></AD_FIELD>

<!--1157E786FFEE4656AE4B24562AFEB0EE--><AD_FIELD>
<!--1157E786FFEE4656AE4B24562AFEB0EE-->  <AD_FIELD_ID><![CDATA[1157E786FFEE4656AE4B24562AFEB0EE]]></AD_FIELD_ID>
<!--1157E786FFEE4656AE4B24562AFEB0EE-->  <AD_CLIENT_ID><![CDATA[0]]></AD_CLIENT_ID>
<!--1157E786FFEE4656AE4B24562AFEB0EE-->  <AD_ORG_ID><![CDATA[0]]></AD_ORG_ID>
<!--1157E786FFEE4656AE4B24562AFEB0EE-->  <ISACTIVE><![CDATA[Y]]></ISACTIVE>
<!--1157E786FFEE4656AE4B24562AFEB0EE-->  <NAME><![CDATA[Active]]></NAME>
<!--1157E786FFEE4656AE4B24562AFEB0EE-->  <DESCRIPTION><![CDATA[A flag indicating whether this record is available for use or de-activated.]]></DESCRIPTION>
<!--1157E786FFEE4656AE4B24562AFEB0EE-->  <HELP><![CDATA[There are two methods of making records unavailable in the system: One is to delete the record, the other is to de-activate the record. A de-activated record is not available for selection, but available for reporting. There are two reasons for de-activating and not deleting records: 
(1) The system requires the record for auditing purposes.
(2) The record is referenced by other records. E.g., you cannot delete a Business Partner, if there are existing invoices for it. By de-activating the Business Partner you prevent it from being used in future transactions.]]></HELP>
<!--1157E786FFEE4656AE4B24562AFEB0EE-->  <ISCENTRALLYMAINTAINED><![CDATA[Y]]></ISCENTRALLYMAINTAINED>
<!--1157E786FFEE4656AE4B24562AFEB0EE-->  <AD_TAB_ID><![CDATA[2E75707913FA405A84A01F44C51F1CAD]]></AD_TAB_ID>
<!--1157E786FFEE4656AE4B24562AFEB0EE-->  <AD_COLUMN_ID><![CDATA[DC7EC766649E4C6E899805CDC43D781D]]></AD_COLUMN_ID>
<!--1157E786FFEE4656AE4B24562AFEB0EE-->  <IGNOREINWAD><![CDATA[N]]></IGNOREINWAD>
<!--1157E786FFEE4656AE4B24562AFEB0EE-->  <ISDISPLAYED><![CDATA[Y]]></ISDISPLAYED>
<!--1157E786FFEE4656AE4B24562AFEB0EE-->  <DISPLAYLENGTH><![CDATA[1]]></DISPLAYLENGTH>
<!--1157E786FFEE4656AE4B24562AFEB0EE-->  <ISREADONLY><![CDATA[N]]></ISREADONLY>
<!--1157E786FFEE4656AE4B24562AFEB0EE-->  <SEQNO><![CDATA[60]]></SEQNO>
<!--1157E786FFEE4656AE4B24562AFEB0EE-->  <ISSAMELINE><![CDATA[N]]></ISSAMELINE>
<!--1157E786FFEE4656AE4B24562AFEB0EE-->  <ISFIELDONLY><![CDATA[N]]></ISFIELDONLY>
<!--1157E786FFEE4656AE4B24562AFEB0EE-->  <ISENCRYPTED><![CDATA[N]]></ISENCRYPTED>
<!--1157E786FFEE4656AE4B24562AFEB0EE-->  <SHOWINRELATION><![CDATA[N]]></SHOWINRELATION>
<!--1157E786FFEE4656AE4B24562AFEB0EE-->  <ISFIRSTFOCUSEDFIELD><![CDATA[N]]></ISFIRSTFOCUSEDFIELD>
<!--1157E786FFEE4656AE4B24562AFEB0EE-->  <AD_MODULE_ID><![CDATA[F2E7A973F06D438B85FFFB96E69670D4]]></AD_MODULE_ID>
<!--1157E786FFEE4656AE4B24562AFEB0EE-->  <STARTINODDCOLUMN><![CDATA[N]]></STARTINODDCOLUMN>
<!--1157E786FFEE4656AE4B24562AFEB0EE-->  <STARTNEWLINE><![CDATA[N]]></STARTNEWLINE>
<!--1157E786FFEE4656AE4B24562AFEB0EE-->  <ISSHOWNINSTATUSBAR><![CDATA[N]]></ISSHOWNINSTATUSBAR>
<!--1157E786FFEE4656AE4B24562AFEB0EE-->  <EM_OBUIAPP_SHOWSUMMARY><![CDATA[N]]></EM_OBUIAPP_SHOWSUMMARY>
<!--1157E786FFEE4656AE4B24562AFEB0EE--></AD_FIELD>

<!--154A85D2D00040BBB8C47455DB81AE88--><AD_FIELD>
<!--154A85D2D00040BBB8C47455DB81AE88-->  <AD_FIELD_ID><![CDATA[154A85D2D00040BBB8C47455DB81AE88]]></AD_FIELD_ID>
<!--154A85D2D00040BBB8C47455DB81AE88-->  <AD_CLIENT_ID><![CDATA[0]]></AD_CLIENT_ID>
<!--154A85D2D00040BBB8C47455DB81AE88-->  <AD_ORG_ID><![CDATA[0]]></AD_ORG_ID>
<!--154A85D2D00040BBB8C47455DB81AE88-->  <ISACTIVE><![CDATA[Y]]></ISACTIVE>
<!--154A85D2D00040BBB8C47455DB81AE88-->  <NAME><![CDATA[orgName]]></NAME>
<!--154A85D2D00040BBB8C47455DB81AE88-->  <ISCENTRALLYMAINTAINED><![CDATA[Y]]></ISCENTRALLYMAINTAINED>
<!--154A85D2D00040BBB8C47455DB81AE88-->  <AD_TAB_ID><![CDATA[011E7E825FF64D9C8346E94165C4CB4E]]></AD_TAB_ID>
<!--154A85D2D00040BBB8C47455DB81AE88-->  <AD_COLUMN_ID><![CDATA[A201C75AD70C4B26B4F09BFC28AC85FF]]></AD_COLUMN_ID>
<!--154A85D2D00040BBB8C47455DB81AE88-->  <IGNOREINWAD><![CDATA[N]]></IGNOREINWAD>
<!--154A85D2D00040BBB8C47455DB81AE88-->  <ISDISPLAYED><![CDATA[Y]]></ISDISPLAYED>
<!--154A85D2D00040BBB8C47455DB81AE88-->  <DISPLAYLENGTH><![CDATA[60]]></DISPLAYLENGTH>
<!--154A85D2D00040BBB8C47455DB81AE88-->  <ISREADONLY><![CDATA[N]]></ISREADONLY>
<!--154A85D2D00040BBB8C47455DB81AE88-->  <SEQNO><![CDATA[10]]></SEQNO>
<!--154A85D2D00040BBB8C47455DB81AE88-->  <ISSAMELINE><![CDATA[N]]></ISSAMELINE>
<!--154A85D2D00040BBB8C47455DB81AE88-->  <ISFIELDONLY><![CDATA[N]]></ISFIELDONLY>
<!--154A85D2D00040BBB8C47455DB81AE88-->  <ISENCRYPTED><![CDATA[N]]></ISENCRYPTED>
<!--154A85D2D00040BBB8C47455DB81AE88-->  <SHOWINRELATION><![CDATA[Y]]></SHOWINRELATION>
<!--154A85D2D00040BBB8C47455DB81AE88-->  <ISFIRSTFOCUSEDFIELD><![CDATA[N]]></ISFIRSTFOCUSEDFIELD>
<!--154A85D2D00040BBB8C47455DB81AE88-->  <AD_MODULE_ID><![CDATA[F2E7A973F06D438B85FFFB96E69670D4]]></AD_MODULE_ID>
<!--154A85D2D00040BBB8C47455DB81AE88-->  <STARTINODDCOLUMN><![CDATA[N]]></STARTINODDCOLUMN>
<!--154A85D2D00040BBB8C47455DB81AE88-->  <STARTNEWLINE><![CDATA[N]]></STARTNEWLINE>
<!--154A85D2D00040BBB8C47455DB81AE88-->  <ISSHOWNINSTATUSBAR><![CDATA[N]]></ISSHOWNINSTATUSBAR>
<!--154A85D2D00040BBB8C47455DB81AE88-->  <EM_OBUIAPP_SHOWSUMMARY><![CDATA[N]]></EM_OBUIAPP_SHOWSUMMARY>
<!--154A85D2D00040BBB8C47455DB81AE88--></AD_FIELD>

<!--20D99CCD643245C9A1EB64A7ABFEA54A--><AD_FIELD>
<!--20D99CCD643245C9A1EB64A7ABFEA54A-->  <AD_FIELD_ID><![CDATA[20D99CCD643245C9A1EB64A7ABFEA54A]]></AD_FIELD_ID>
<!--20D99CCD643245C9A1EB64A7ABFEA54A-->  <AD_CLIENT_ID><![CDATA[0]]></AD_CLIENT_ID>
<!--20D99CCD643245C9A1EB64A7ABFEA54A-->  <AD_ORG_ID><![CDATA[0]]></AD_ORG_ID>
<!--20D99CCD643245C9A1EB64A7ABFEA54A-->  <ISACTIVE><![CDATA[Y]]></ISACTIVE>
<!--20D99CCD643245C9A1EB64A7ABFEA54A-->  <NAME><![CDATA[ID]]></NAME>
<!--20D99CCD643245C9A1EB64A7ABFEA54A-->  <DESCRIPTION><![CDATA[Identifies a record univocally]]></DESCRIPTION>
<!--20D99CCD643245C9A1EB64A7ABFEA54A-->  <HELP><![CDATA[Identifies a record univocally]]></HELP>
<!--20D99CCD643245C9A1EB64A7ABFEA54A-->  <ISCENTRALLYMAINTAINED><![CDATA[Y]]></ISCENTRALLYMAINTAINED>
<!--20D99CCD643245C9A1EB64A7ABFEA54A-->  <AD_TAB_ID><![CDATA[37D7B72992704638AF9FFD5006AAE7AA]]></AD_TAB_ID>
<!--20D99CCD643245C9A1EB64A7ABFEA54A-->  <AD_COLUMN_ID><![CDATA[79AA4683FACC4F9CA50FC4BD99167516]]></AD_COLUMN_ID>
<!--20D99CCD643245C9A1EB64A7ABFEA54A-->  <IGNOREINWAD><![CDATA[N]]></IGNOREINWAD>
<!--20D99CCD643245C9A1EB64A7ABFEA54A-->  <ISDISPLAYED><![CDATA[Y]]></ISDISPLAYED>
<!--20D99CCD643245C9A1EB64A7ABFEA54A-->  <DISPLAYLENGTH><![CDATA[0]]></DISPLAYLENGTH>
<!--20D99CCD643245C9A1EB64A7ABFEA54A-->  <ISREADONLY><![CDATA[N]]></ISREADONLY>
<!--20D99CCD643245C9A1EB64A7ABFEA54A-->  <SEQNO><![CDATA[10]]></SEQNO>
<!--20D99CCD643245C9A1EB64A7ABFEA54A-->  <ISSAMELINE><![CDATA[N]]></ISSAMELINE>
<!--20D99CCD643245C9A1EB64A7ABFEA54A-->  <ISFIELDONLY><![CDATA[N]]></ISFIELDONLY>
<!--20D99CCD643245C9A1EB64A7ABFEA54A-->  <ISENCRYPTED><![CDATA[N]]></ISENCRYPTED>
<!--20D99CCD643245C9A1EB64A7ABFEA54A-->  <SHOWINRELATION><![CDATA[N]]></SHOWINRELATION>
<!--20D99CCD643245C9A1EB64A7ABFEA54A-->  <ISFIRSTFOCUSEDFIELD><![CDATA[N]]></ISFIRSTFOCUSEDFIELD>
<!--20D99CCD643245C9A1EB64A7ABFEA54A-->  <AD_MODULE_ID><![CDATA[F2E7A973F06D438B85FFFB96E69670D4]]></AD_MODULE_ID>
<!--20D99CCD643245C9A1EB64A7ABFEA54A-->  <STARTINODDCOLUMN><![CDATA[N]]></STARTINODDCOLUMN>
<!--20D99CCD643245C9A1EB64A7ABFEA54A-->  <STARTNEWLINE><![CDATA[N]]></STARTNEWLINE>
<!--20D99CCD643245C9A1EB64A7ABFEA54A-->  <ISSHOWNINSTATUSBAR><![CDATA[N]]></ISSHOWNINSTATUSBAR>
<!--20D99CCD643245C9A1EB64A7ABFEA54A-->  <EM_OBUIAPP_SHOWSUMMARY><![CDATA[N]]></EM_OBUIAPP_SHOWSUMMARY>
<!--20D99CCD643245C9A1EB64A7ABFEA54A--></AD_FIELD>

<!--2ABBCA71A8D544BCA114F2FD534989BC--><AD_FIELD>
<!--2ABBCA71A8D544BCA114F2FD534989BC-->  <AD_FIELD_ID><![CDATA[2ABBCA71A8D544BCA114F2FD534989BC]]></AD_FIELD_ID>
<!--2ABBCA71A8D544BCA114F2FD534989BC-->  <AD_CLIENT_ID><![CDATA[0]]></AD_CLIENT_ID>
<!--2ABBCA71A8D544BCA114F2FD534989BC-->  <AD_ORG_ID><![CDATA[0]]></AD_ORG_ID>
<!--2ABBCA71A8D544BCA114F2FD534989BC-->  <ISACTIVE><![CDATA[Y]]></ISACTIVE>
<!--2ABBCA71A8D544BCA114F2FD534989BC-->  <NAME><![CDATA[Organization]]></NAME>
<!--2ABBCA71A8D544BCA114F2FD534989BC-->  <DESCRIPTION><![CDATA[Organizational entity within client]]></DESCRIPTION>
<!--2ABBCA71A8D544BCA114F2FD534989BC-->  <HELP><![CDATA[An organization is a unit of your client or legal entity - examples are store, department. You can share data between organizations.]]></HELP>
<!--2ABBCA71A8D544BCA114F2FD534989BC-->  <ISCENTRALLYMAINTAINED><![CDATA[Y]]></ISCENTRALLYMAINTAINED>
<!--2ABBCA71A8D544BCA114F2FD534989BC-->  <AD_TAB_ID><![CDATA[B475AD1D123C45D195D7C185775368E1]]></AD_TAB_ID>
<!--2ABBCA71A8D544BCA114F2FD534989BC-->  <AD_COLUMN_ID><![CDATA[B891164C5468457B951CE2F94CD95835]]></AD_COLUMN_ID>
<!--2ABBCA71A8D544BCA114F2FD534989BC-->  <IGNOREINWAD><![CDATA[N]]></IGNOREINWAD>
<!--2ABBCA71A8D544BCA114F2FD534989BC-->  <ISDISPLAYED><![CDATA[Y]]></ISDISPLAYED>
<!--2ABBCA71A8D544BCA114F2FD534989BC-->  <DISPLAYLENGTH><![CDATA[0]]></DISPLAYLENGTH>
<!--2ABBCA71A8D544BCA114F2FD534989BC-->  <ISREADONLY><![CDATA[N]]></ISREADONLY>
<!--2ABBCA71A8D544BCA114F2FD534989BC-->  <SEQNO><![CDATA[10]]></SEQNO>
<!--2ABBCA71A8D544BCA114F2FD534989BC-->  <ISSAMELINE><![CDATA[N]]></ISSAMELINE>
<!--2ABBCA71A8D544BCA114F2FD534989BC-->  <ISFIELDONLY><![CDATA[N]]></ISFIELDONLY>
<!--2ABBCA71A8D544BCA114F2FD534989BC-->  <ISENCRYPTED><![CDATA[N]]></ISENCRYPTED>
<!--2ABBCA71A8D544BCA114F2FD534989BC-->  <SHOWINRELATION><![CDATA[Y]]></SHOWINRELATION>
<!--2ABBCA71A8D544BCA114F2FD534989BC-->  <ISFIRSTFOCUSEDFIELD><![CDATA[N]]></ISFIRSTFOCUSEDFIELD>
<!--2ABBCA71A8D544BCA114F2FD534989BC-->  <AD_MODULE_ID><![CDATA[F2E7A973F06D438B85FFFB96E69670D4]]></AD_MODULE_ID>
<!--2ABBCA71A8D544BCA114F2FD534989BC-->  <GRID_SEQNO><![CDATA[10]]></GRID_SEQNO>
<!--2ABBCA71A8D544BCA114F2FD534989BC-->  <STARTINODDCOLUMN><![CDATA[N]]></STARTINODDCOLUMN>
<!--2ABBCA71A8D544BCA114F2FD534989BC-->  <STARTNEWLINE><![CDATA[N]]></STARTNEWLINE>
<!--2ABBCA71A8D544BCA114F2FD534989BC-->  <ISSHOWNINSTATUSBAR><![CDATA[N]]></ISSHOWNINSTATUSBAR>
<!--2ABBCA71A8D544BCA114F2FD534989BC-->  <EM_OBUIAPP_SHOWSUMMARY><![CDATA[N]]></EM_OBUIAPP_SHOWSUMMARY>
<!--2ABBCA71A8D544BCA114F2FD534989BC--></AD_FIELD>

<!--2AF5FF04A802440F8DAFF23FE2FC916F--><AD_FIELD>
<!--2AF5FF04A802440F8DAFF23FE2FC916F-->  <AD_FIELD_ID><![CDATA[2AF5FF04A802440F8DAFF23FE2FC916F]]></AD_FIELD_ID>
<!--2AF5FF04A802440F8DAFF23FE2FC916F-->  <AD_CLIENT_ID><![CDATA[0]]></AD_CLIENT_ID>
<!--2AF5FF04A802440F8DAFF23FE2FC916F-->  <AD_ORG_ID><![CDATA[0]]></AD_ORG_ID>
<!--2AF5FF04A802440F8DAFF23FE2FC916F-->  <ISACTIVE><![CDATA[Y]]></ISACTIVE>
<!--2AF5FF04A802440F8DAFF23FE2FC916F-->  <NAME><![CDATA[Event Handler]]></NAME>
<!--2AF5FF04A802440F8DAFF23FE2FC916F-->  <DESCRIPTION><![CDATA[The class name that implements an event handler logic]]></DESCRIPTION>
<!--2AF5FF04A802440F8DAFF23FE2FC916F-->  <HELP><![CDATA[The class name that implements an event handler logic]]></HELP>
<!--2AF5FF04A802440F8DAFF23FE2FC916F-->  <ISCENTRALLYMAINTAINED><![CDATA[Y]]></ISCENTRALLYMAINTAINED>
<!--2AF5FF04A802440F8DAFF23FE2FC916F-->  <AD_TAB_ID><![CDATA[1A86F42350FF40CEAB1CA888B611BF34]]></AD_TAB_ID>
<!--2AF5FF04A802440F8DAFF23FE2FC916F-->  <AD_COLUMN_ID><![CDATA[F1F29C580579482E805999AF893E333F]]></AD_COLUMN_ID>
<!--2AF5FF04A802440F8DAFF23FE2FC916F-->  <IGNOREINWAD><![CDATA[N]]></IGNOREINWAD>
<!--2AF5FF04A802440F8DAFF23FE2FC916F-->  <ISDISPLAYED><![CDATA[Y]]></ISDISPLAYED>
<!--2AF5FF04A802440F8DAFF23FE2FC916F-->  <DISPLAYLENGTH><![CDATA[200]]></DISPLAYLENGTH>
<!--2AF5FF04A802440F8DAFF23FE2FC916F-->  <ISREADONLY><![CDATA[N]]></ISREADONLY>
<!--2AF5FF04A802440F8DAFF23FE2FC916F-->  <SEQNO><![CDATA[10]]></SEQNO>
<!--2AF5FF04A802440F8DAFF23FE2FC916F-->  <ISSAMELINE><![CDATA[N]]></ISSAMELINE>
<!--2AF5FF04A802440F8DAFF23FE2FC916F-->  <ISFIELDONLY><![CDATA[N]]></ISFIELDONLY>
<!--2AF5FF04A802440F8DAFF23FE2FC916F-->  <ISENCRYPTED><![CDATA[N]]></ISENCRYPTED>
<!--2AF5FF04A802440F8DAFF23FE2FC916F-->  <SHOWINRELATION><![CDATA[Y]]></SHOWINRELATION>
<!--2AF5FF04A802440F8DAFF23FE2FC916F-->  <ISFIRSTFOCUSEDFIELD><![CDATA[N]]></ISFIRSTFOCUSEDFIELD>
<!--2AF5FF04A802440F8DAFF23FE2FC916F-->  <AD_MODULE_ID><![CDATA[F2E7A973F06D438B85FFFB96E69670D4]]></AD_MODULE_ID>
<!--2AF5FF04A802440F8DAFF23FE2FC916F-->  <STARTINODDCOLUMN><![CDATA[N]]></STARTINODDCOLUMN>
<!--2AF5FF04A802440F8DAFF23FE2FC916F-->  <STARTNEWLINE><![CDATA[N]]></STARTNEWLINE>
<!--2AF5FF04A802440F8DAFF23FE2FC916F-->  <ISSHOWNINSTATUSBAR><![CDATA[N]]></ISSHOWNINSTATUSBAR>
<!--2AF5FF04A802440F8DAFF23FE2FC916F-->  <EM_OBUIAPP_SHOWSUMMARY><![CDATA[N]]></EM_OBUIAPP_SHOWSUMMARY>
<!--2AF5FF04A802440F8DAFF23FE2FC916F--></AD_FIELD>

<!--2CB9AB8D239E4932B1272021712C2A5B--><AD_FIELD>
<!--2CB9AB8D239E4932B1272021712C2A5B-->  <AD_FIELD_ID><![CDATA[2CB9AB8D239E4932B1272021712C2A5B]]></AD_FIELD_ID>
<!--2CB9AB8D239E4932B1272021712C2A5B-->  <AD_CLIENT_ID><![CDATA[0]]></AD_CLIENT_ID>
<!--2CB9AB8D239E4932B1272021712C2A5B-->  <AD_ORG_ID><![CDATA[0]]></AD_ORG_ID>
<!--2CB9AB8D239E4932B1272021712C2A5B-->  <ISACTIVE><![CDATA[Y]]></ISACTIVE>
<!--2CB9AB8D239E4932B1272021712C2A5B-->  <NAME><![CDATA[Active]]></NAME>
<!--2CB9AB8D239E4932B1272021712C2A5B-->  <ISCENTRALLYMAINTAINED><![CDATA[Y]]></ISCENTRALLYMAINTAINED>
<!--2CB9AB8D239E4932B1272021712C2A5B-->  <AD_TAB_ID><![CDATA[B475AD1D123C45D195D7C185775368E1]]></AD_TAB_ID>
<!--2CB9AB8D239E4932B1272021712C2A5B-->  <AD_COLUMN_ID><![CDATA[21D00BB1C53440FDB92064ABDBD8ED50]]></AD_COLUMN_ID>
<!--2CB9AB8D239E4932B1272021712C2A5B-->  <IGNOREINWAD><![CDATA[N]]></IGNOREINWAD>
<!--2CB9AB8D239E4932B1272021712C2A5B-->  <ISDISPLAYED><![CDATA[Y]]></ISDISPLAYED>
<!--2CB9AB8D239E4932B1272021712C2A5B-->  <DISPLAYLENGTH><![CDATA[1]]></DISPLAYLENGTH>
<!--2CB9AB8D239E4932B1272021712C2A5B-->  <ISREADONLY><![CDATA[N]]></ISREADONLY>
<!--2CB9AB8D239E4932B1272021712C2A5B-->  <SEQNO><![CDATA[70]]></SEQNO>
<!--2CB9AB8D239E4932B1272021712C2A5B-->  <ISSAMELINE><![CDATA[N]]></ISSAMELINE>
<!--2CB9AB8D239E4932B1272021712C2A5B-->  <ISFIELDONLY><![CDATA[N]]></ISFIELDONLY>
<!--2CB9AB8D239E4932B1272021712C2A5B-->  <ISENCRYPTED><![CDATA[N]]></ISENCRYPTED>
<!--2CB9AB8D239E4932B1272021712C2A5B-->  <SHOWINRELATION><![CDATA[Y]]></SHOWINRELATION>
<!--2CB9AB8D239E4932B1272021712C2A5B-->  <ISFIRSTFOCUSEDFIELD><![CDATA[N]]></ISFIRSTFOCUSEDFIELD>
<!--2CB9AB8D239E4932B1272021712C2A5B-->  <AD_MODULE_ID><![CDATA[F2E7A973F06D438B85FFFB96E69670D4]]></AD_MODULE_ID>
<!--2CB9AB8D239E4932B1272021712C2A5B-->  <GRID_SEQNO><![CDATA[70]]></GRID_SEQNO>
<!--2CB9AB8D239E4932B1272021712C2A5B-->  <STARTINODDCOLUMN><![CDATA[N]]></STARTINODDCOLUMN>
<!--2CB9AB8D239E4932B1272021712C2A5B-->  <STARTNEWLINE><![CDATA[N]]></STARTNEWLINE>
<!--2CB9AB8D239E4932B1272021712C2A5B-->  <ISSHOWNINSTATUSBAR><![CDATA[N]]></ISSHOWNINSTATUSBAR>
<!--2CB9AB8D239E4932B1272021712C2A5B-->  <EM_OBUIAPP_SHOWSUMMARY><![CDATA[N]]></EM_OBUIAPP_SHOWSUMMARY>
<!--2CB9AB8D239E4932B1272021712C2A5B--></AD_FIELD>

<!--36047378D0AA402AB97717978FFA09E7--><AD_FIELD>
<!--36047378D0AA402AB97717978FFA09E7-->  <AD_FIELD_ID><![CDATA[36047378D0AA402AB97717978FFA09E7]]></AD_FIELD_ID>
<!--36047378D0AA402AB97717978FFA09E7-->  <AD_CLIENT_ID><![CDATA[0]]></AD_CLIENT_ID>
<!--36047378D0AA402AB97717978FFA09E7-->  <AD_ORG_ID><![CDATA[0]]></AD_ORG_ID>
<!--36047378D0AA402AB97717978FFA09E7-->  <ISACTIVE><![CDATA[Y]]></ISACTIVE>
<!--36047378D0AA402AB97717978FFA09E7-->  <NAME><![CDATA[Salary]]></NAME>
<!--36047378D0AA402AB97717978FFA09E7-->  <ISCENTRALLYMAINTAINED><![CDATA[Y]]></ISCENTRALLYMAINTAINED>
<!--36047378D0AA402AB97717978FFA09E7-->  <AD_TAB_ID><![CDATA[2E75707913FA405A84A01F44C51F1CAD]]></AD_TAB_ID>
<!--36047378D0AA402AB97717978FFA09E7-->  <AD_COLUMN_ID><![CDATA[B497C43325AE43CEA8AF37F00B58A7AF]]></AD_COLUMN_ID>
<!--36047378D0AA402AB97717978FFA09E7-->  <IGNOREINWAD><![CDATA[N]]></IGNOREINWAD>
<!--36047378D0AA402AB97717978FFA09E7-->  <ISDISPLAYED><![CDATA[Y]]></ISDISPLAYED>
<!--36047378D0AA402AB97717978FFA09E7-->  <DISPLAYLENGTH><![CDATA[12]]></DISPLAYLENGTH>
<!--36047378D0AA402AB97717978FFA09E7-->  <ISREADONLY><![CDATA[N]]></ISREADONLY>
<!--36047378D0AA402AB97717978FFA09E7-->  <SEQNO><![CDATA[40]]></SEQNO>
<!--36047378D0AA402AB97717978FFA09E7-->  <ISSAMELINE><![CDATA[N]]></ISSAMELINE>
<!--36047378D0AA402AB97717978FFA09E7-->  <ISFIELDONLY><![CDATA[N]]></ISFIELDONLY>
<!--36047378D0AA402AB97717978FFA09E7-->  <ISENCRYPTED><![CDATA[N]]></ISENCRYPTED>
<!--36047378D0AA402AB97717978FFA09E7-->  <SHOWINRELATION><![CDATA[Y]]></SHOWINRELATION>
<!--36047378D0AA402AB97717978FFA09E7-->  <ISFIRSTFOCUSEDFIELD><![CDATA[N]]></ISFIRSTFOCUSEDFIELD>
<!--36047378D0AA402AB97717978FFA09E7-->  <AD_MODULE_ID><![CDATA[F2E7A973F06D438B85FFFB96E69670D4]]></AD_MODULE_ID>
<!--36047378D0AA402AB97717978FFA09E7-->  <STARTINODDCOLUMN><![CDATA[N]]></STARTINODDCOLUMN>
<!--36047378D0AA402AB97717978FFA09E7-->  <STARTNEWLINE><![CDATA[N]]></STARTNEWLINE>
<!--36047378D0AA402AB97717978FFA09E7-->  <ISSHOWNINSTATUSBAR><![CDATA[N]]></ISSHOWNINSTATUSBAR>
<!--36047378D0AA402AB97717978FFA09E7-->  <EM_OBUIAPP_SHOWSUMMARY><![CDATA[N]]></EM_OBUIAPP_SHOWSUMMARY>
<!--36047378D0AA402AB97717978FFA09E7--></AD_FIELD>

<!--4F0762E017394106A2276E5DBB87F454--><AD_FIELD>
<!--4F0762E017394106A2276E5DBB87F454-->  <AD_FIELD_ID><![CDATA[4F0762E017394106A2276E5DBB87F454]]></AD_FIELD_ID>
<!--4F0762E017394106A2276E5DBB87F454-->  <AD_CLIENT_ID><![CDATA[0]]></AD_CLIENT_ID>
<!--4F0762E017394106A2276E5DBB87F454-->  <AD_ORG_ID><![CDATA[0]]></AD_ORG_ID>
<!--4F0762E017394106A2276E5DBB87F454-->  <ISACTIVE><![CDATA[Y]]></ISACTIVE>
<!--4F0762E017394106A2276E5DBB87F454-->  <NAME><![CDATA[Reports_To]]></NAME>
<!--4F0762E017394106A2276E5DBB87F454-->  <ISCENTRALLYMAINTAINED><![CDATA[Y]]></ISCENTRALLYMAINTAINED>
<!--4F0762E017394106A2276E5DBB87F454-->  <AD_TAB_ID><![CDATA[2E75707913FA405A84A01F44C51F1CAD]]></AD_TAB_ID>
<!--4F0762E017394106A2276E5DBB87F454-->  <AD_COLUMN_ID><![CDATA[AA92385EDB25488291CB30F9A45B4D62]]></AD_COLUMN_ID>
<!--4F0762E017394106A2276E5DBB87F454-->  <IGNOREINWAD><![CDATA[N]]></IGNOREINWAD>
<!--4F0762E017394106A2276E5DBB87F454-->  <ISDISPLAYED><![CDATA[Y]]></ISDISPLAYED>
<!--4F0762E017394106A2276E5DBB87F454-->  <DISPLAYLENGTH><![CDATA[32]]></DISPLAYLENGTH>
<!--4F0762E017394106A2276E5DBB87F454-->  <ISREADONLY><![CDATA[N]]></ISREADONLY>
<!--4F0762E017394106A2276E5DBB87F454-->  <SEQNO><![CDATA[50]]></SEQNO>
<!--4F0762E017394106A2276E5DBB87F454-->  <ISSAMELINE><![CDATA[N]]></ISSAMELINE>
<!--4F0762E017394106A2276E5DBB87F454-->  <ISFIELDONLY><![CDATA[N]]></ISFIELDONLY>
<!--4F0762E017394106A2276E5DBB87F454-->  <ISENCRYPTED><![CDATA[N]]></ISENCRYPTED>
<!--4F0762E017394106A2276E5DBB87F454-->  <SHOWINRELATION><![CDATA[Y]]></SHOWINRELATION>
<!--4F0762E017394106A2276E5DBB87F454-->  <ISFIRSTFOCUSEDFIELD><![CDATA[N]]></ISFIRSTFOCUSEDFIELD>
<!--4F0762E017394106A2276E5DBB87F454-->  <AD_MODULE_ID><![CDATA[F2E7A973F06D438B85FFFB96E69670D4]]></AD_MODULE_ID>
<!--4F0762E017394106A2276E5DBB87F454-->  <STARTINODDCOLUMN><![CDATA[N]]></STARTINODDCOLUMN>
<!--4F0762E017394106A2276E5DBB87F454-->  <STARTNEWLINE><![CDATA[N]]></STARTNEWLINE>
<!--4F0762E017394106A2276E5DBB87F454-->  <ISSHOWNINSTATUSBAR><![CDATA[N]]></ISSHOWNINSTATUSBAR>
<!--4F0762E017394106A2276E5DBB87F454-->  <EM_OBUIAPP_SHOWSUMMARY><![CDATA[N]]></EM_OBUIAPP_SHOWSUMMARY>
<!--4F0762E017394106A2276E5DBB87F454--></AD_FIELD>

<!--596A514040F6431E90F1C8DED69FACF9--><AD_FIELD>
<!--596A514040F6431E90F1C8DED69FACF9-->  <AD_FIELD_ID><![CDATA[596A514040F6431E90F1C8DED69FACF9]]></AD_FIELD_ID>
<!--596A514040F6431E90F1C8DED69FACF9-->  <AD_CLIENT_ID><![CDATA[0]]></AD_CLIENT_ID>
<!--596A514040F6431E90F1C8DED69FACF9-->  <AD_ORG_ID><![CDATA[0]]></AD_ORG_ID>
<!--596A514040F6431E90F1C8DED69FACF9-->  <ISACTIVE><![CDATA[Y]]></ISACTIVE>
<!--596A514040F6431E90F1C8DED69FACF9-->  <NAME><![CDATA[Obpf_Employee_ID]]></NAME>
<!--596A514040F6431E90F1C8DED69FACF9-->  <ISCENTRALLYMAINTAINED><![CDATA[Y]]></ISCENTRALLYMAINTAINED>
<!--596A514040F6431E90F1C8DED69FACF9-->  <AD_TAB_ID><![CDATA[2E75707913FA405A84A01F44C51F1CAD]]></AD_TAB_ID>
<!--596A514040F6431E90F1C8DED69FACF9-->  <AD_COLUMN_ID><![CDATA[4385CF35FCEF4D91AAEB9BBA29D5F112]]></AD_COLUMN_ID>
<!--596A514040F6431E90F1C8DED69FACF9-->  <IGNOREINWAD><![CDATA[N]]></IGNOREINWAD>
<!--596A514040F6431E90F1C8DED69FACF9-->  <ISDISPLAYED><![CDATA[N]]></ISDISPLAYED>
<!--596A514040F6431E90F1C8DED69FACF9-->  <DISPLAYLENGTH><![CDATA[32]]></DISPLAYLENGTH>
<!--596A514040F6431E90F1C8DED69FACF9-->  <ISREADONLY><![CDATA[N]]></ISREADONLY>
<!--596A514040F6431E90F1C8DED69FACF9-->  <ISSAMELINE><![CDATA[N]]></ISSAMELINE>
<!--596A514040F6431E90F1C8DED69FACF9-->  <ISFIELDONLY><![CDATA[N]]></ISFIELDONLY>
<!--596A514040F6431E90F1C8DED69FACF9-->  <ISENCRYPTED><![CDATA[N]]></ISENCRYPTED>
<!--596A514040F6431E90F1C8DED69FACF9-->  <SHOWINRELATION><![CDATA[N]]></SHOWINRELATION>
<!--596A514040F6431E90F1C8DED69FACF9-->  <ISFIRSTFOCUSEDFIELD><![CDATA[N]]></ISFIRSTFOCUSEDFIELD>
<!--596A514040F6431E90F1C8DED69FACF9-->  <AD_MODULE_ID><![CDATA[F2E7A973F06D438B85FFFB96E69670D4]]></AD_MODULE_ID>
<!--596A514040F6431E90F1C8DED69FACF9-->  <STARTINODDCOLUMN><![CDATA[N]]></STARTINODDCOLUMN>
<!--596A514040F6431E90F1C8DED69FACF9-->  <STARTNEWLINE><![CDATA[N]]></STARTNEWLINE>
<!--596A514040F6431E90F1C8DED69FACF9-->  <ISSHOWNINSTATUSBAR><![CDATA[N]]></ISSHOWNINSTATUSBAR>
<!--596A514040F6431E90F1C8DED69FACF9-->  <EM_OBUIAPP_SHOWSUMMARY><![CDATA[N]]></EM_OBUIAPP_SHOWSUMMARY>
<!--596A514040F6431E90F1C8DED69FACF9--></AD_FIELD>

<!--5F9462E71B6B4E10BC3BB84EB8764652--><AD_FIELD>
<!--5F9462E71B6B4E10BC3BB84EB8764652-->  <AD_FIELD_ID><![CDATA[5F9462E71B6B4E10BC3BB84EB8764652]]></AD_FIELD_ID>
<!--5F9462E71B6B4E10BC3BB84EB8764652-->  <AD_CLIENT_ID><![CDATA[0]]></AD_CLIENT_ID>
<!--5F9462E71B6B4E10BC3BB84EB8764652-->  <AD_ORG_ID><![CDATA[0]]></AD_ORG_ID>
<!--5F9462E71B6B4E10BC3BB84EB8764652-->  <ISACTIVE><![CDATA[Y]]></ISACTIVE>
<!--5F9462E71B6B4E10BC3BB84EB8764652-->  <NAME><![CDATA[Absolute Time]]></NAME>
<!--5F9462E71B6B4E10BC3BB84EB8764652-->  <ISCENTRALLYMAINTAINED><![CDATA[Y]]></ISCENTRALLYMAINTAINED>
<!--5F9462E71B6B4E10BC3BB84EB8764652-->  <AD_TAB_ID><![CDATA[186]]></AD_TAB_ID>
<!--5F9462E71B6B4E10BC3BB84EB8764652-->  <AD_COLUMN_ID><![CDATA[AA163F3AE57241DF9ED216B03F4150F3]]></AD_COLUMN_ID>
<!--5F9462E71B6B4E10BC3BB84EB8764652-->  <IGNOREINWAD><![CDATA[N]]></IGNOREINWAD>
<!--5F9462E71B6B4E10BC3BB84EB8764652-->  <ISDISPLAYED><![CDATA[Y]]></ISDISPLAYED>
<!--5F9462E71B6B4E10BC3BB84EB8764652-->  <DISPLAYLENGTH><![CDATA[19]]></DISPLAYLENGTH>
<!--5F9462E71B6B4E10BC3BB84EB8764652-->  <ISREADONLY><![CDATA[N]]></ISREADONLY>
<!--5F9462E71B6B4E10BC3BB84EB8764652-->  <SEQNO><![CDATA[2080]]></SEQNO>
<!--5F9462E71B6B4E10BC3BB84EB8764652-->  <ISSAMELINE><![CDATA[N]]></ISSAMELINE>
<!--5F9462E71B6B4E10BC3BB84EB8764652-->  <ISFIELDONLY><![CDATA[N]]></ISFIELDONLY>
<!--5F9462E71B6B4E10BC3BB84EB8764652-->  <ISENCRYPTED><![CDATA[N]]></ISENCRYPTED>
<!--5F9462E71B6B4E10BC3BB84EB8764652-->  <SHOWINRELATION><![CDATA[Y]]></SHOWINRELATION>
<!--5F9462E71B6B4E10BC3BB84EB8764652-->  <ISFIRSTFOCUSEDFIELD><![CDATA[N]]></ISFIRSTFOCUSEDFIELD>
<!--5F9462E71B6B4E10BC3BB84EB8764652-->  <AD_MODULE_ID><![CDATA[F2E7A973F06D438B85FFFB96E69670D4]]></AD_MODULE_ID>
<!--5F9462E71B6B4E10BC3BB84EB8764652-->  <STARTINODDCOLUMN><![CDATA[N]]></STARTINODDCOLUMN>
<!--5F9462E71B6B4E10BC3BB84EB8764652-->  <STARTNEWLINE><![CDATA[Y]]></STARTNEWLINE>
<!--5F9462E71B6B4E10BC3BB84EB8764652-->  <ISSHOWNINSTATUSBAR><![CDATA[N]]></ISSHOWNINSTATUSBAR>
<!--5F9462E71B6B4E10BC3BB84EB8764652-->  <EM_OBUIAPP_SHOWSUMMARY><![CDATA[N]]></EM_OBUIAPP_SHOWSUMMARY>
<!--5F9462E71B6B4E10BC3BB84EB8764652--></AD_FIELD>

<!--625358E9754F43C8855BF2B7EA730259--><AD_FIELD>
<!--625358E9754F43C8855BF2B7EA730259-->  <AD_FIELD_ID><![CDATA[625358E9754F43C8855BF2B7EA730259]]></AD_FIELD_ID>
<!--625358E9754F43C8855BF2B7EA730259-->  <AD_CLIENT_ID><![CDATA[0]]></AD_CLIENT_ID>
<!--625358E9754F43C8855BF2B7EA730259-->  <AD_ORG_ID><![CDATA[0]]></AD_ORG_ID>
<!--625358E9754F43C8855BF2B7EA730259-->  <ISACTIVE><![CDATA[Y]]></ISACTIVE>
<!--625358E9754F43C8855BF2B7EA730259-->  <NAME><![CDATA[ID]]></NAME>
<!--625358E9754F43C8855BF2B7EA730259-->  <DESCRIPTION><![CDATA[Identifies a record univocally]]></DESCRIPTION>
<!--625358E9754F43C8855BF2B7EA730259-->  <HELP><![CDATA[Identifies a record univocally]]></HELP>
<!--625358E9754F43C8855BF2B7EA730259-->  <ISCENTRALLYMAINTAINED><![CDATA[Y]]></ISCENTRALLYMAINTAINED>
<!--625358E9754F43C8855BF2B7EA730259-->  <AD_TAB_ID><![CDATA[1A86F42350FF40CEAB1CA888B611BF34]]></AD_TAB_ID>
<!--625358E9754F43C8855BF2B7EA730259-->  <AD_COLUMN_ID><![CDATA[A4A67EC3C387490F971780621760A911]]></AD_COLUMN_ID>
<!--625358E9754F43C8855BF2B7EA730259-->  <IGNOREINWAD><![CDATA[N]]></IGNOREINWAD>
<!--625358E9754F43C8855BF2B7EA730259-->  <ISDISPLAYED><![CDATA[Y]]></ISDISPLAYED>
<!--625358E9754F43C8855BF2B7EA730259-->  <DISPLAYLENGTH><![CDATA[0]]></DISPLAYLENGTH>
<!--625358E9754F43C8855BF2B7EA730259-->  <ISREADONLY><![CDATA[N]]></ISREADONLY>
<!--625358E9754F43C8855BF2B7EA730259-->  <SEQNO><![CDATA[70]]></SEQNO>
<!--625358E9754F43C8855BF2B7EA730259-->  <ISSAMELINE><![CDATA[N]]></ISSAMELINE>
<!--625358E9754F43C8855BF2B7EA730259-->  <ISFIELDONLY><![CDATA[N]]></ISFIELDONLY>
<!--625358E9754F43C8855BF2B7EA730259-->  <ISENCRYPTED><![CDATA[N]]></ISENCRYPTED>
<!--625358E9754F43C8855BF2B7EA730259-->  <SHOWINRELATION><![CDATA[N]]></SHOWINRELATION>
<!--625358E9754F43C8855BF2B7EA730259-->  <ISFIRSTFOCUSEDFIELD><![CDATA[N]]></ISFIRSTFOCUSEDFIELD>
<!--625358E9754F43C8855BF2B7EA730259-->  <AD_MODULE_ID><![CDATA[F2E7A973F06D438B85FFFB96E69670D4]]></AD_MODULE_ID>
<!--625358E9754F43C8855BF2B7EA730259-->  <STARTINODDCOLUMN><![CDATA[N]]></STARTINODDCOLUMN>
<!--625358E9754F43C8855BF2B7EA730259-->  <STARTNEWLINE><![CDATA[N]]></STARTNEWLINE>
<!--625358E9754F43C8855BF2B7EA730259-->  <ISSHOWNINSTATUSBAR><![CDATA[N]]></ISSHOWNINSTATUSBAR>
<!--625358E9754F43C8855BF2B7EA730259-->  <EM_OBUIAPP_SHOWSUMMARY><![CDATA[N]]></EM_OBUIAPP_SHOWSUMMARY>
<!--625358E9754F43C8855BF2B7EA730259--></AD_FIELD>

<!--64A1DF41F84E4D068E5E4179E6B484DF--><AD_FIELD>
<!--64A1DF41F84E4D068E5E4179E6B484DF-->  <AD_FIELD_ID><![CDATA[64A1DF41F84E4D068E5E4179E6B484DF]]></AD_FIELD_ID>
<!--64A1DF41F84E4D068E5E4179E6B484DF-->  <AD_CLIENT_ID><![CDATA[0]]></AD_CLIENT_ID>
<!--64A1DF41F84E4D068E5E4179E6B484DF-->  <AD_ORG_ID><![CDATA[0]]></AD_ORG_ID>
<!--64A1DF41F84E4D068E5E4179E6B484DF-->  <ISACTIVE><![CDATA[Y]]></ISACTIVE>
<!--64A1DF41F84E4D068E5E4179E6B484DF-->  <NAME><![CDATA[Standard Precision]]></NAME>
<!--64A1DF41F84E4D068E5E4179E6B484DF-->  <DESCRIPTION><![CDATA[Rule for rounding  calculated amounts]]></DESCRIPTION>
<!--64A1DF41F84E4D068E5E4179E6B484DF-->  <HELP><![CDATA[The Standard Precision defines the number of decimal places that amounts will be rounded to for accounting transactions and documents.]]></HELP>
<!--64A1DF41F84E4D068E5E4179E6B484DF-->  <ISCENTRALLYMAINTAINED><![CDATA[Y]]></ISCENTRALLYMAINTAINED>
<!--64A1DF41F84E4D068E5E4179E6B484DF-->  <AD_TAB_ID><![CDATA[B475AD1D123C45D195D7C185775368E1]]></AD_TAB_ID>
<!--64A1DF41F84E4D068E5E4179E6B484DF-->  <AD_COLUMN_ID><![CDATA[F76CAA4CA526491F8F55D9528CE8830D]]></AD_COLUMN_ID>
<!--64A1DF41F84E4D068E5E4179E6B484DF-->  <IGNOREINWAD><![CDATA[N]]></IGNOREINWAD>
<!--64A1DF41F84E4D068E5E4179E6B484DF-->  <ISDISPLAYED><![CDATA[Y]]></ISDISPLAYED>
<!--64A1DF41F84E4D068E5E4179E6B484DF-->  <DISPLAYLENGTH><![CDATA[10]]></DISPLAYLENGTH>
<!--64A1DF41F84E4D068E5E4179E6B484DF-->  <ISREADONLY><![CDATA[N]]></ISREADONLY>
<!--64A1DF41F84E4D068E5E4179E6B484DF-->  <SEQNO><![CDATA[40]]></SEQNO>
<!--64A1DF41F84E4D068E5E4179E6B484DF-->  <ISSAMELINE><![CDATA[N]]></ISSAMELINE>
<!--64A1DF41F84E4D068E5E4179E6B484DF-->  <ISFIELDONLY><![CDATA[N]]></ISFIELDONLY>
<!--64A1DF41F84E4D068E5E4179E6B484DF-->  <ISENCRYPTED><![CDATA[N]]></ISENCRYPTED>
<!--64A1DF41F84E4D068E5E4179E6B484DF-->  <SHOWINRELATION><![CDATA[Y]]></SHOWINRELATION>
<!--64A1DF41F84E4D068E5E4179E6B484DF-->  <ISFIRSTFOCUSEDFIELD><![CDATA[N]]></ISFIRSTFOCUSEDFIELD>
<!--64A1DF41F84E4D068E5E4179E6B484DF-->  <AD_MODULE_ID><![CDATA[F2E7A973F06D438B85FFFB96E69670D4]]></AD_MODULE_ID>
<!--64A1DF41F84E4D068E5E4179E6B484DF-->  <GRID_SEQNO><![CDATA[40]]></GRID_SEQNO>
<!--64A1DF41F84E4D068E5E4179E6B484DF-->  <STARTINODDCOLUMN><![CDATA[N]]></STARTINODDCOLUMN>
<!--64A1DF41F84E4D068E5E4179E6B484DF-->  <STARTNEWLINE><![CDATA[N]]></STARTNEWLINE>
<!--64A1DF41F84E4D068E5E4179E6B484DF-->  <ISSHOWNINSTATUSBAR><![CDATA[N]]></ISSHOWNINSTATUSBAR>
<!--64A1DF41F84E4D068E5E4179E6B484DF-->  <EM_OBUIAPP_SHOWSUMMARY><![CDATA[N]]></EM_OBUIAPP_SHOWSUMMARY>
<!--64A1DF41F84E4D068E5E4179E6B484DF--></AD_FIELD>

<!--6A5F0131F2DF453A9723C5E1F4A146CF--><AD_FIELD>
<!--6A5F0131F2DF453A9723C5E1F4A146CF-->  <AD_FIELD_ID><![CDATA[6A5F0131F2DF453A9723C5E1F4A146CF]]></AD_FIELD_ID>
<!--6A5F0131F2DF453A9723C5E1F4A146CF-->  <AD_CLIENT_ID><![CDATA[0]]></AD_CLIENT_ID>
<!--6A5F0131F2DF453A9723C5E1F4A146CF-->  <AD_ORG_ID><![CDATA[0]]></AD_ORG_ID>
<!--6A5F0131F2DF453A9723C5E1F4A146CF-->  <ISACTIVE><![CDATA[Y]]></ISACTIVE>
<!--6A5F0131F2DF453A9723C5E1F4A146CF-->  <NAME><![CDATA[Client]]></NAME>
<!--6A5F0131F2DF453A9723C5E1F4A146CF-->  <DESCRIPTION><![CDATA[Client for this installation.]]></DESCRIPTION>
<!--6A5F0131F2DF453A9723C5E1F4A146CF-->  <HELP><![CDATA[A Client is a company or a legal entity. You cannot share data between Clients.]]></HELP>
<!--6A5F0131F2DF453A9723C5E1F4A146CF-->  <ISCENTRALLYMAINTAINED><![CDATA[Y]]></ISCENTRALLYMAINTAINED>
<!--6A5F0131F2DF453A9723C5E1F4A146CF-->  <AD_TAB_ID><![CDATA[2E75707913FA405A84A01F44C51F1CAD]]></AD_TAB_ID>
<!--6A5F0131F2DF453A9723C5E1F4A146CF-->  <AD_COLUMN_ID><![CDATA[85D700BAAAFE4DF8A133F984C9F66856]]></AD_COLUMN_ID>
<!--6A5F0131F2DF453A9723C5E1F4A146CF-->  <IGNOREINWAD><![CDATA[N]]></IGNOREINWAD>
<!--6A5F0131F2DF453A9723C5E1F4A146CF-->  <ISDISPLAYED><![CDATA[N]]></ISDISPLAYED>
<!--6A5F0131F2DF453A9723C5E1F4A146CF-->  <DISPLAYLENGTH><![CDATA[32]]></DISPLAYLENGTH>
<!--6A5F0131F2DF453A9723C5E1F4A146CF-->  <ISREADONLY><![CDATA[N]]></ISREADONLY>
<!--6A5F0131F2DF453A9723C5E1F4A146CF-->  <ISSAMELINE><![CDATA[N]]></ISSAMELINE>
<!--6A5F0131F2DF453A9723C5E1F4A146CF-->  <ISFIELDONLY><![CDATA[N]]></ISFIELDONLY>
<!--6A5F0131F2DF453A9723C5E1F4A146CF-->  <ISENCRYPTED><![CDATA[N]]></ISENCRYPTED>
<!--6A5F0131F2DF453A9723C5E1F4A146CF-->  <SHOWINRELATION><![CDATA[N]]></SHOWINRELATION>
<!--6A5F0131F2DF453A9723C5E1F4A146CF-->  <ISFIRSTFOCUSEDFIELD><![CDATA[N]]></ISFIRSTFOCUSEDFIELD>
<!--6A5F0131F2DF453A9723C5E1F4A146CF-->  <AD_MODULE_ID><![CDATA[F2E7A973F06D438B85FFFB96E69670D4]]></AD_MODULE_ID>
<!--6A5F0131F2DF453A9723C5E1F4A146CF-->  <STARTINODDCOLUMN><![CDATA[N]]></STARTINODDCOLUMN>
<!--6A5F0131F2DF453A9723C5E1F4A146CF-->  <STARTNEWLINE><![CDATA[N]]></STARTNEWLINE>
<!--6A5F0131F2DF453A9723C5E1F4A146CF-->  <ISSHOWNINSTATUSBAR><![CDATA[N]]></ISSHOWNINSTATUSBAR>
<!--6A5F0131F2DF453A9723C5E1F4A146CF-->  <EM_OBUIAPP_SHOWSUMMARY><![CDATA[N]]></EM_OBUIAPP_SHOWSUMMARY>
<!--6A5F0131F2DF453A9723C5E1F4A146CF--></AD_FIELD>

<!--6FBADBF8A7924BBF823F1B5918AA64BE--><AD_FIELD>
<!--6FBADBF8A7924BBF823F1B5918AA64BE-->  <AD_FIELD_ID><![CDATA[6FBADBF8A7924BBF823F1B5918AA64BE]]></AD_FIELD_ID>
<!--6FBADBF8A7924BBF823F1B5918AA64BE-->  <AD_CLIENT_ID><![CDATA[0]]></AD_CLIENT_ID>
<!--6FBADBF8A7924BBF823F1B5918AA64BE-->  <AD_ORG_ID><![CDATA[0]]></AD_ORG_ID>
<!--6FBADBF8A7924BBF823F1B5918AA64BE-->  <ISACTIVE><![CDATA[Y]]></ISACTIVE>
<!--6FBADBF8A7924BBF823F1B5918AA64BE-->  <NAME><![CDATA[default]]></NAME>
<!--6FBADBF8A7924BBF823F1B5918AA64BE-->  <ISCENTRALLYMAINTAINED><![CDATA[Y]]></ISCENTRALLYMAINTAINED>
<!--6FBADBF8A7924BBF823F1B5918AA64BE-->  <AD_TAB_ID><![CDATA[B475AD1D123C45D195D7C185775368E1]]></AD_TAB_ID>
<!--6FBADBF8A7924BBF823F1B5918AA64BE-->  <AD_COLUMN_ID><![CDATA[28018689DEFD434C94B4C671A7E6F17E]]></AD_COLUMN_ID>
<!--6FBADBF8A7924BBF823F1B5918AA64BE-->  <IGNOREINWAD><![CDATA[N]]></IGNOREINWAD>
<!--6FBADBF8A7924BBF823F1B5918AA64BE-->  <ISDISPLAYED><![CDATA[Y]]></ISDISPLAYED>
<!--6FBADBF8A7924BBF823F1B5918AA64BE-->  <DISPLAYLENGTH><![CDATA[1]]></DISPLAYLENGTH>
<!--6FBADBF8A7924BBF823F1B5918AA64BE-->  <ISREADONLY><![CDATA[N]]></ISREADONLY>
<!--6FBADBF8A7924BBF823F1B5918AA64BE-->  <SEQNO><![CDATA[80]]></SEQNO>
<!--6FBADBF8A7924BBF823F1B5918AA64BE-->  <ISSAMELINE><![CDATA[N]]></ISSAMELINE>
<!--6FBADBF8A7924BBF823F1B5918AA64BE-->  <ISFIELDONLY><![CDATA[N]]></ISFIELDONLY>
<!--6FBADBF8A7924BBF823F1B5918AA64BE-->  <ISENCRYPTED><![CDATA[N]]></ISENCRYPTED>
<!--6FBADBF8A7924BBF823F1B5918AA64BE-->  <SHOWINRELATION><![CDATA[Y]]></SHOWINRELATION>
<!--6FBADBF8A7924BBF823F1B5918AA64BE-->  <ISFIRSTFOCUSEDFIELD><![CDATA[N]]></ISFIRSTFOCUSEDFIELD>
<!--6FBADBF8A7924BBF823F1B5918AA64BE-->  <AD_MODULE_ID><![CDATA[F2E7A973F06D438B85FFFB96E69670D4]]></AD_MODULE_ID>
<!--6FBADBF8A7924BBF823F1B5918AA64BE-->  <GRID_SEQNO><![CDATA[80]]></GRID_SEQNO>
<!--6FBADBF8A7924BBF823F1B5918AA64BE-->  <STARTINODDCOLUMN><![CDATA[N]]></STARTINODDCOLUMN>
<!--6FBADBF8A7924BBF823F1B5918AA64BE-->  <STARTNEWLINE><![CDATA[N]]></STARTNEWLINE>
<!--6FBADBF8A7924BBF823F1B5918AA64BE-->  <ISSHOWNINSTATUSBAR><![CDATA[N]]></ISSHOWNINSTATUSBAR>
<!--6FBADBF8A7924BBF823F1B5918AA64BE-->  <EM_OBUIAPP_SHOWSUMMARY><![CDATA[N]]></EM_OBUIAPP_SHOWSUMMARY>
<!--6FBADBF8A7924BBF823F1B5918AA64BE--></AD_FIELD>

<!--70E877B745B3494C9812CFFE5BFBD744--><AD_FIELD>
<!--70E877B745B3494C9812CFFE5BFBD744-->  <AD_FIELD_ID><![CDATA[70E877B745B3494C9812CFFE5BFBD744]]></AD_FIELD_ID>
<!--70E877B745B3494C9812CFFE5BFBD744-->  <AD_CLIENT_ID><![CDATA[0]]></AD_CLIENT_ID>
<!--70E877B745B3494C9812CFFE5BFBD744-->  <AD_ORG_ID><![CDATA[0]]></AD_ORG_ID>
<!--70E877B745B3494C9812CFFE5BFBD744-->  <ISACTIVE><![CDATA[Y]]></ISACTIVE>
<!--70E877B745B3494C9812CFFE5BFBD744-->  <NAME><![CDATA[Observed Entity]]></NAME>
<!--70E877B745B3494C9812CFFE5BFBD744-->  <ISCENTRALLYMAINTAINED><![CDATA[Y]]></ISCENTRALLYMAINTAINED>
<!--70E877B745B3494C9812CFFE5BFBD744-->  <AD_TAB_ID><![CDATA[37D7B72992704638AF9FFD5006AAE7AA]]></AD_TAB_ID>
<!--70E877B745B3494C9812CFFE5BFBD744-->  <AD_COLUMN_ID><![CDATA[C707CBB986024895B02D48DF0708934A]]></AD_COLUMN_ID>
<!--70E877B745B3494C9812CFFE5BFBD744-->  <IGNOREINWAD><![CDATA[N]]></IGNOREINWAD>
<!--70E877B745B3494C9812CFFE5BFBD744-->  <ISDISPLAYED><![CDATA[Y]]></ISDISPLAYED>
<!--70E877B745B3494C9812CFFE5BFBD744-->  <DISPLAYLENGTH><![CDATA[200]]></DISPLAYLENGTH>
<!--70E877B745B3494C9812CFFE5BFBD744-->  <ISREADONLY><![CDATA[N]]></ISREADONLY>
<!--70E877B745B3494C9812CFFE5BFBD744-->  <SEQNO><![CDATA[20]]></SEQNO>
<!--70E877B745B3494C9812CFFE5BFBD744-->  <ISSAMELINE><![CDATA[N]]></ISSAMELINE>
<!--70E877B745B3494C9812CFFE5BFBD744-->  <ISFIELDONLY><![CDATA[N]]></ISFIELDONLY>
<!--70E877B745B3494C9812CFFE5BFBD744-->  <ISENCRYPTED><![CDATA[N]]></ISENCRYPTED>
<!--70E877B745B3494C9812CFFE5BFBD744-->  <SHOWINRELATION><![CDATA[Y]]></SHOWINRELATION>
<!--70E877B745B3494C9812CFFE5BFBD744-->  <ISFIRSTFOCUSEDFIELD><![CDATA[N]]></ISFIRSTFOCUSEDFIELD>
<!--70E877B745B3494C9812CFFE5BFBD744-->  <AD_MODULE_ID><![CDATA[F2E7A973F06D438B85FFFB96E69670D4]]></AD_MODULE_ID>
<!--70E877B745B3494C9812CFFE5BFBD744-->  <STARTINODDCOLUMN><![CDATA[N]]></STARTINODDCOLUMN>
<!--70E877B745B3494C9812CFFE5BFBD744-->  <STARTNEWLINE><![CDATA[N]]></STARTNEWLINE>
<!--70E877B745B3494C9812CFFE5BFBD744-->  <ISSHOWNINSTATUSBAR><![CDATA[N]]></ISSHOWNINSTATUSBAR>
<!--70E877B745B3494C9812CFFE5BFBD744-->  <EM_OBUIAPP_SHOWSUMMARY><![CDATA[N]]></EM_OBUIAPP_SHOWSUMMARY>
<!--70E877B745B3494C9812CFFE5BFBD744--></AD_FIELD>

<!--7BFB5EAA12674FFEB6FA01CC23C0FDE4--><AD_FIELD>
<!--7BFB5EAA12674FFEB6FA01CC23C0FDE4-->  <AD_FIELD_ID><![CDATA[7BFB5EAA12674FFEB6FA01CC23C0FDE4]]></AD_FIELD_ID>
<!--7BFB5EAA12674FFEB6FA01CC23C0FDE4-->  <AD_CLIENT_ID><![CDATA[0]]></AD_CLIENT_ID>
<!--7BFB5EAA12674FFEB6FA01CC23C0FDE4-->  <AD_ORG_ID><![CDATA[0]]></AD_ORG_ID>
<!--7BFB5EAA12674FFEB6FA01CC23C0FDE4-->  <ISACTIVE><![CDATA[Y]]></ISACTIVE>
<!--7BFB5EAA12674FFEB6FA01CC23C0FDE4-->  <NAME><![CDATA[Name]]></NAME>
<!--7BFB5EAA12674FFEB6FA01CC23C0FDE4-->  <DESCRIPTION><![CDATA[A non-unique identifier for a record/document often used as a search tool.]]></DESCRIPTION>
<!--7BFB5EAA12674FFEB6FA01CC23C0FDE4-->  <HELP><![CDATA[A more descriptive identifier (that does need to be unique) of a record/document that is used as a default search option along with the search key (that is unique and mostly shorter). It is up to 60 characters in length.]]></HELP>
<!--7BFB5EAA12674FFEB6FA01CC23C0FDE4-->  <ISCENTRALLYMAINTAINED><![CDATA[Y]]></ISCENTRALLYMAINTAINED>
<!--7BFB5EAA12674FFEB6FA01CC23C0FDE4-->  <AD_TAB_ID><![CDATA[B475AD1D123C45D195D7C185775368E1]]></AD_TAB_ID>
<!--7BFB5EAA12674FFEB6FA01CC23C0FDE4-->  <AD_COLUMN_ID><![CDATA[98B29ABF4D094F51BBC58E23CAD0D688]]></AD_COLUMN_ID>
<!--7BFB5EAA12674FFEB6FA01CC23C0FDE4-->  <IGNOREINWAD><![CDATA[N]]></IGNOREINWAD>
<!--7BFB5EAA12674FFEB6FA01CC23C0FDE4-->  <ISDISPLAYED><![CDATA[Y]]></ISDISPLAYED>
<!--7BFB5EAA12674FFEB6FA01CC23C0FDE4-->  <DISPLAYLENGTH><![CDATA[60]]></DISPLAYLENGTH>
<!--7BFB5EAA12674FFEB6FA01CC23C0FDE4-->  <ISREADONLY><![CDATA[N]]></ISREADONLY>
<!--7BFB5EAA12674FFEB6FA01CC23C0FDE4-->  <SEQNO><![CDATA[30]]></SEQNO>
<!--7BFB5EAA12674FFEB6FA01CC23C0FDE4-->  <ISSAMELINE><![CDATA[N]]></ISSAMELINE>
<!--7BFB5EAA12674FFEB6FA01CC23C0FDE4-->  <ISFIELDONLY><![CDATA[N]]></ISFIELDONLY>
<!--7BFB5EAA12674FFEB6FA01CC23C0FDE4-->  <ISENCRYPTED><![CDATA[N]]></ISENCRYPTED>
<!--7BFB5EAA12674FFEB6FA01CC23C0FDE4-->  <SHOWINRELATION><![CDATA[Y]]></SHOWINRELATION>
<!--7BFB5EAA12674FFEB6FA01CC23C0FDE4-->  <ISFIRSTFOCUSEDFIELD><![CDATA[N]]></ISFIRSTFOCUSEDFIELD>
<!--7BFB5EAA12674FFEB6FA01CC23C0FDE4-->  <AD_MODULE_ID><![CDATA[F2E7A973F06D438B85FFFB96E69670D4]]></AD_MODULE_ID>
<!--7BFB5EAA12674FFEB6FA01CC23C0FDE4-->  <GRID_SEQNO><![CDATA[30]]></GRID_SEQNO>
<!--7BFB5EAA12674FFEB6FA01CC23C0FDE4-->  <STARTINODDCOLUMN><![CDATA[N]]></STARTINODDCOLUMN>
<!--7BFB5EAA12674FFEB6FA01CC23C0FDE4-->  <STARTNEWLINE><![CDATA[N]]></STARTNEWLINE>
<!--7BFB5EAA12674FFEB6FA01CC23C0FDE4-->  <ISSHOWNINSTATUSBAR><![CDATA[N]]></ISSHOWNINSTATUSBAR>
<!--7BFB5EAA12674FFEB6FA01CC23C0FDE4-->  <EM_OBUIAPP_SHOWSUMMARY><![CDATA[N]]></EM_OBUIAPP_SHOWSUMMARY>
<!--7BFB5EAA12674FFEB6FA01CC23C0FDE4--></AD_FIELD>

<!--7E16E39036FE4D35A100C919BFAA4649--><AD_FIELD>
<!--7E16E39036FE4D35A100C919BFAA4649-->  <AD_FIELD_ID><![CDATA[7E16E39036FE4D35A100C919BFAA4649]]></AD_FIELD_ID>
<!--7E16E39036FE4D35A100C919BFAA4649-->  <AD_CLIENT_ID><![CDATA[0]]></AD_CLIENT_ID>
<!--7E16E39036FE4D35A100C919BFAA4649-->  <AD_ORG_ID><![CDATA[0]]></AD_ORG_ID>
<!--7E16E39036FE4D35A100C919BFAA4649-->  <ISACTIVE><![CDATA[Y]]></ISACTIVE>
<!--7E16E39036FE4D35A100C919BFAA4649-->  <NAME><![CDATA[Organization]]></NAME>
<!--7E16E39036FE4D35A100C919BFAA4649-->  <DESCRIPTION><![CDATA[Organizational entity within client]]></DESCRIPTION>
<!--7E16E39036FE4D35A100C919BFAA4649-->  <HELP><![CDATA[An organization is a unit of your client or legal entity - examples are store, department. You can share data between organizations.]]></HELP>
<!--7E16E39036FE4D35A100C919BFAA4649-->  <ISCENTRALLYMAINTAINED><![CDATA[Y]]></ISCENTRALLYMAINTAINED>
<!--7E16E39036FE4D35A100C919BFAA4649-->  <AD_TAB_ID><![CDATA[2E75707913FA405A84A01F44C51F1CAD]]></AD_TAB_ID>
<!--7E16E39036FE4D35A100C919BFAA4649-->  <AD_COLUMN_ID><![CDATA[C4BF6C0E4B834258BC88158EBF2B273E]]></AD_COLUMN_ID>
<!--7E16E39036FE4D35A100C919BFAA4649-->  <IGNOREINWAD><![CDATA[N]]></IGNOREINWAD>
<!--7E16E39036FE4D35A100C919BFAA4649-->  <ISDISPLAYED><![CDATA[Y]]></ISDISPLAYED>
<!--7E16E39036FE4D35A100C919BFAA4649-->  <DISPLAYLENGTH><![CDATA[32]]></DISPLAYLENGTH>
<!--7E16E39036FE4D35A100C919BFAA4649-->  <ISREADONLY><![CDATA[N]]></ISREADONLY>
<!--7E16E39036FE4D35A100C919BFAA4649-->  <SEQNO><![CDATA[10]]></SEQNO>
<!--7E16E39036FE4D35A100C919BFAA4649-->  <ISSAMELINE><![CDATA[N]]></ISSAMELINE>
<!--7E16E39036FE4D35A100C919BFAA4649-->  <ISFIELDONLY><![CDATA[N]]></ISFIELDONLY>
<!--7E16E39036FE4D35A100C919BFAA4649-->  <ISENCRYPTED><![CDATA[N]]></ISENCRYPTED>
<!--7E16E39036FE4D35A100C919BFAA4649-->  <SHOWINRELATION><![CDATA[N]]></SHOWINRELATION>
<!--7E16E39036FE4D35A100C919BFAA4649-->  <ISFIRSTFOCUSEDFIELD><![CDATA[N]]></ISFIRSTFOCUSEDFIELD>
<!--7E16E39036FE4D35A100C919BFAA4649-->  <AD_MODULE_ID><![CDATA[F2E7A973F06D438B85FFFB96E69670D4]]></AD_MODULE_ID>
<!--7E16E39036FE4D35A100C919BFAA4649-->  <STARTINODDCOLUMN><![CDATA[N]]></STARTINODDCOLUMN>
<!--7E16E39036FE4D35A100C919BFAA4649-->  <STARTNEWLINE><![CDATA[N]]></STARTNEWLINE>
<!--7E16E39036FE4D35A100C919BFAA4649-->  <ISSHOWNINSTATUSBAR><![CDATA[N]]></ISSHOWNINSTATUSBAR>
<!--7E16E39036FE4D35A100C919BFAA4649-->  <EM_OBUIAPP_SHOWSUMMARY><![CDATA[N]]></EM_OBUIAPP_SHOWSUMMARY>
<!--7E16E39036FE4D35A100C919BFAA4649--></AD_FIELD>

<!--84631B711A7C44B1899E758A107A2ADB--><AD_FIELD>
<!--84631B711A7C44B1899E758A107A2ADB-->  <AD_FIELD_ID><![CDATA[84631B711A7C44B1899E758A107A2ADB]]></AD_FIELD_ID>
<!--84631B711A7C44B1899E758A107A2ADB-->  <AD_CLIENT_ID><![CDATA[0]]></AD_CLIENT_ID>
<!--84631B711A7C44B1899E758A107A2ADB-->  <AD_ORG_ID><![CDATA[0]]></AD_ORG_ID>
<!--84631B711A7C44B1899E758A107A2ADB-->  <ISACTIVE><![CDATA[Y]]></ISACTIVE>
<!--84631B711A7C44B1899E758A107A2ADB-->  <NAME><![CDATA[bpName]]></NAME>
<!--84631B711A7C44B1899E758A107A2ADB-->  <ISCENTRALLYMAINTAINED><![CDATA[Y]]></ISCENTRALLYMAINTAINED>
<!--84631B711A7C44B1899E758A107A2ADB-->  <AD_TAB_ID><![CDATA[011E7E825FF64D9C8346E94165C4CB4E]]></AD_TAB_ID>
<!--84631B711A7C44B1899E758A107A2ADB-->  <AD_COLUMN_ID><![CDATA[7AA701BACBBB44349058CD42407A5755]]></AD_COLUMN_ID>
<!--84631B711A7C44B1899E758A107A2ADB-->  <IGNOREINWAD><![CDATA[N]]></IGNOREINWAD>
<!--84631B711A7C44B1899E758A107A2ADB-->  <ISDISPLAYED><![CDATA[Y]]></ISDISPLAYED>
<!--84631B711A7C44B1899E758A107A2ADB-->  <DISPLAYLENGTH><![CDATA[60]]></DISPLAYLENGTH>
<!--84631B711A7C44B1899E758A107A2ADB-->  <ISREADONLY><![CDATA[N]]></ISREADONLY>
<!--84631B711A7C44B1899E758A107A2ADB-->  <SEQNO><![CDATA[30]]></SEQNO>
<!--84631B711A7C44B1899E758A107A2ADB-->  <ISSAMELINE><![CDATA[N]]></ISSAMELINE>
<!--84631B711A7C44B1899E758A107A2ADB-->  <ISFIELDONLY><![CDATA[N]]></ISFIELDONLY>
<!--84631B711A7C44B1899E758A107A2ADB-->  <ISENCRYPTED><![CDATA[N]]></ISENCRYPTED>
<!--84631B711A7C44B1899E758A107A2ADB-->  <SHOWINRELATION><![CDATA[Y]]></SHOWINRELATION>
<!--84631B711A7C44B1899E758A107A2ADB-->  <ISFIRSTFOCUSEDFIELD><![CDATA[N]]></ISFIRSTFOCUSEDFIELD>
<!--84631B711A7C44B1899E758A107A2ADB-->  <AD_MODULE_ID><![CDATA[F2E7A973F06D438B85FFFB96E69670D4]]></AD_MODULE_ID>
<!--84631B711A7C44B1899E758A107A2ADB-->  <STARTINODDCOLUMN><![CDATA[N]]></STARTINODDCOLUMN>
<!--84631B711A7C44B1899E758A107A2ADB-->  <STARTNEWLINE><![CDATA[N]]></STARTNEWLINE>
<!--84631B711A7C44B1899E758A107A2ADB-->  <ISSHOWNINSTATUSBAR><![CDATA[N]]></ISSHOWNINSTATUSBAR>
<!--84631B711A7C44B1899E758A107A2ADB-->  <EM_OBUIAPP_SHOWSUMMARY><![CDATA[N]]></EM_OBUIAPP_SHOWSUMMARY>
<!--84631B711A7C44B1899E758A107A2ADB--></AD_FIELD>

<!--8992F6B02C0743A5B631269A88BAFEEA--><AD_FIELD>
<!--8992F6B02C0743A5B631269A88BAFEEA-->  <AD_FIELD_ID><![CDATA[8992F6B02C0743A5B631269A88BAFEEA]]></AD_FIELD_ID>
<!--8992F6B02C0743A5B631269A88BAFEEA-->  <AD_CLIENT_ID><![CDATA[0]]></AD_CLIENT_ID>
<!--8992F6B02C0743A5B631269A88BAFEEA-->  <AD_ORG_ID><![CDATA[0]]></AD_ORG_ID>
<!--8992F6B02C0743A5B631269A88BAFEEA-->  <ISACTIVE><![CDATA[Y]]></ISACTIVE>
<!--8992F6B02C0743A5B631269A88BAFEEA-->  <NAME><![CDATA[Symbol]]></NAME>
<!--8992F6B02C0743A5B631269A88BAFEEA-->  <DESCRIPTION><![CDATA[An abbreviated description used to define a unit of measure or currency.]]></DESCRIPTION>
<!--8992F6B02C0743A5B631269A88BAFEEA-->  <HELP><![CDATA[The Symbol identifies the Symbol to be displayed and printed for a Unit of Measure]]></HELP>
<!--8992F6B02C0743A5B631269A88BAFEEA-->  <ISCENTRALLYMAINTAINED><![CDATA[Y]]></ISCENTRALLYMAINTAINED>
<!--8992F6B02C0743A5B631269A88BAFEEA-->  <AD_TAB_ID><![CDATA[B475AD1D123C45D195D7C185775368E1]]></AD_TAB_ID>
<!--8992F6B02C0743A5B631269A88BAFEEA-->  <AD_COLUMN_ID><![CDATA[4355C86FA34E4F0081BB74CC4389B47F]]></AD_COLUMN_ID>
<!--8992F6B02C0743A5B631269A88BAFEEA-->  <IGNOREINWAD><![CDATA[N]]></IGNOREINWAD>
<!--8992F6B02C0743A5B631269A88BAFEEA-->  <ISDISPLAYED><![CDATA[Y]]></ISDISPLAYED>
<!--8992F6B02C0743A5B631269A88BAFEEA-->  <DISPLAYLENGTH><![CDATA[3]]></DISPLAYLENGTH>
<!--8992F6B02C0743A5B631269A88BAFEEA-->  <ISREADONLY><![CDATA[N]]></ISREADONLY>
<!--8992F6B02C0743A5B631269A88BAFEEA-->  <SEQNO><![CDATA[60]]></SEQNO>
<!--8992F6B02C0743A5B631269A88BAFEEA-->  <ISSAMELINE><![CDATA[N]]></ISSAMELINE>
<!--8992F6B02C0743A5B631269A88BAFEEA-->  <ISFIELDONLY><![CDATA[N]]></ISFIELDONLY>
<!--8992F6B02C0743A5B631269A88BAFEEA-->  <ISENCRYPTED><![CDATA[N]]></ISENCRYPTED>
<!--8992F6B02C0743A5B631269A88BAFEEA-->  <SHOWINRELATION><![CDATA[Y]]></SHOWINRELATION>
<!--8992F6B02C0743A5B631269A88BAFEEA-->  <ISFIRSTFOCUSEDFIELD><![CDATA[N]]></ISFIRSTFOCUSEDFIELD>
<!--8992F6B02C0743A5B631269A88BAFEEA-->  <AD_MODULE_ID><![CDATA[F2E7A973F06D438B85FFFB96E69670D4]]></AD_MODULE_ID>
<!--8992F6B02C0743A5B631269A88BAFEEA-->  <GRID_SEQNO><![CDATA[60]]></GRID_SEQNO>
<!--8992F6B02C0743A5B631269A88BAFEEA-->  <STARTINODDCOLUMN><![CDATA[N]]></STARTINODDCOLUMN>
<!--8992F6B02C0743A5B631269A88BAFEEA-->  <STARTNEWLINE><![CDATA[N]]></STARTNEWLINE>
<!--8992F6B02C0743A5B631269A88BAFEEA-->  <ISSHOWNINSTATUSBAR><![CDATA[N]]></ISSHOWNINSTATUSBAR>
<!--8992F6B02C0743A5B631269A88BAFEEA-->  <EM_OBUIAPP_SHOWSUMMARY><![CDATA[N]]></EM_OBUIAPP_SHOWSUMMARY>
<!--8992F6B02C0743A5B631269A88BAFEEA--></AD_FIELD>

<!--8F1CC46B718642CB817E67B3B8FDCD6A--><AD_FIELD>
<!--8F1CC46B718642CB817E67B3B8FDCD6A-->  <AD_FIELD_ID><![CDATA[8F1CC46B718642CB817E67B3B8FDCD6A]]></AD_FIELD_ID>
<!--8F1CC46B718642CB817E67B3B8FDCD6A-->  <AD_CLIENT_ID><![CDATA[0]]></AD_CLIENT_ID>
<!--8F1CC46B718642CB817E67B3B8FDCD6A-->  <AD_ORG_ID><![CDATA[0]]></AD_ORG_ID>
<!--8F1CC46B718642CB817E67B3B8FDCD6A-->  <ISACTIVE><![CDATA[Y]]></ISACTIVE>
<!--8F1CC46B718642CB817E67B3B8FDCD6A-->  <NAME><![CDATA[Breakdown]]></NAME>
<!--8F1CC46B718642CB817E67B3B8FDCD6A-->  <DESCRIPTION><![CDATA[To break down the line order on the shipment document]]></DESCRIPTION>
<!--8F1CC46B718642CB817E67B3B8FDCD6A-->  <HELP><![CDATA[Indicates if the line order in that unit of mesaure has to be breaken down on the shipment document. E.g. If you order 8 rolls, the shipment document must show eight lines of 1 roll]]></HELP>
<!--8F1CC46B718642CB817E67B3B8FDCD6A-->  <ISCENTRALLYMAINTAINED><![CDATA[Y]]></ISCENTRALLYMAINTAINED>
<!--8F1CC46B718642CB817E67B3B8FDCD6A-->  <AD_TAB_ID><![CDATA[B475AD1D123C45D195D7C185775368E1]]></AD_TAB_ID>
<!--8F1CC46B718642CB817E67B3B8FDCD6A-->  <AD_COLUMN_ID><![CDATA[49141EA28E1E4798B023852ED754B944]]></AD_COLUMN_ID>
<!--8F1CC46B718642CB817E67B3B8FDCD6A-->  <IGNOREINWAD><![CDATA[N]]></IGNOREINWAD>
<!--8F1CC46B718642CB817E67B3B8FDCD6A-->  <ISDISPLAYED><![CDATA[N]]></ISDISPLAYED>
<!--8F1CC46B718642CB817E67B3B8FDCD6A-->  <DISPLAYLENGTH><![CDATA[1]]></DISPLAYLENGTH>
<!--8F1CC46B718642CB817E67B3B8FDCD6A-->  <ISREADONLY><![CDATA[N]]></ISREADONLY>
<!--8F1CC46B718642CB817E67B3B8FDCD6A-->  <SEQNO><![CDATA[100]]></SEQNO>
<!--8F1CC46B718642CB817E67B3B8FDCD6A-->  <ISSAMELINE><![CDATA[N]]></ISSAMELINE>
<!--8F1CC46B718642CB817E67B3B8FDCD6A-->  <ISFIELDONLY><![CDATA[N]]></ISFIELDONLY>
<!--8F1CC46B718642CB817E67B3B8FDCD6A-->  <ISENCRYPTED><![CDATA[N]]></ISENCRYPTED>
<!--8F1CC46B718642CB817E67B3B8FDCD6A-->  <SHOWINRELATION><![CDATA[N]]></SHOWINRELATION>
<!--8F1CC46B718642CB817E67B3B8FDCD6A-->  <ISFIRSTFOCUSEDFIELD><![CDATA[N]]></ISFIRSTFOCUSEDFIELD>
<!--8F1CC46B718642CB817E67B3B8FDCD6A-->  <AD_MODULE_ID><![CDATA[F2E7A973F06D438B85FFFB96E69670D4]]></AD_MODULE_ID>
<!--8F1CC46B718642CB817E67B3B8FDCD6A-->  <STARTINODDCOLUMN><![CDATA[N]]></STARTINODDCOLUMN>
<!--8F1CC46B718642CB817E67B3B8FDCD6A-->  <STARTNEWLINE><![CDATA[N]]></STARTNEWLINE>
<!--8F1CC46B718642CB817E67B3B8FDCD6A-->  <ISSHOWNINSTATUSBAR><![CDATA[N]]></ISSHOWNINSTATUSBAR>
<!--8F1CC46B718642CB817E67B3B8FDCD6A-->  <EM_OBUIAPP_SHOWSUMMARY><![CDATA[N]]></EM_OBUIAPP_SHOWSUMMARY>
<!--8F1CC46B718642CB817E67B3B8FDCD6A--></AD_FIELD>

<!--8F487C9D8FB141E299E79F7433CC8BA4--><AD_FIELD>
<!--8F487C9D8FB141E299E79F7433CC8BA4-->  <AD_FIELD_ID><![CDATA[8F487C9D8FB141E299E79F7433CC8BA4]]></AD_FIELD_ID>
<!--8F487C9D8FB141E299E79F7433CC8BA4-->  <AD_CLIENT_ID><![CDATA[0]]></AD_CLIENT_ID>
<!--8F487C9D8FB141E299E79F7433CC8BA4-->  <AD_ORG_ID><![CDATA[0]]></AD_ORG_ID>
<!--8F487C9D8FB141E299E79F7433CC8BA4-->  <ISACTIVE><![CDATA[Y]]></ISACTIVE>
<!--8F487C9D8FB141E299E79F7433CC8BA4-->  <NAME><![CDATA[Costing Precision]]></NAME>
<!--8F487C9D8FB141E299E79F7433CC8BA4-->  <DESCRIPTION><![CDATA[Rounding used costing calculations]]></DESCRIPTION>
<!--8F487C9D8FB141E299E79F7433CC8BA4-->  <HELP><![CDATA[The Costing Precision defines the number of decimal places that amounts will be rounded to when performing costing calculations.]]></HELP>
<!--8F487C9D8FB141E299E79F7433CC8BA4-->  <ISCENTRALLYMAINTAINED><![CDATA[Y]]></ISCENTRALLYMAINTAINED>
<!--8F487C9D8FB141E299E79F7433CC8BA4-->  <AD_TAB_ID><![CDATA[B475AD1D123C45D195D7C185775368E1]]></AD_TAB_ID>
<!--8F487C9D8FB141E299E79F7433CC8BA4-->  <AD_COLUMN_ID><![CDATA[6C3F511C16F44FE2949F753FF5C5AA83]]></AD_COLUMN_ID>
<!--8F487C9D8FB141E299E79F7433CC8BA4-->  <IGNOREINWAD><![CDATA[N]]></IGNOREINWAD>
<!--8F487C9D8FB141E299E79F7433CC8BA4-->  <ISDISPLAYED><![CDATA[Y]]></ISDISPLAYED>
<!--8F487C9D8FB141E299E79F7433CC8BA4-->  <DISPLAYLENGTH><![CDATA[10]]></DISPLAYLENGTH>
<!--8F487C9D8FB141E299E79F7433CC8BA4-->  <ISREADONLY><![CDATA[N]]></ISREADONLY>
<!--8F487C9D8FB141E299E79F7433CC8BA4-->  <SEQNO><![CDATA[50]]></SEQNO>
<!--8F487C9D8FB141E299E79F7433CC8BA4-->  <ISSAMELINE><![CDATA[N]]></ISSAMELINE>
<!--8F487C9D8FB141E299E79F7433CC8BA4-->  <ISFIELDONLY><![CDATA[N]]></ISFIELDONLY>
<!--8F487C9D8FB141E299E79F7433CC8BA4-->  <ISENCRYPTED><![CDATA[N]]></ISENCRYPTED>
<!--8F487C9D8FB141E299E79F7433CC8BA4-->  <SHOWINRELATION><![CDATA[Y]]></SHOWINRELATION>
<!--8F487C9D8FB141E299E79F7433CC8BA4-->  <ISFIRSTFOCUSEDFIELD><![CDATA[N]]></ISFIRSTFOCUSEDFIELD>
<!--8F487C9D8FB141E299E79F7433CC8BA4-->  <AD_MODULE_ID><![CDATA[F2E7A973F06D438B85FFFB96E69670D4]]></AD_MODULE_ID>
<!--8F487C9D8FB141E299E79F7433CC8BA4-->  <GRID_SEQNO><![CDATA[50]]></GRID_SEQNO>
<!--8F487C9D8FB141E299E79F7433CC8BA4-->  <STARTINODDCOLUMN><![CDATA[N]]></STARTINODDCOLUMN>
<!--8F487C9D8FB141E299E79F7433CC8BA4-->  <STARTNEWLINE><![CDATA[N]]></STARTNEWLINE>
<!--8F487C9D8FB141E299E79F7433CC8BA4-->  <ISSHOWNINSTATUSBAR><![CDATA[N]]></ISSHOWNINSTATUSBAR>
<!--8F487C9D8FB141E299E79F7433CC8BA4-->  <EM_OBUIAPP_SHOWSUMMARY><![CDATA[N]]></EM_OBUIAPP_SHOWSUMMARY>
<!--8F487C9D8FB141E299E79F7433CC8BA4--></AD_FIELD>

<!--96FA7F82EC3E42DB872CDF0A06C45EEA--><AD_FIELD>
<!--96FA7F82EC3E42DB872CDF0A06C45EEA-->  <AD_FIELD_ID><![CDATA[96FA7F82EC3E42DB872CDF0A06C45EEA]]></AD_FIELD_ID>
<!--96FA7F82EC3E42DB872CDF0A06C45EEA-->  <AD_CLIENT_ID><![CDATA[0]]></AD_CLIENT_ID>
<!--96FA7F82EC3E42DB872CDF0A06C45EEA-->  <AD_ORG_ID><![CDATA[0]]></AD_ORG_ID>
<!--96FA7F82EC3E42DB872CDF0A06C45EEA-->  <ISACTIVE><![CDATA[Y]]></ISACTIVE>
<!--96FA7F82EC3E42DB872CDF0A06C45EEA-->  <NAME><![CDATA[UOM Type]]></NAME>
<!--96FA7F82EC3E42DB872CDF0A06C45EEA-->  <ISCENTRALLYMAINTAINED><![CDATA[Y]]></ISCENTRALLYMAINTAINED>
<!--96FA7F82EC3E42DB872CDF0A06C45EEA-->  <AD_TAB_ID><![CDATA[B475AD1D123C45D195D7C185775368E1]]></AD_TAB_ID>
<!--96FA7F82EC3E42DB872CDF0A06C45EEA-->  <AD_COLUMN_ID><![CDATA[B25F2D2D4F8947EDB84515D8442CEC91]]></AD_COLUMN_ID>
<!--96FA7F82EC3E42DB872CDF0A06C45EEA-->  <IGNOREINWAD><![CDATA[N]]></IGNOREINWAD>
<!--96FA7F82EC3E42DB872CDF0A06C45EEA-->  <ISDISPLAYED><![CDATA[Y]]></ISDISPLAYED>
<!--96FA7F82EC3E42DB872CDF0A06C45EEA-->  <DISPLAYLENGTH><![CDATA[60]]></DISPLAYLENGTH>
<!--96FA7F82EC3E42DB872CDF0A06C45EEA-->  <ISREADONLY><![CDATA[N]]></ISREADONLY>
<!--96FA7F82EC3E42DB872CDF0A06C45EEA-->  <SEQNO><![CDATA[65]]></SEQNO>
<!--96FA7F82EC3E42DB872CDF0A06C45EEA-->  <ISSAMELINE><![CDATA[N]]></ISSAMELINE>
<!--96FA7F82EC3E42DB872CDF0A06C45EEA-->  <ISFIELDONLY><![CDATA[N]]></ISFIELDONLY>
<!--96FA7F82EC3E42DB872CDF0A06C45EEA-->  <ISENCRYPTED><![CDATA[N]]></ISENCRYPTED>
<!--96FA7F82EC3E42DB872CDF0A06C45EEA-->  <SHOWINRELATION><![CDATA[Y]]></SHOWINRELATION>
<!--96FA7F82EC3E42DB872CDF0A06C45EEA-->  <ISFIRSTFOCUSEDFIELD><![CDATA[N]]></ISFIRSTFOCUSEDFIELD>
<!--96FA7F82EC3E42DB872CDF0A06C45EEA-->  <AD_MODULE_ID><![CDATA[F2E7A973F06D438B85FFFB96E69670D4]]></AD_MODULE_ID>
<!--96FA7F82EC3E42DB872CDF0A06C45EEA-->  <STARTINODDCOLUMN><![CDATA[N]]></STARTINODDCOLUMN>
<!--96FA7F82EC3E42DB872CDF0A06C45EEA-->  <STARTNEWLINE><![CDATA[N]]></STARTNEWLINE>
<!--96FA7F82EC3E42DB872CDF0A06C45EEA-->  <ISSHOWNINSTATUSBAR><![CDATA[N]]></ISSHOWNINSTATUSBAR>
<!--96FA7F82EC3E42DB872CDF0A06C45EEA-->  <EM_OBUIAPP_SHOWSUMMARY><![CDATA[N]]></EM_OBUIAPP_SHOWSUMMARY>
<!--96FA7F82EC3E42DB872CDF0A06C45EEA--></AD_FIELD>

<!--9CF28CF9C9654B86A0DEEF87F4AE8B11--><AD_FIELD>
<!--9CF28CF9C9654B86A0DEEF87F4AE8B11-->  <AD_FIELD_ID><![CDATA[9CF28CF9C9654B86A0DEEF87F4AE8B11]]></AD_FIELD_ID>
<!--9CF28CF9C9654B86A0DEEF87F4AE8B11-->  <AD_CLIENT_ID><![CDATA[0]]></AD_CLIENT_ID>
<!--9CF28CF9C9654B86A0DEEF87F4AE8B11-->  <AD_ORG_ID><![CDATA[0]]></AD_ORG_ID>
<!--9CF28CF9C9654B86A0DEEF87F4AE8B11-->  <ISACTIVE><![CDATA[Y]]></ISACTIVE>
<!--9CF28CF9C9654B86A0DEEF87F4AE8B11-->  <NAME><![CDATA[documentNo]]></NAME>
<!--9CF28CF9C9654B86A0DEEF87F4AE8B11-->  <ISCENTRALLYMAINTAINED><![CDATA[Y]]></ISCENTRALLYMAINTAINED>
<!--9CF28CF9C9654B86A0DEEF87F4AE8B11-->  <AD_TAB_ID><![CDATA[011E7E825FF64D9C8346E94165C4CB4E]]></AD_TAB_ID>
<!--9CF28CF9C9654B86A0DEEF87F4AE8B11-->  <AD_COLUMN_ID><![CDATA[F1910274180E4783A8E43DEE43B88C93]]></AD_COLUMN_ID>
<!--9CF28CF9C9654B86A0DEEF87F4AE8B11-->  <IGNOREINWAD><![CDATA[N]]></IGNOREINWAD>
<!--9CF28CF9C9654B86A0DEEF87F4AE8B11-->  <ISDISPLAYED><![CDATA[Y]]></ISDISPLAYED>
<!--9CF28CF9C9654B86A0DEEF87F4AE8B11-->  <DISPLAYLENGTH><![CDATA[60]]></DISPLAYLENGTH>
<!--9CF28CF9C9654B86A0DEEF87F4AE8B11-->  <ISREADONLY><![CDATA[N]]></ISREADONLY>
<!--9CF28CF9C9654B86A0DEEF87F4AE8B11-->  <SEQNO><![CDATA[20]]></SEQNO>
<!--9CF28CF9C9654B86A0DEEF87F4AE8B11-->  <ISSAMELINE><![CDATA[N]]></ISSAMELINE>
<!--9CF28CF9C9654B86A0DEEF87F4AE8B11-->  <ISFIELDONLY><![CDATA[N]]></ISFIELDONLY>
<!--9CF28CF9C9654B86A0DEEF87F4AE8B11-->  <ISENCRYPTED><![CDATA[N]]></ISENCRYPTED>
<!--9CF28CF9C9654B86A0DEEF87F4AE8B11-->  <SHOWINRELATION><![CDATA[Y]]></SHOWINRELATION>
<!--9CF28CF9C9654B86A0DEEF87F4AE8B11-->  <ISFIRSTFOCUSEDFIELD><![CDATA[N]]></ISFIRSTFOCUSEDFIELD>
<!--9CF28CF9C9654B86A0DEEF87F4AE8B11-->  <AD_MODULE_ID><![CDATA[F2E7A973F06D438B85FFFB96E69670D4]]></AD_MODULE_ID>
<!--9CF28CF9C9654B86A0DEEF87F4AE8B11-->  <STARTINODDCOLUMN><![CDATA[N]]></STARTINODDCOLUMN>
<!--9CF28CF9C9654B86A0DEEF87F4AE8B11-->  <STARTNEWLINE><![CDATA[N]]></STARTNEWLINE>
<!--9CF28CF9C9654B86A0DEEF87F4AE8B11-->  <ISSHOWNINSTATUSBAR><![CDATA[N]]></ISSHOWNINSTATUSBAR>
<!--9CF28CF9C9654B86A0DEEF87F4AE8B11-->  <EM_OBUIAPP_SHOWSUMMARY><![CDATA[N]]></EM_OBUIAPP_SHOWSUMMARY>
<!--9CF28CF9C9654B86A0DEEF87F4AE8B11--></AD_FIELD>

<!--A1CF453A1E104872A096CA3889BE1B08--><AD_FIELD>
<!--A1CF453A1E104872A096CA3889BE1B08-->  <AD_FIELD_ID><![CDATA[A1CF453A1E104872A096CA3889BE1B08]]></AD_FIELD_ID>
<!--A1CF453A1E104872A096CA3889BE1B08-->  <AD_CLIENT_ID><![CDATA[0]]></AD_CLIENT_ID>
<!--A1CF453A1E104872A096CA3889BE1B08-->  <AD_ORG_ID><![CDATA[0]]></AD_ORG_ID>
<!--A1CF453A1E104872A096CA3889BE1B08-->  <ISACTIVE><![CDATA[Y]]></ISACTIVE>
<!--A1CF453A1E104872A096CA3889BE1B08-->  <NAME><![CDATA[Add Payment]]></NAME>
<!--A1CF453A1E104872A096CA3889BE1B08-->  <ISCENTRALLYMAINTAINED><![CDATA[Y]]></ISCENTRALLYMAINTAINED>
<!--A1CF453A1E104872A096CA3889BE1B08-->  <AD_TAB_ID><![CDATA[263]]></AD_TAB_ID>
<!--A1CF453A1E104872A096CA3889BE1B08-->  <IGNOREINWAD><![CDATA[N]]></IGNOREINWAD>
<!--A1CF453A1E104872A096CA3889BE1B08-->  <ISDISPLAYED><![CDATA[N]]></ISDISPLAYED>
<!--A1CF453A1E104872A096CA3889BE1B08-->  <DISPLAYLENGTH><![CDATA[10]]></DISPLAYLENGTH>
<!--A1CF453A1E104872A096CA3889BE1B08-->  <ISREADONLY><![CDATA[N]]></ISREADONLY>
<!--A1CF453A1E104872A096CA3889BE1B08-->  <SEQNO><![CDATA[2050]]></SEQNO>
<!--A1CF453A1E104872A096CA3889BE1B08-->  <ISSAMELINE><![CDATA[N]]></ISSAMELINE>
<!--A1CF453A1E104872A096CA3889BE1B08-->  <ISFIELDONLY><![CDATA[N]]></ISFIELDONLY>
<!--A1CF453A1E104872A096CA3889BE1B08-->  <ISENCRYPTED><![CDATA[N]]></ISENCRYPTED>
<!--A1CF453A1E104872A096CA3889BE1B08-->  <SHOWINRELATION><![CDATA[Y]]></SHOWINRELATION>
<!--A1CF453A1E104872A096CA3889BE1B08-->  <ISFIRSTFOCUSEDFIELD><![CDATA[N]]></ISFIRSTFOCUSEDFIELD>
<!--A1CF453A1E104872A096CA3889BE1B08-->  <AD_MODULE_ID><![CDATA[F2E7A973F06D438B85FFFB96E69670D4]]></AD_MODULE_ID>
<!--A1CF453A1E104872A096CA3889BE1B08-->  <GRID_SEQNO><![CDATA[1]]></GRID_SEQNO>
<!--A1CF453A1E104872A096CA3889BE1B08-->  <STARTINODDCOLUMN><![CDATA[N]]></STARTINODDCOLUMN>
<!--A1CF453A1E104872A096CA3889BE1B08-->  <STARTNEWLINE><![CDATA[N]]></STARTNEWLINE>
<!--A1CF453A1E104872A096CA3889BE1B08-->  <ISSHOWNINSTATUSBAR><![CDATA[N]]></ISSHOWNINSTATUSBAR>
<!--A1CF453A1E104872A096CA3889BE1B08-->  <CLIENTCLASS><![CDATA[OBPF_SalesInvoiceAddPayment]]></CLIENTCLASS>
<!--A1CF453A1E104872A096CA3889BE1B08-->  <EM_OBUIAPP_SHOWSUMMARY><![CDATA[N]]></EM_OBUIAPP_SHOWSUMMARY>
<!--A1CF453A1E104872A096CA3889BE1B08--></AD_FIELD>

<!--AC786BDD90E849B99A9BBA8BF5364112--><AD_FIELD>
<!--AC786BDD90E849B99A9BBA8BF5364112-->  <AD_FIELD_ID><![CDATA[AC786BDD90E849B99A9BBA8BF5364112]]></AD_FIELD_ID>
<!--AC786BDD90E849B99A9BBA8BF5364112-->  <AD_CLIENT_ID><![CDATA[0]]></AD_CLIENT_ID>
<!--AC786BDD90E849B99A9BBA8BF5364112-->  <AD_ORG_ID><![CDATA[0]]></AD_ORG_ID>
<!--AC786BDD90E849B99A9BBA8BF5364112-->  <ISACTIVE><![CDATA[Y]]></ISACTIVE>
<!--AC786BDD90E849B99A9BBA8BF5364112-->  <NAME><![CDATA[UOM]]></NAME>
<!--AC786BDD90E849B99A9BBA8BF5364112-->  <DESCRIPTION><![CDATA[A non monetary unit of measure.]]></DESCRIPTION>
<!--AC786BDD90E849B99A9BBA8BF5364112-->  <HELP><![CDATA[The UOM defines a unique non monetary unit of measure]]></HELP>
<!--AC786BDD90E849B99A9BBA8BF5364112-->  <ISCENTRALLYMAINTAINED><![CDATA[Y]]></ISCENTRALLYMAINTAINED>
<!--AC786BDD90E849B99A9BBA8BF5364112-->  <AD_TAB_ID><![CDATA[B475AD1D123C45D195D7C185775368E1]]></AD_TAB_ID>
<!--AC786BDD90E849B99A9BBA8BF5364112-->  <AD_COLUMN_ID><![CDATA[1D98BD718FDC438D8E429A1499A29214]]></AD_COLUMN_ID>
<!--AC786BDD90E849B99A9BBA8BF5364112-->  <IGNOREINWAD><![CDATA[N]]></IGNOREINWAD>
<!--AC786BDD90E849B99A9BBA8BF5364112-->  <ISDISPLAYED><![CDATA[N]]></ISDISPLAYED>
<!--AC786BDD90E849B99A9BBA8BF5364112-->  <DISPLAYLENGTH><![CDATA[0]]></DISPLAYLENGTH>
<!--AC786BDD90E849B99A9BBA8BF5364112-->  <ISREADONLY><![CDATA[N]]></ISREADONLY>
<!--AC786BDD90E849B99A9BBA8BF5364112-->  <ISSAMELINE><![CDATA[N]]></ISSAMELINE>
<!--AC786BDD90E849B99A9BBA8BF5364112-->  <ISFIELDONLY><![CDATA[N]]></ISFIELDONLY>
<!--AC786BDD90E849B99A9BBA8BF5364112-->  <ISENCRYPTED><![CDATA[N]]></ISENCRYPTED>
<!--AC786BDD90E849B99A9BBA8BF5364112-->  <SHOWINRELATION><![CDATA[N]]></SHOWINRELATION>
<!--AC786BDD90E849B99A9BBA8BF5364112-->  <ISFIRSTFOCUSEDFIELD><![CDATA[N]]></ISFIRSTFOCUSEDFIELD>
<!--AC786BDD90E849B99A9BBA8BF5364112-->  <AD_MODULE_ID><![CDATA[F2E7A973F06D438B85FFFB96E69670D4]]></AD_MODULE_ID>
<!--AC786BDD90E849B99A9BBA8BF5364112-->  <STARTINODDCOLUMN><![CDATA[N]]></STARTINODDCOLUMN>
<!--AC786BDD90E849B99A9BBA8BF5364112-->  <STARTNEWLINE><![CDATA[N]]></STARTNEWLINE>
<!--AC786BDD90E849B99A9BBA8BF5364112-->  <ISSHOWNINSTATUSBAR><![CDATA[N]]></ISSHOWNINSTATUSBAR>
<!--AC786BDD90E849B99A9BBA8BF5364112-->  <EM_OBUIAPP_SHOWSUMMARY><![CDATA[N]]></EM_OBUIAPP_SHOWSUMMARY>
<!--AC786BDD90E849B99A9BBA8BF5364112--></AD_FIELD>

<!--B7D8E202C82F442EABB4B65113D50E1D--><AD_FIELD>
<!--B7D8E202C82F442EABB4B65113D50E1D-->  <AD_FIELD_ID><![CDATA[B7D8E202C82F442EABB4B65113D50E1D]]></AD_FIELD_ID>
<!--B7D8E202C82F442EABB4B65113D50E1D-->  <AD_CLIENT_ID><![CDATA[0]]></AD_CLIENT_ID>
<!--B7D8E202C82F442EABB4B65113D50E1D-->  <AD_ORG_ID><![CDATA[0]]></AD_ORG_ID>
<!--B7D8E202C82F442EABB4B65113D50E1D-->  <ISACTIVE><![CDATA[Y]]></ISACTIVE>
<!--B7D8E202C82F442EABB4B65113D50E1D-->  <NAME><![CDATA[Client]]></NAME>
<!--B7D8E202C82F442EABB4B65113D50E1D-->  <DESCRIPTION><![CDATA[Client for this installation.]]></DESCRIPTION>
<!--B7D8E202C82F442EABB4B65113D50E1D-->  <HELP><![CDATA[A Client is a company or a legal entity. You cannot share data between Clients.]]></HELP>
<!--B7D8E202C82F442EABB4B65113D50E1D-->  <ISCENTRALLYMAINTAINED><![CDATA[Y]]></ISCENTRALLYMAINTAINED>
<!--B7D8E202C82F442EABB4B65113D50E1D-->  <AD_TAB_ID><![CDATA[B475AD1D123C45D195D7C185775368E1]]></AD_TAB_ID>
<!--B7D8E202C82F442EABB4B65113D50E1D-->  <AD_COLUMN_ID><![CDATA[D25BDA5258DC4A2ABAF88BC9FAA5384E]]></AD_COLUMN_ID>
<!--B7D8E202C82F442EABB4B65113D50E1D-->  <IGNOREINWAD><![CDATA[N]]></IGNOREINWAD>
<!--B7D8E202C82F442EABB4B65113D50E1D-->  <ISDISPLAYED><![CDATA[N]]></ISDISPLAYED>
<!--B7D8E202C82F442EABB4B65113D50E1D-->  <DISPLAYLENGTH><![CDATA[0]]></DISPLAYLENGTH>
<!--B7D8E202C82F442EABB4B65113D50E1D-->  <ISREADONLY><![CDATA[N]]></ISREADONLY>
<!--B7D8E202C82F442EABB4B65113D50E1D-->  <ISSAMELINE><![CDATA[N]]></ISSAMELINE>
<!--B7D8E202C82F442EABB4B65113D50E1D-->  <ISFIELDONLY><![CDATA[N]]></ISFIELDONLY>
<!--B7D8E202C82F442EABB4B65113D50E1D-->  <ISENCRYPTED><![CDATA[N]]></ISENCRYPTED>
<!--B7D8E202C82F442EABB4B65113D50E1D-->  <SHOWINRELATION><![CDATA[N]]></SHOWINRELATION>
<!--B7D8E202C82F442EABB4B65113D50E1D-->  <ISFIRSTFOCUSEDFIELD><![CDATA[N]]></ISFIRSTFOCUSEDFIELD>
<!--B7D8E202C82F442EABB4B65113D50E1D-->  <AD_MODULE_ID><![CDATA[F2E7A973F06D438B85FFFB96E69670D4]]></AD_MODULE_ID>
<!--B7D8E202C82F442EABB4B65113D50E1D-->  <STARTINODDCOLUMN><![CDATA[N]]></STARTINODDCOLUMN>
<!--B7D8E202C82F442EABB4B65113D50E1D-->  <STARTNEWLINE><![CDATA[N]]></STARTNEWLINE>
<!--B7D8E202C82F442EABB4B65113D50E1D-->  <ISSHOWNINSTATUSBAR><![CDATA[N]]></ISSHOWNINSTATUSBAR>
<!--B7D8E202C82F442EABB4B65113D50E1D-->  <EM_OBUIAPP_SHOWSUMMARY><![CDATA[N]]></EM_OBUIAPP_SHOWSUMMARY>
<!--B7D8E202C82F442EABB4B65113D50E1D--></AD_FIELD>

<!--BAA87FB8664B4D3794133065E8C2ADBF--><AD_FIELD>
<!--BAA87FB8664B4D3794133065E8C2ADBF-->  <AD_FIELD_ID><![CDATA[BAA87FB8664B4D3794133065E8C2ADBF]]></AD_FIELD_ID>
<!--BAA87FB8664B4D3794133065E8C2ADBF-->  <AD_CLIENT_ID><![CDATA[0]]></AD_CLIENT_ID>
<!--BAA87FB8664B4D3794133065E8C2ADBF-->  <AD_ORG_ID><![CDATA[0]]></AD_ORG_ID>
<!--BAA87FB8664B4D3794133065E8C2ADBF-->  <ISACTIVE><![CDATA[Y]]></ISACTIVE>
<!--BAA87FB8664B4D3794133065E8C2ADBF-->  <NAME><![CDATA[Relative Date-Time]]></NAME>
<!--BAA87FB8664B4D3794133065E8C2ADBF-->  <ISCENTRALLYMAINTAINED><![CDATA[Y]]></ISCENTRALLYMAINTAINED>
<!--BAA87FB8664B4D3794133065E8C2ADBF-->  <AD_TAB_ID><![CDATA[186]]></AD_TAB_ID>
<!--BAA87FB8664B4D3794133065E8C2ADBF-->  <AD_COLUMN_ID><![CDATA[56C444BA79B540F8B644CCE01664E2F8]]></AD_COLUMN_ID>
<!--BAA87FB8664B4D3794133065E8C2ADBF-->  <IGNOREINWAD><![CDATA[N]]></IGNOREINWAD>
<!--BAA87FB8664B4D3794133065E8C2ADBF-->  <ISDISPLAYED><![CDATA[Y]]></ISDISPLAYED>
<!--BAA87FB8664B4D3794133065E8C2ADBF-->  <DISPLAYLENGTH><![CDATA[19]]></DISPLAYLENGTH>
<!--BAA87FB8664B4D3794133065E8C2ADBF-->  <ISREADONLY><![CDATA[N]]></ISREADONLY>
<!--BAA87FB8664B4D3794133065E8C2ADBF-->  <SEQNO><![CDATA[2110]]></SEQNO>
<!--BAA87FB8664B4D3794133065E8C2ADBF-->  <ISSAMELINE><![CDATA[N]]></ISSAMELINE>
<!--BAA87FB8664B4D3794133065E8C2ADBF-->  <ISFIELDONLY><![CDATA[N]]></ISFIELDONLY>
<!--BAA87FB8664B4D3794133065E8C2ADBF-->  <ISENCRYPTED><![CDATA[N]]></ISENCRYPTED>
<!--BAA87FB8664B4D3794133065E8C2ADBF-->  <SHOWINRELATION><![CDATA[Y]]></SHOWINRELATION>
<!--BAA87FB8664B4D3794133065E8C2ADBF-->  <ISFIRSTFOCUSEDFIELD><![CDATA[N]]></ISFIRSTFOCUSEDFIELD>
<!--BAA87FB8664B4D3794133065E8C2ADBF-->  <AD_MODULE_ID><![CDATA[F2E7A973F06D438B85FFFB96E69670D4]]></AD_MODULE_ID>
<!--BAA87FB8664B4D3794133065E8C2ADBF-->  <STARTINODDCOLUMN><![CDATA[N]]></STARTINODDCOLUMN>
<!--BAA87FB8664B4D3794133065E8C2ADBF-->  <STARTNEWLINE><![CDATA[N]]></STARTNEWLINE>
<!--BAA87FB8664B4D3794133065E8C2ADBF-->  <ISSHOWNINSTATUSBAR><![CDATA[N]]></ISSHOWNINSTATUSBAR>
<!--BAA87FB8664B4D3794133065E8C2ADBF-->  <EM_OBUIAPP_SHOWSUMMARY><![CDATA[N]]></EM_OBUIAPP_SHOWSUMMARY>
<!--BAA87FB8664B4D3794133065E8C2ADBF--></AD_FIELD>

<!--C226E1501A2946639E6820C73E1ED16E--><AD_FIELD>
<!--C226E1501A2946639E6820C73E1ED16E-->  <AD_FIELD_ID><![CDATA[C226E1501A2946639E6820C73E1ED16E]]></AD_FIELD_ID>
<!--C226E1501A2946639E6820C73E1ED16E-->  <AD_CLIENT_ID><![CDATA[0]]></AD_CLIENT_ID>
<!--C226E1501A2946639E6820C73E1ED16E-->  <AD_ORG_ID><![CDATA[0]]></AD_ORG_ID>
<!--C226E1501A2946639E6820C73E1ED16E-->  <ISACTIVE><![CDATA[Y]]></ISACTIVE>
<!--C226E1501A2946639E6820C73E1ED16E-->  <NAME><![CDATA[On New]]></NAME>
<!--C226E1501A2946639E6820C73E1ED16E-->  <ISCENTRALLYMAINTAINED><![CDATA[Y]]></ISCENTRALLYMAINTAINED>
<!--C226E1501A2946639E6820C73E1ED16E-->  <AD_TAB_ID><![CDATA[1A86F42350FF40CEAB1CA888B611BF34]]></AD_TAB_ID>
<!--C226E1501A2946639E6820C73E1ED16E-->  <AD_COLUMN_ID><![CDATA[55B535CCE2B546DEB925B258A1467FFC]]></AD_COLUMN_ID>
<!--C226E1501A2946639E6820C73E1ED16E-->  <IGNOREINWAD><![CDATA[N]]></IGNOREINWAD>
<!--C226E1501A2946639E6820C73E1ED16E-->  <ISDISPLAYED><![CDATA[Y]]></ISDISPLAYED>
<!--C226E1501A2946639E6820C73E1ED16E-->  <DISPLAYLENGTH><![CDATA[1]]></DISPLAYLENGTH>
<!--C226E1501A2946639E6820C73E1ED16E-->  <ISREADONLY><![CDATA[N]]></ISREADONLY>
<!--C226E1501A2946639E6820C73E1ED16E-->  <SEQNO><![CDATA[30]]></SEQNO>
<!--C226E1501A2946639E6820C73E1ED16E-->  <ISSAMELINE><![CDATA[N]]></ISSAMELINE>
<!--C226E1501A2946639E6820C73E1ED16E-->  <ISFIELDONLY><![CDATA[N]]></ISFIELDONLY>
<!--C226E1501A2946639E6820C73E1ED16E-->  <ISENCRYPTED><![CDATA[N]]></ISENCRYPTED>
<!--C226E1501A2946639E6820C73E1ED16E-->  <SHOWINRELATION><![CDATA[Y]]></SHOWINRELATION>
<!--C226E1501A2946639E6820C73E1ED16E-->  <ISFIRSTFOCUSEDFIELD><![CDATA[N]]></ISFIRSTFOCUSEDFIELD>
<!--C226E1501A2946639E6820C73E1ED16E-->  <AD_MODULE_ID><![CDATA[F2E7A973F06D438B85FFFB96E69670D4]]></AD_MODULE_ID>
<!--C226E1501A2946639E6820C73E1ED16E-->  <STARTINODDCOLUMN><![CDATA[N]]></STARTINODDCOLUMN>
<!--C226E1501A2946639E6820C73E1ED16E-->  <STARTNEWLINE><![CDATA[N]]></STARTNEWLINE>
<!--C226E1501A2946639E6820C73E1ED16E-->  <ISSHOWNINSTATUSBAR><![CDATA[N]]></ISSHOWNINSTATUSBAR>
<!--C226E1501A2946639E6820C73E1ED16E-->  <EM_OBUIAPP_SHOWSUMMARY><![CDATA[N]]></EM_OBUIAPP_SHOWSUMMARY>
<!--C226E1501A2946639E6820C73E1ED16E--></AD_FIELD>

<!--CABFCC80BBDD4664BAE75123B0B22B86--><AD_FIELD>
<!--CABFCC80BBDD4664BAE75123B0B22B86-->  <AD_FIELD_ID><![CDATA[CABFCC80BBDD4664BAE75123B0B22B86]]></AD_FIELD_ID>
<!--CABFCC80BBDD4664BAE75123B0B22B86-->  <AD_CLIENT_ID><![CDATA[0]]></AD_CLIENT_ID>
<!--CABFCC80BBDD4664BAE75123B0B22B86-->  <AD_ORG_ID><![CDATA[0]]></AD_ORG_ID>
<!--CABFCC80BBDD4664BAE75123B0B22B86-->  <ISACTIVE><![CDATA[Y]]></ISACTIVE>
<!--CABFCC80BBDD4664BAE75123B0B22B86-->  <NAME><![CDATA[EDI Code]]></NAME>
<!--CABFCC80BBDD4664BAE75123B0B22B86-->  <DESCRIPTION><![CDATA[UOM EDI Code]]></DESCRIPTION>
<!--CABFCC80BBDD4664BAE75123B0B22B86-->  <HELP><![CDATA[The Unit of Measure Code indicates the EDI X12 Code Data Element 355 (Unit or Basis for Measurement)]]></HELP>
<!--CABFCC80BBDD4664BAE75123B0B22B86-->  <ISCENTRALLYMAINTAINED><![CDATA[Y]]></ISCENTRALLYMAINTAINED>
<!--CABFCC80BBDD4664BAE75123B0B22B86-->  <AD_TAB_ID><![CDATA[B475AD1D123C45D195D7C185775368E1]]></AD_TAB_ID>
<!--CABFCC80BBDD4664BAE75123B0B22B86-->  <AD_COLUMN_ID><![CDATA[EABBA1E6B9DF47219417BB0B54D3EE0D]]></AD_COLUMN_ID>
<!--CABFCC80BBDD4664BAE75123B0B22B86-->  <IGNOREINWAD><![CDATA[N]]></IGNOREINWAD>
<!--CABFCC80BBDD4664BAE75123B0B22B86-->  <ISDISPLAYED><![CDATA[Y]]></ISDISPLAYED>
<!--CABFCC80BBDD4664BAE75123B0B22B86-->  <DISPLAYLENGTH><![CDATA[2]]></DISPLAYLENGTH>
<!--CABFCC80BBDD4664BAE75123B0B22B86-->  <ISREADONLY><![CDATA[N]]></ISREADONLY>
<!--CABFCC80BBDD4664BAE75123B0B22B86-->  <SEQNO><![CDATA[20]]></SEQNO>
<!--CABFCC80BBDD4664BAE75123B0B22B86-->  <ISSAMELINE><![CDATA[N]]></ISSAMELINE>
<!--CABFCC80BBDD4664BAE75123B0B22B86-->  <ISFIELDONLY><![CDATA[N]]></ISFIELDONLY>
<!--CABFCC80BBDD4664BAE75123B0B22B86-->  <ISENCRYPTED><![CDATA[N]]></ISENCRYPTED>
<!--CABFCC80BBDD4664BAE75123B0B22B86-->  <SHOWINRELATION><![CDATA[Y]]></SHOWINRELATION>
<!--CABFCC80BBDD4664BAE75123B0B22B86-->  <ISFIRSTFOCUSEDFIELD><![CDATA[N]]></ISFIRSTFOCUSEDFIELD>
<!--CABFCC80BBDD4664BAE75123B0B22B86-->  <AD_MODULE_ID><![CDATA[F2E7A973F06D438B85FFFB96E69670D4]]></AD_MODULE_ID>
<!--CABFCC80BBDD4664BAE75123B0B22B86-->  <GRID_SEQNO><![CDATA[20]]></GRID_SEQNO>
<!--CABFCC80BBDD4664BAE75123B0B22B86-->  <STARTINODDCOLUMN><![CDATA[N]]></STARTINODDCOLUMN>
<!--CABFCC80BBDD4664BAE75123B0B22B86-->  <STARTNEWLINE><![CDATA[N]]></STARTNEWLINE>
<!--CABFCC80BBDD4664BAE75123B0B22B86-->  <ISSHOWNINSTATUSBAR><![CDATA[N]]></ISSHOWNINSTATUSBAR>
<!--CABFCC80BBDD4664BAE75123B0B22B86-->  <EM_OBUIAPP_SHOWSUMMARY><![CDATA[N]]></EM_OBUIAPP_SHOWSUMMARY>
<!--CABFCC80BBDD4664BAE75123B0B22B86--></AD_FIELD>

<!--D3EFB59184CE47F4B803441CF13FD1D0--><AD_FIELD>
<!--D3EFB59184CE47F4B803441CF13FD1D0-->  <AD_FIELD_ID><![CDATA[D3EFB59184CE47F4B803441CF13FD1D0]]></AD_FIELD_ID>
<!--D3EFB59184CE47F4B803441CF13FD1D0-->  <AD_CLIENT_ID><![CDATA[0]]></AD_CLIENT_ID>
<!--D3EFB59184CE47F4B803441CF13FD1D0-->  <AD_ORG_ID><![CDATA[0]]></AD_ORG_ID>
<!--D3EFB59184CE47F4B803441CF13FD1D0-->  <ISACTIVE><![CDATA[Y]]></ISACTIVE>
<!--D3EFB59184CE47F4B803441CF13FD1D0-->  <NAME><![CDATA[On Delete]]></NAME>
<!--D3EFB59184CE47F4B803441CF13FD1D0-->  <ISCENTRALLYMAINTAINED><![CDATA[Y]]></ISCENTRALLYMAINTAINED>
<!--D3EFB59184CE47F4B803441CF13FD1D0-->  <AD_TAB_ID><![CDATA[1A86F42350FF40CEAB1CA888B611BF34]]></AD_TAB_ID>
<!--D3EFB59184CE47F4B803441CF13FD1D0-->  <AD_COLUMN_ID><![CDATA[60CA246F74794FAD8729AB1D995178CD]]></AD_COLUMN_ID>
<!--D3EFB59184CE47F4B803441CF13FD1D0-->  <IGNOREINWAD><![CDATA[N]]></IGNOREINWAD>
<!--D3EFB59184CE47F4B803441CF13FD1D0-->  <ISDISPLAYED><![CDATA[Y]]></ISDISPLAYED>
<!--D3EFB59184CE47F4B803441CF13FD1D0-->  <DISPLAYLENGTH><![CDATA[1]]></DISPLAYLENGTH>
<!--D3EFB59184CE47F4B803441CF13FD1D0-->  <ISREADONLY><![CDATA[N]]></ISREADONLY>
<!--D3EFB59184CE47F4B803441CF13FD1D0-->  <SEQNO><![CDATA[50]]></SEQNO>
<!--D3EFB59184CE47F4B803441CF13FD1D0-->  <ISSAMELINE><![CDATA[N]]></ISSAMELINE>
<!--D3EFB59184CE47F4B803441CF13FD1D0-->  <ISFIELDONLY><![CDATA[N]]></ISFIELDONLY>
<!--D3EFB59184CE47F4B803441CF13FD1D0-->  <ISENCRYPTED><![CDATA[N]]></ISENCRYPTED>
<!--D3EFB59184CE47F4B803441CF13FD1D0-->  <SHOWINRELATION><![CDATA[Y]]></SHOWINRELATION>
<!--D3EFB59184CE47F4B803441CF13FD1D0-->  <ISFIRSTFOCUSEDFIELD><![CDATA[N]]></ISFIRSTFOCUSEDFIELD>
<!--D3EFB59184CE47F4B803441CF13FD1D0-->  <AD_MODULE_ID><![CDATA[F2E7A973F06D438B85FFFB96E69670D4]]></AD_MODULE_ID>
<!--D3EFB59184CE47F4B803441CF13FD1D0-->  <STARTINODDCOLUMN><![CDATA[N]]></STARTINODDCOLUMN>
<!--D3EFB59184CE47F4B803441CF13FD1D0-->  <STARTNEWLINE><![CDATA[N]]></STARTNEWLINE>
<!--D3EFB59184CE47F4B803441CF13FD1D0-->  <ISSHOWNINSTATUSBAR><![CDATA[N]]></ISSHOWNINSTATUSBAR>
<!--D3EFB59184CE47F4B803441CF13FD1D0-->  <EM_OBUIAPP_SHOWSUMMARY><![CDATA[N]]></EM_OBUIAPP_SHOWSUMMARY>
<!--D3EFB59184CE47F4B803441CF13FD1D0--></AD_FIELD>

<!--D8FBFAD47CF04D85BB7E3B0C4A06F71D--><AD_FIELD>
<!--D8FBFAD47CF04D85BB7E3B0C4A06F71D-->  <AD_FIELD_ID><![CDATA[D8FBFAD47CF04D85BB7E3B0C4A06F71D]]></AD_FIELD_ID>
<!--D8FBFAD47CF04D85BB7E3B0C4A06F71D-->  <AD_CLIENT_ID><![CDATA[0]]></AD_CLIENT_ID>
<!--D8FBFAD47CF04D85BB7E3B0C4A06F71D-->  <AD_ORG_ID><![CDATA[0]]></AD_ORG_ID>
<!--D8FBFAD47CF04D85BB7E3B0C4A06F71D-->  <ISACTIVE><![CDATA[Y]]></ISACTIVE>
<!--D8FBFAD47CF04D85BB7E3B0C4A06F71D-->  <NAME><![CDATA[Business Partner (Add New)]]></NAME>
<!--D8FBFAD47CF04D85BB7E3B0C4A06F71D-->  <ISCENTRALLYMAINTAINED><![CDATA[Y]]></ISCENTRALLYMAINTAINED>
<!--D8FBFAD47CF04D85BB7E3B0C4A06F71D-->  <AD_TAB_ID><![CDATA[186]]></AD_TAB_ID>
<!--D8FBFAD47CF04D85BB7E3B0C4A06F71D-->  <AD_COLUMN_ID><![CDATA[33A7157D79184C74B884FAD3F99E3E0A]]></AD_COLUMN_ID>
<!--D8FBFAD47CF04D85BB7E3B0C4A06F71D-->  <IGNOREINWAD><![CDATA[N]]></IGNOREINWAD>
<!--D8FBFAD47CF04D85BB7E3B0C4A06F71D-->  <ISDISPLAYED><![CDATA[Y]]></ISDISPLAYED>
<!--D8FBFAD47CF04D85BB7E3B0C4A06F71D-->  <DISPLAYLENGTH><![CDATA[32]]></DISPLAYLENGTH>
<!--D8FBFAD47CF04D85BB7E3B0C4A06F71D-->  <ISREADONLY><![CDATA[N]]></ISREADONLY>
<!--D8FBFAD47CF04D85BB7E3B0C4A06F71D-->  <SEQNO><![CDATA[2160]]></SEQNO>
<!--D8FBFAD47CF04D85BB7E3B0C4A06F71D-->  <ISSAMELINE><![CDATA[N]]></ISSAMELINE>
<!--D8FBFAD47CF04D85BB7E3B0C4A06F71D-->  <ISFIELDONLY><![CDATA[N]]></ISFIELDONLY>
<!--D8FBFAD47CF04D85BB7E3B0C4A06F71D-->  <ISENCRYPTED><![CDATA[N]]></ISENCRYPTED>
<!--D8FBFAD47CF04D85BB7E3B0C4A06F71D-->  <SHOWINRELATION><![CDATA[Y]]></SHOWINRELATION>
<!--D8FBFAD47CF04D85BB7E3B0C4A06F71D-->  <ISFIRSTFOCUSEDFIELD><![CDATA[N]]></ISFIRSTFOCUSEDFIELD>
<!--D8FBFAD47CF04D85BB7E3B0C4A06F71D-->  <AD_MODULE_ID><![CDATA[F2E7A973F06D438B85FFFB96E69670D4]]></AD_MODULE_ID>
<!--D8FBFAD47CF04D85BB7E3B0C4A06F71D-->  <STARTINODDCOLUMN><![CDATA[N]]></STARTINODDCOLUMN>
<!--D8FBFAD47CF04D85BB7E3B0C4A06F71D-->  <STARTNEWLINE><![CDATA[N]]></STARTNEWLINE>
<!--D8FBFAD47CF04D85BB7E3B0C4A06F71D-->  <ISSHOWNINSTATUSBAR><![CDATA[N]]></ISSHOWNINSTATUSBAR>
<!--D8FBFAD47CF04D85BB7E3B0C4A06F71D-->  <EM_OBUIAPP_SHOWSUMMARY><![CDATA[N]]></EM_OBUIAPP_SHOWSUMMARY>
<!--D8FBFAD47CF04D85BB7E3B0C4A06F71D--></AD_FIELD>

<!--F3A87DC0A90D4846B92747B387D4442A--><AD_FIELD>
<!--F3A87DC0A90D4846B92747B387D4442A-->  <AD_FIELD_ID><![CDATA[F3A87DC0A90D4846B92747B387D4442A]]></AD_FIELD_ID>
<!--F3A87DC0A90D4846B92747B387D4442A-->  <AD_CLIENT_ID><![CDATA[0]]></AD_CLIENT_ID>
<!--F3A87DC0A90D4846B92747B387D4442A-->  <AD_ORG_ID><![CDATA[0]]></AD_ORG_ID>
<!--F3A87DC0A90D4846B92747B387D4442A-->  <ISACTIVE><![CDATA[Y]]></ISACTIVE>
<!--F3A87DC0A90D4846B92747B387D4442A-->  <NAME><![CDATA[On Update]]></NAME>
<!--F3A87DC0A90D4846B92747B387D4442A-->  <ISCENTRALLYMAINTAINED><![CDATA[Y]]></ISCENTRALLYMAINTAINED>
<!--F3A87DC0A90D4846B92747B387D4442A-->  <AD_TAB_ID><![CDATA[1A86F42350FF40CEAB1CA888B611BF34]]></AD_TAB_ID>
<!--F3A87DC0A90D4846B92747B387D4442A-->  <AD_COLUMN_ID><![CDATA[6AC29D43ADAD41C7A688190B78213A2D]]></AD_COLUMN_ID>
<!--F3A87DC0A90D4846B92747B387D4442A-->  <IGNOREINWAD><![CDATA[N]]></IGNOREINWAD>
<!--F3A87DC0A90D4846B92747B387D4442A-->  <ISDISPLAYED><![CDATA[Y]]></ISDISPLAYED>
<!--F3A87DC0A90D4846B92747B387D4442A-->  <DISPLAYLENGTH><![CDATA[1]]></DISPLAYLENGTH>
<!--F3A87DC0A90D4846B92747B387D4442A-->  <ISREADONLY><![CDATA[N]]></ISREADONLY>
<!--F3A87DC0A90D4846B92747B387D4442A-->  <SEQNO><![CDATA[40]]></SEQNO>
<!--F3A87DC0A90D4846B92747B387D4442A-->  <ISSAMELINE><![CDATA[N]]></ISSAMELINE>
<!--F3A87DC0A90D4846B92747B387D4442A-->  <ISFIELDONLY><![CDATA[N]]></ISFIELDONLY>
<!--F3A87DC0A90D4846B92747B387D4442A-->  <ISENCRYPTED><![CDATA[N]]></ISENCRYPTED>
<!--F3A87DC0A90D4846B92747B387D4442A-->  <SHOWINRELATION><![CDATA[Y]]></SHOWINRELATION>
<!--F3A87DC0A90D4846B92747B387D4442A-->  <ISFIRSTFOCUSEDFIELD><![CDATA[N]]></ISFIRSTFOCUSEDFIELD>
<!--F3A87DC0A90D4846B92747B387D4442A-->  <AD_MODULE_ID><![CDATA[F2E7A973F06D438B85FFFB96E69670D4]]></AD_MODULE_ID>
<!--F3A87DC0A90D4846B92747B387D4442A-->  <STARTINODDCOLUMN><![CDATA[N]]></STARTINODDCOLUMN>
<!--F3A87DC0A90D4846B92747B387D4442A-->  <STARTNEWLINE><![CDATA[N]]></STARTNEWLINE>
<!--F3A87DC0A90D4846B92747B387D4442A-->  <ISSHOWNINSTATUSBAR><![CDATA[N]]></ISSHOWNINSTATUSBAR>
<!--F3A87DC0A90D4846B92747B387D4442A-->  <EM_OBUIAPP_SHOWSUMMARY><![CDATA[N]]></EM_OBUIAPP_SHOWSUMMARY>
<!--F3A87DC0A90D4846B92747B387D4442A--></AD_FIELD>

<!--F9786B89EF9B4A8FB5B0FC48B6AB738B--><AD_FIELD>
<!--F9786B89EF9B4A8FB5B0FC48B6AB738B-->  <AD_FIELD_ID><![CDATA[F9786B89EF9B4A8FB5B0FC48B6AB738B]]></AD_FIELD_ID>
<!--F9786B89EF9B4A8FB5B0FC48B6AB738B-->  <AD_CLIENT_ID><![CDATA[0]]></AD_CLIENT_ID>
<!--F9786B89EF9B4A8FB5B0FC48B6AB738B-->  <AD_ORG_ID><![CDATA[0]]></AD_ORG_ID>
<!--F9786B89EF9B4A8FB5B0FC48B6AB738B-->  <ISACTIVE><![CDATA[Y]]></ISACTIVE>
<!--F9786B89EF9B4A8FB5B0FC48B6AB738B-->  <NAME><![CDATA[Commercial Name]]></NAME>
<!--F9786B89EF9B4A8FB5B0FC48B6AB738B-->  <DESCRIPTION><![CDATA[Commercial Name of the Business Partner]]></DESCRIPTION>
<!--F9786B89EF9B4A8FB5B0FC48B6AB738B-->  <HELP><![CDATA[Commercial Name of the Business Partner]]></HELP>
<!--F9786B89EF9B4A8FB5B0FC48B6AB738B-->  <ISCENTRALLYMAINTAINED><![CDATA[Y]]></ISCENTRALLYMAINTAINED>
<!--F9786B89EF9B4A8FB5B0FC48B6AB738B-->  <AD_TAB_ID><![CDATA[2E75707913FA405A84A01F44C51F1CAD]]></AD_TAB_ID>
<!--F9786B89EF9B4A8FB5B0FC48B6AB738B-->  <AD_COLUMN_ID><![CDATA[16A979D0690F42E39070DAE739782F70]]></AD_COLUMN_ID>
<!--F9786B89EF9B4A8FB5B0FC48B6AB738B-->  <IGNOREINWAD><![CDATA[N]]></IGNOREINWAD>
<!--F9786B89EF9B4A8FB5B0FC48B6AB738B-->  <ISDISPLAYED><![CDATA[Y]]></ISDISPLAYED>
<!--F9786B89EF9B4A8FB5B0FC48B6AB738B-->  <DISPLAYLENGTH><![CDATA[60]]></DISPLAYLENGTH>
<!--F9786B89EF9B4A8FB5B0FC48B6AB738B-->  <ISREADONLY><![CDATA[N]]></ISREADONLY>
<!--F9786B89EF9B4A8FB5B0FC48B6AB738B-->  <SEQNO><![CDATA[30]]></SEQNO>
<!--F9786B89EF9B4A8FB5B0FC48B6AB738B-->  <ISSAMELINE><![CDATA[N]]></ISSAMELINE>
<!--F9786B89EF9B4A8FB5B0FC48B6AB738B-->  <ISFIELDONLY><![CDATA[N]]></ISFIELDONLY>
<!--F9786B89EF9B4A8FB5B0FC48B6AB738B-->  <ISENCRYPTED><![CDATA[N]]></ISENCRYPTED>
<!--F9786B89EF9B4A8FB5B0FC48B6AB738B-->  <SHOWINRELATION><![CDATA[Y]]></SHOWINRELATION>
<!--F9786B89EF9B4A8FB5B0FC48B6AB738B-->  <ISFIRSTFOCUSEDFIELD><![CDATA[N]]></ISFIRSTFOCUSEDFIELD>
<!--F9786B89EF9B4A8FB5B0FC48B6AB738B-->  <AD_MODULE_ID><![CDATA[F2E7A973F06D438B85FFFB96E69670D4]]></AD_MODULE_ID>
<!--F9786B89EF9B4A8FB5B0FC48B6AB738B-->  <STARTINODDCOLUMN><![CDATA[N]]></STARTINODDCOLUMN>
<!--F9786B89EF9B4A8FB5B0FC48B6AB738B-->  <STARTNEWLINE><![CDATA[N]]></STARTNEWLINE>
<!--F9786B89EF9B4A8FB5B0FC48B6AB738B-->  <ISSHOWNINSTATUSBAR><![CDATA[N]]></ISSHOWNINSTATUSBAR>
<!--F9786B89EF9B4A8FB5B0FC48B6AB738B-->  <EM_OBUIAPP_SHOWSUMMARY><![CDATA[N]]></EM_OBUIAPP_SHOWSUMMARY>
<!--F9786B89EF9B4A8FB5B0FC48B6AB738B--></AD_FIELD>

<!--FB5C78A64DE94522BA71E6C411F549BB--><AD_FIELD>
<!--FB5C78A64DE94522BA71E6C411F549BB-->  <AD_FIELD_ID><![CDATA[FB5C78A64DE94522BA71E6C411F549BB]]></AD_FIELD_ID>
<!--FB5C78A64DE94522BA71E6C411F549BB-->  <AD_CLIENT_ID><![CDATA[0]]></AD_CLIENT_ID>
<!--FB5C78A64DE94522BA71E6C411F549BB-->  <AD_ORG_ID><![CDATA[0]]></AD_ORG_ID>
<!--FB5C78A64DE94522BA71E6C411F549BB-->  <ISACTIVE><![CDATA[Y]]></ISACTIVE>
<!--FB5C78A64DE94522BA71E6C411F549BB-->  <NAME><![CDATA[Absolute Date-Time]]></NAME>
<!--FB5C78A64DE94522BA71E6C411F549BB-->  <ISCENTRALLYMAINTAINED><![CDATA[Y]]></ISCENTRALLYMAINTAINED>
<!--FB5C78A64DE94522BA71E6C411F549BB-->  <AD_TAB_ID><![CDATA[186]]></AD_TAB_ID>
<!--FB5C78A64DE94522BA71E6C411F549BB-->  <AD_COLUMN_ID><![CDATA[0C5E4437C969441098A15C9A8FF0A19C]]></AD_COLUMN_ID>
<!--FB5C78A64DE94522BA71E6C411F549BB-->  <IGNOREINWAD><![CDATA[N]]></IGNOREINWAD>
<!--FB5C78A64DE94522BA71E6C411F549BB-->  <ISDISPLAYED><![CDATA[Y]]></ISDISPLAYED>
<!--FB5C78A64DE94522BA71E6C411F549BB-->  <DISPLAYLENGTH><![CDATA[19]]></DISPLAYLENGTH>
<!--FB5C78A64DE94522BA71E6C411F549BB-->  <ISREADONLY><![CDATA[N]]></ISREADONLY>
<!--FB5C78A64DE94522BA71E6C411F549BB-->  <SEQNO><![CDATA[2090]]></SEQNO>
<!--FB5C78A64DE94522BA71E6C411F549BB-->  <ISSAMELINE><![CDATA[N]]></ISSAMELINE>
<!--FB5C78A64DE94522BA71E6C411F549BB-->  <ISFIELDONLY><![CDATA[N]]></ISFIELDONLY>
<!--FB5C78A64DE94522BA71E6C411F549BB-->  <ISENCRYPTED><![CDATA[N]]></ISENCRYPTED>
<!--FB5C78A64DE94522BA71E6C411F549BB-->  <SHOWINRELATION><![CDATA[Y]]></SHOWINRELATION>
<!--FB5C78A64DE94522BA71E6C411F549BB-->  <ISFIRSTFOCUSEDFIELD><![CDATA[N]]></ISFIRSTFOCUSEDFIELD>
<!--FB5C78A64DE94522BA71E6C411F549BB-->  <AD_MODULE_ID><![CDATA[F2E7A973F06D438B85FFFB96E69670D4]]></AD_MODULE_ID>
<!--FB5C78A64DE94522BA71E6C411F549BB-->  <STARTINODDCOLUMN><![CDATA[N]]></STARTINODDCOLUMN>
<!--FB5C78A64DE94522BA71E6C411F549BB-->  <STARTNEWLINE><![CDATA[N]]></STARTNEWLINE>
<!--FB5C78A64DE94522BA71E6C411F549BB-->  <ISSHOWNINSTATUSBAR><![CDATA[N]]></ISSHOWNINSTATUSBAR>
<!--FB5C78A64DE94522BA71E6C411F549BB-->  <EM_OBUIAPP_SHOWSUMMARY><![CDATA[N]]></EM_OBUIAPP_SHOWSUMMARY>
<!--FB5C78A64DE94522BA71E6C411F549BB--></AD_FIELD>

<!--FD12E4CCB8684D4FA419EC9B08FADA5D--><AD_FIELD>
<!--FD12E4CCB8684D4FA419EC9B08FADA5D-->  <AD_FIELD_ID><![CDATA[FD12E4CCB8684D4FA419EC9B08FADA5D]]></AD_FIELD_ID>
<!--FD12E4CCB8684D4FA419EC9B08FADA5D-->  <AD_CLIENT_ID><![CDATA[0]]></AD_CLIENT_ID>
<!--FD12E4CCB8684D4FA419EC9B08FADA5D-->  <AD_ORG_ID><![CDATA[0]]></AD_ORG_ID>
<!--FD12E4CCB8684D4FA419EC9B08FADA5D-->  <ISACTIVE><![CDATA[Y]]></ISACTIVE>
<!--FD12E4CCB8684D4FA419EC9B08FADA5D-->  <NAME><![CDATA[Relative Time]]></NAME>
<!--FD12E4CCB8684D4FA419EC9B08FADA5D-->  <ISCENTRALLYMAINTAINED><![CDATA[Y]]></ISCENTRALLYMAINTAINED>
<!--FD12E4CCB8684D4FA419EC9B08FADA5D-->  <AD_TAB_ID><![CDATA[186]]></AD_TAB_ID>
<!--FD12E4CCB8684D4FA419EC9B08FADA5D-->  <AD_COLUMN_ID><![CDATA[A180D0AC99A94886A15A8044778F34C7]]></AD_COLUMN_ID>
<!--FD12E4CCB8684D4FA419EC9B08FADA5D-->  <IGNOREINWAD><![CDATA[N]]></IGNOREINWAD>
<!--FD12E4CCB8684D4FA419EC9B08FADA5D-->  <ISDISPLAYED><![CDATA[Y]]></ISDISPLAYED>
<!--FD12E4CCB8684D4FA419EC9B08FADA5D-->  <DISPLAYLENGTH><![CDATA[19]]></DISPLAYLENGTH>
<!--FD12E4CCB8684D4FA419EC9B08FADA5D-->  <ISREADONLY><![CDATA[N]]></ISREADONLY>
<!--FD12E4CCB8684D4FA419EC9B08FADA5D-->  <SEQNO><![CDATA[2100]]></SEQNO>
<!--FD12E4CCB8684D4FA419EC9B08FADA5D-->  <ISSAMELINE><![CDATA[N]]></ISSAMELINE>
<!--FD12E4CCB8684D4FA419EC9B08FADA5D-->  <ISFIELDONLY><![CDATA[N]]></ISFIELDONLY>
<!--FD12E4CCB8684D4FA419EC9B08FADA5D-->  <ISENCRYPTED><![CDATA[N]]></ISENCRYPTED>
<!--FD12E4CCB8684D4FA419EC9B08FADA5D-->  <SHOWINRELATION><![CDATA[Y]]></SHOWINRELATION>
<!--FD12E4CCB8684D4FA419EC9B08FADA5D-->  <ISFIRSTFOCUSEDFIELD><![CDATA[N]]></ISFIRSTFOCUSEDFIELD>
<!--FD12E4CCB8684D4FA419EC9B08FADA5D-->  <AD_MODULE_ID><![CDATA[F2E7A973F06D438B85FFFB96E69670D4]]></AD_MODULE_ID>
<!--FD12E4CCB8684D4FA419EC9B08FADA5D-->  <STARTINODDCOLUMN><![CDATA[N]]></STARTINODDCOLUMN>
<!--FD12E4CCB8684D4FA419EC9B08FADA5D-->  <STARTNEWLINE><![CDATA[N]]></STARTNEWLINE>
<!--FD12E4CCB8684D4FA419EC9B08FADA5D-->  <ISSHOWNINSTATUSBAR><![CDATA[N]]></ISSHOWNINSTATUSBAR>
<!--FD12E4CCB8684D4FA419EC9B08FADA5D-->  <EM_OBUIAPP_SHOWSUMMARY><![CDATA[N]]></EM_OBUIAPP_SHOWSUMMARY>
<!--FD12E4CCB8684D4FA419EC9B08FADA5D--></AD_FIELD>

</data>
