<?xml version='1.0' encoding='UTF-8'?>
<data>
<!--2A5E675CB576482F9E492AD7EA846930--><AD_MODULE_DEPENDENCY>
<!--2A5E675CB576482F9E492AD7EA846930-->  <AD_MODULE_DEPENDENCY_ID><![CDATA[2A5E675CB576482F9E492AD7EA846930]]></AD_MODULE_DEPENDENCY_ID>
<!--2A5E675CB576482F9E492AD7EA846930-->  <AD_CLIENT_ID><![CDATA[0]]></AD_CLIENT_ID>
<!--2A5E675CB576482F9E492AD7EA846930-->  <AD_ORG_ID><![CDATA[0]]></AD_ORG_ID>
<!--2A5E675CB576482F9E492AD7EA846930-->  <ISACTIVE><![CDATA[Y]]></ISACTIVE>
<!--2A5E675CB576482F9E492AD7EA846930-->  <AD_MODULE_ID><![CDATA[F2E7A973F06D438B85FFFB96E69670D4]]></AD_MODULE_ID>
<!--2A5E675CB576482F9E492AD7EA846930-->  <AD_DEPENDENT_MODULE_ID><![CDATA[F24A0A6A766549AEB68CDD1132CEC987]]></AD_DEPENDENT_MODULE_ID>
<!--2A5E675CB576482F9E492AD7EA846930-->  <STARTVERSION><![CDATA[1.0.0]]></STARTVERSION>
<!--2A5E675CB576482F9E492AD7EA846930-->  <ISINCLUDED><![CDATA[N]]></ISINCLUDED>
<!--2A5E675CB576482F9E492AD7EA846930-->  <DEPENDANT_MODULE_NAME><![CDATA[Legacy FOP Support]]></DEPENDANT_MODULE_NAME>
<!--2A5E675CB576482F9E492AD7EA846930-->  <DEPENDENCY_ENFORCEMENT><![CDATA[MAJOR]]></DEPENDENCY_ENFORCEMENT>
<!--2A5E675CB576482F9E492AD7EA846930-->  <USER_EDITABLE_ENFORCEMENT><![CDATA[N]]></USER_EDITABLE_ENFORCEMENT>
<!--2A5E675CB576482F9E492AD7EA846930--></AD_MODULE_DEPENDENCY>

<!--D19D3AD7EF6A455783405A3722C80A52--><AD_MODULE_DEPENDENCY>
<!--D19D3AD7EF6A455783405A3722C80A52-->  <AD_MODULE_DEPENDENCY_ID><![CDATA[D19D3AD7EF6A455783405A3722C80A52]]></AD_MODULE_DEPENDENCY_ID>
<!--D19D3AD7EF6A455783405A3722C80A52-->  <AD_CLIENT_ID><![CDATA[0]]></AD_CLIENT_ID>
<!--D19D3AD7EF6A455783405A3722C80A52-->  <AD_ORG_ID><![CDATA[0]]></AD_ORG_ID>
<!--D19D3AD7EF6A455783405A3722C80A52-->  <ISACTIVE><![CDATA[Y]]></ISACTIVE>
<!--D19D3AD7EF6A455783405A3722C80A52-->  <AD_MODULE_ID><![CDATA[F2E7A973F06D438B85FFFB96E69670D4]]></AD_MODULE_ID>
<!--D19D3AD7EF6A455783405A3722C80A52-->  <AD_DEPENDENT_MODULE_ID><![CDATA[7E48CDD73B7E493A8BED4F7253E7C989]]></AD_DEPENDENT_MODULE_ID>
<!--D19D3AD7EF6A455783405A3722C80A52-->  <STARTVERSION><![CDATA[2.1.35301]]></STARTVERSION>
<!--D19D3AD7EF6A455783405A3722C80A52-->  <ISINCLUDED><![CDATA[N]]></ISINCLUDED>
<!--D19D3AD7EF6A455783405A3722C80A52-->  <DEPENDANT_MODULE_NAME><![CDATA[Openbravo 3.0 Framework]]></DEPENDANT_MODULE_NAME>
<!--D19D3AD7EF6A455783405A3722C80A52-->  <DEPENDENCY_ENFORCEMENT><![CDATA[MAJOR]]></DEPENDENCY_ENFORCEMENT>
<!--D19D3AD7EF6A455783405A3722C80A52-->  <USER_EDITABLE_ENFORCEMENT><![CDATA[N]]></USER_EDITABLE_ENFORCEMENT>
<!--D19D3AD7EF6A455783405A3722C80A52--></AD_MODULE_DEPENDENCY>

</data>
