<?xml version='1.0' encoding='UTF-8'?>
<data>
<!--97EB3E69C69148D1B253955F32A0B9A0--><AD_MODEL_OBJECT_MAPPING>
<!--97EB3E69C69148D1B253955F32A0B9A0-->  <AD_MODEL_OBJECT_MAPPING_ID><![CDATA[97EB3E69C69148D1B253955F32A0B9A0]]></AD_MODEL_OBJECT_MAPPING_ID>
<!--97EB3E69C69148D1B253955F32A0B9A0-->  <AD_CLIENT_ID><![CDATA[0]]></AD_CLIENT_ID>
<!--97EB3E69C69148D1B253955F32A0B9A0-->  <AD_ORG_ID><![CDATA[0]]></AD_ORG_ID>
<!--97EB3E69C69148D1B253955F32A0B9A0-->  <ISACTIVE><![CDATA[Y]]></ISACTIVE>
<!--97EB3E69C69148D1B253955F32A0B9A0-->  <AD_MODEL_OBJECT_ID><![CDATA[AF9C66B74DEC45608D0EB118159EE69F]]></AD_MODEL_OBJECT_ID>
<!--97EB3E69C69148D1B253955F32A0B9A0-->  <MAPPINGNAME><![CDATA[/org.openbravo.platform.features.ad_reports/FopBarcodeReport.html]]></MAPPINGNAME>
<!--97EB3E69C69148D1B253955F32A0B9A0-->  <ISDEFAULT><![CDATA[Y]]></ISDEFAULT>
<!--97EB3E69C69148D1B253955F32A0B9A0--></AD_MODEL_OBJECT_MAPPING>

</data>
