<?xml version='1.0' encoding='UTF-8'?>
<data>
<!--5014B7B5EF1045C68E568E25F08ED022--><AD_MODEL_OBJECT_PARA>
<!--5014B7B5EF1045C68E568E25F08ED022-->  <AD_MODEL_OBJECT_PARA_ID><![CDATA[5014B7B5EF1045C68E568E25F08ED022]]></AD_MODEL_OBJECT_PARA_ID>
<!--5014B7B5EF1045C68E568E25F08ED022-->  <AD_CLIENT_ID><![CDATA[0]]></AD_CLIENT_ID>
<!--5014B7B5EF1045C68E568E25F08ED022-->  <AD_ORG_ID><![CDATA[0]]></AD_ORG_ID>
<!--5014B7B5EF1045C68E568E25F08ED022-->  <ISACTIVE><![CDATA[Y]]></ISACTIVE>
<!--5014B7B5EF1045C68E568E25F08ED022-->  <AD_MODEL_OBJECT_ID><![CDATA[7D30B7A4C46F4A27A715CD562825A22B]]></AD_MODEL_OBJECT_ID>
<!--5014B7B5EF1045C68E568E25F08ED022-->  <LINE><![CDATA[10]]></LINE>
<!--5014B7B5EF1045C68E568E25F08ED022-->  <NAME><![CDATA[location]]></NAME>
<!--5014B7B5EF1045C68E568E25F08ED022-->  <VALUE><![CDATA[org/openbravo/platform/features/errorpages/ErrorDefault.html]]></VALUE>
<!--5014B7B5EF1045C68E568E25F08ED022--></AD_MODEL_OBJECT_PARA>

<!--8B1193D381DE494BA516090C70DD434A--><AD_MODEL_OBJECT_PARA>
<!--8B1193D381DE494BA516090C70DD434A-->  <AD_MODEL_OBJECT_PARA_ID><![CDATA[8B1193D381DE494BA516090C70DD434A]]></AD_MODEL_OBJECT_PARA_ID>
<!--8B1193D381DE494BA516090C70DD434A-->  <AD_CLIENT_ID><![CDATA[0]]></AD_CLIENT_ID>
<!--8B1193D381DE494BA516090C70DD434A-->  <AD_ORG_ID><![CDATA[0]]></AD_ORG_ID>
<!--8B1193D381DE494BA516090C70DD434A-->  <ISACTIVE><![CDATA[Y]]></ISACTIVE>
<!--8B1193D381DE494BA516090C70DD434A-->  <AD_MODEL_OBJECT_ID><![CDATA[217728E75BC347B69B4C866A7AC38506]]></AD_MODEL_OBJECT_ID>
<!--8B1193D381DE494BA516090C70DD434A-->  <LINE><![CDATA[20]]></LINE>
<!--8B1193D381DE494BA516090C70DD434A-->  <NAME><![CDATA[exception-type]]></NAME>
<!--8B1193D381DE494BA516090C70DD434A-->  <VALUE><![CDATA[java.lang.RuntimeException]]></VALUE>
<!--8B1193D381DE494BA516090C70DD434A--></AD_MODEL_OBJECT_PARA>

<!--AF11EECF14834EBEA7B385FBE944D920--><AD_MODEL_OBJECT_PARA>
<!--AF11EECF14834EBEA7B385FBE944D920-->  <AD_MODEL_OBJECT_PARA_ID><![CDATA[AF11EECF14834EBEA7B385FBE944D920]]></AD_MODEL_OBJECT_PARA_ID>
<!--AF11EECF14834EBEA7B385FBE944D920-->  <AD_CLIENT_ID><![CDATA[0]]></AD_CLIENT_ID>
<!--AF11EECF14834EBEA7B385FBE944D920-->  <AD_ORG_ID><![CDATA[0]]></AD_ORG_ID>
<!--AF11EECF14834EBEA7B385FBE944D920-->  <ISACTIVE><![CDATA[Y]]></ISACTIVE>
<!--AF11EECF14834EBEA7B385FBE944D920-->  <AD_MODEL_OBJECT_ID><![CDATA[C544BAC693FE409A935C70339FFA2385]]></AD_MODEL_OBJECT_ID>
<!--AF11EECF14834EBEA7B385FBE944D920-->  <LINE><![CDATA[20]]></LINE>
<!--AF11EECF14834EBEA7B385FBE944D920-->  <NAME><![CDATA[error-code]]></NAME>
<!--AF11EECF14834EBEA7B385FBE944D920-->  <VALUE><![CDATA[404]]></VALUE>
<!--AF11EECF14834EBEA7B385FBE944D920--></AD_MODEL_OBJECT_PARA>

<!--C58B7FDCBA5B4F0194925F75923A9B29--><AD_MODEL_OBJECT_PARA>
<!--C58B7FDCBA5B4F0194925F75923A9B29-->  <AD_MODEL_OBJECT_PARA_ID><![CDATA[C58B7FDCBA5B4F0194925F75923A9B29]]></AD_MODEL_OBJECT_PARA_ID>
<!--C58B7FDCBA5B4F0194925F75923A9B29-->  <AD_CLIENT_ID><![CDATA[0]]></AD_CLIENT_ID>
<!--C58B7FDCBA5B4F0194925F75923A9B29-->  <AD_ORG_ID><![CDATA[0]]></AD_ORG_ID>
<!--C58B7FDCBA5B4F0194925F75923A9B29-->  <ISACTIVE><![CDATA[Y]]></ISACTIVE>
<!--C58B7FDCBA5B4F0194925F75923A9B29-->  <AD_MODEL_OBJECT_ID><![CDATA[217728E75BC347B69B4C866A7AC38506]]></AD_MODEL_OBJECT_ID>
<!--C58B7FDCBA5B4F0194925F75923A9B29-->  <LINE><![CDATA[10]]></LINE>
<!--C58B7FDCBA5B4F0194925F75923A9B29-->  <NAME><![CDATA[location]]></NAME>
<!--C58B7FDCBA5B4F0194925F75923A9B29-->  <VALUE><![CDATA[org/openbravo/platform/features/errorpages/RuntimeException.html]]></VALUE>
<!--C58B7FDCBA5B4F0194925F75923A9B29--></AD_MODEL_OBJECT_PARA>

<!--C5A5C1716C634FD19D15AC7171A0BE37--><AD_MODEL_OBJECT_PARA>
<!--C5A5C1716C634FD19D15AC7171A0BE37-->  <AD_MODEL_OBJECT_PARA_ID><![CDATA[C5A5C1716C634FD19D15AC7171A0BE37]]></AD_MODEL_OBJECT_PARA_ID>
<!--C5A5C1716C634FD19D15AC7171A0BE37-->  <AD_CLIENT_ID><![CDATA[0]]></AD_CLIENT_ID>
<!--C5A5C1716C634FD19D15AC7171A0BE37-->  <AD_ORG_ID><![CDATA[0]]></AD_ORG_ID>
<!--C5A5C1716C634FD19D15AC7171A0BE37-->  <ISACTIVE><![CDATA[Y]]></ISACTIVE>
<!--C5A5C1716C634FD19D15AC7171A0BE37-->  <AD_MODEL_OBJECT_ID><![CDATA[C544BAC693FE409A935C70339FFA2385]]></AD_MODEL_OBJECT_ID>
<!--C5A5C1716C634FD19D15AC7171A0BE37-->  <LINE><![CDATA[10]]></LINE>
<!--C5A5C1716C634FD19D15AC7171A0BE37-->  <NAME><![CDATA[location]]></NAME>
<!--C5A5C1716C634FD19D15AC7171A0BE37-->  <VALUE><![CDATA[org/openbravo/platform/features/errorpages/Error404.html]]></VALUE>
<!--C5A5C1716C634FD19D15AC7171A0BE37--></AD_MODEL_OBJECT_PARA>

<!--EF054A2F17164F3D87581BE97087A6F2--><AD_MODEL_OBJECT_PARA>
<!--EF054A2F17164F3D87581BE97087A6F2-->  <AD_MODEL_OBJECT_PARA_ID><![CDATA[EF054A2F17164F3D87581BE97087A6F2]]></AD_MODEL_OBJECT_PARA_ID>
<!--EF054A2F17164F3D87581BE97087A6F2-->  <AD_CLIENT_ID><![CDATA[0]]></AD_CLIENT_ID>
<!--EF054A2F17164F3D87581BE97087A6F2-->  <AD_ORG_ID><![CDATA[0]]></AD_ORG_ID>
<!--EF054A2F17164F3D87581BE97087A6F2-->  <ISACTIVE><![CDATA[Y]]></ISACTIVE>
<!--EF054A2F17164F3D87581BE97087A6F2-->  <AD_MODEL_OBJECT_ID><![CDATA[C544BAC693FE409A935C70339FFA2385]]></AD_MODEL_OBJECT_ID>
<!--EF054A2F17164F3D87581BE97087A6F2-->  <LINE><![CDATA[30]]></LINE>
<!--EF054A2F17164F3D87581BE97087A6F2-->  <NAME><![CDATA[error-code]]></NAME>
<!--EF054A2F17164F3D87581BE97087A6F2-->  <VALUE><![CDATA[403]]></VALUE>
<!--EF054A2F17164F3D87581BE97087A6F2--></AD_MODEL_OBJECT_PARA>

</data>
