<?xml version='1.0' encoding='UTF-8'?>
<data>
<!--29398C2BDC7949DCAE38E870F607EA7D--><AD_MENU>
<!--29398C2BDC7949DCAE38E870F607EA7D-->  <AD_MENU_ID><![CDATA[29398C2BDC7949DCAE38E870F607EA7D]]></AD_MENU_ID>
<!--29398C2BDC7949DCAE38E870F607EA7D-->  <AD_CLIENT_ID><![CDATA[0]]></AD_CLIENT_ID>
<!--29398C2BDC7949DCAE38E870F607EA7D-->  <AD_ORG_ID><![CDATA[0]]></AD_ORG_ID>
<!--29398C2BDC7949DCAE38E870F607EA7D-->  <ISACTIVE><![CDATA[Y]]></ISACTIVE>
<!--29398C2BDC7949DCAE38E870F607EA7D-->  <NAME><![CDATA[Jasper Barcode Report]]></NAME>
<!--29398C2BDC7949DCAE38E870F607EA7D-->  <ISSUMMARY><![CDATA[N]]></ISSUMMARY>
<!--29398C2BDC7949DCAE38E870F607EA7D-->  <ACTION><![CDATA[OBUIAPP_Process]]></ACTION>
<!--29398C2BDC7949DCAE38E870F607EA7D-->  <AD_MODULE_ID><![CDATA[F2E7A973F06D438B85FFFB96E69670D4]]></AD_MODULE_ID>
<!--29398C2BDC7949DCAE38E870F607EA7D-->  <OPENLINKINBROWSER><![CDATA[N]]></OPENLINKINBROWSER>
<!--29398C2BDC7949DCAE38E870F607EA7D-->  <EM_OBUIAPP_PROCESS_ID><![CDATA[BBF9A53CE95F44A39B6935240BCFCC1E]]></EM_OBUIAPP_PROCESS_ID>
<!--29398C2BDC7949DCAE38E870F607EA7D--></AD_MENU>

<!--45E219D93E8C4B48BD08F94784581186--><AD_MENU>
<!--45E219D93E8C4B48BD08F94784581186-->  <AD_MENU_ID><![CDATA[45E219D93E8C4B48BD08F94784581186]]></AD_MENU_ID>
<!--45E219D93E8C4B48BD08F94784581186-->  <AD_CLIENT_ID><![CDATA[0]]></AD_CLIENT_ID>
<!--45E219D93E8C4B48BD08F94784581186-->  <AD_ORG_ID><![CDATA[0]]></AD_ORG_ID>
<!--45E219D93E8C4B48BD08F94784581186-->  <ISACTIVE><![CDATA[Y]]></ISACTIVE>
<!--45E219D93E8C4B48BD08F94784581186-->  <NAME><![CDATA[Cities of Business Partner Locations]]></NAME>
<!--45E219D93E8C4B48BD08F94784581186-->  <ISSUMMARY><![CDATA[N]]></ISSUMMARY>
<!--45E219D93E8C4B48BD08F94784581186-->  <ACTION><![CDATA[P]]></ACTION>
<!--45E219D93E8C4B48BD08F94784581186-->  <AD_PROCESS_ID><![CDATA[0F848517C2F448F68EFA7331AF2C546A]]></AD_PROCESS_ID>
<!--45E219D93E8C4B48BD08F94784581186-->  <AD_MODULE_ID><![CDATA[F2E7A973F06D438B85FFFB96E69670D4]]></AD_MODULE_ID>
<!--45E219D93E8C4B48BD08F94784581186-->  <OPENLINKINBROWSER><![CDATA[N]]></OPENLINKINBROWSER>
<!--45E219D93E8C4B48BD08F94784581186--></AD_MENU>

<!--629D2A304FCC47A795987114AD1BD547--><AD_MENU>
<!--629D2A304FCC47A795987114AD1BD547-->  <AD_MENU_ID><![CDATA[629D2A304FCC47A795987114AD1BD547]]></AD_MENU_ID>
<!--629D2A304FCC47A795987114AD1BD547-->  <AD_CLIENT_ID><![CDATA[0]]></AD_CLIENT_ID>
<!--629D2A304FCC47A795987114AD1BD547-->  <AD_ORG_ID><![CDATA[0]]></AD_ORG_ID>
<!--629D2A304FCC47A795987114AD1BD547-->  <ISACTIVE><![CDATA[Y]]></ISACTIVE>
<!--629D2A304FCC47A795987114AD1BD547-->  <NAME><![CDATA[Employee]]></NAME>
<!--629D2A304FCC47A795987114AD1BD547-->  <ISSUMMARY><![CDATA[N]]></ISSUMMARY>
<!--629D2A304FCC47A795987114AD1BD547-->  <ACTION><![CDATA[W]]></ACTION>
<!--629D2A304FCC47A795987114AD1BD547-->  <AD_WINDOW_ID><![CDATA[E40FF0AD90A94F0A811DECF1E08D59D5]]></AD_WINDOW_ID>
<!--629D2A304FCC47A795987114AD1BD547-->  <AD_MODULE_ID><![CDATA[F2E7A973F06D438B85FFFB96E69670D4]]></AD_MODULE_ID>
<!--629D2A304FCC47A795987114AD1BD547-->  <OPENLINKINBROWSER><![CDATA[N]]></OPENLINKINBROWSER>
<!--629D2A304FCC47A795987114AD1BD547--></AD_MENU>

<!--78A45B7DC99C4AEEBB68B3AA84A726E0--><AD_MENU>
<!--78A45B7DC99C4AEEBB68B3AA84A726E0-->  <AD_MENU_ID><![CDATA[78A45B7DC99C4AEEBB68B3AA84A726E0]]></AD_MENU_ID>
<!--78A45B7DC99C4AEEBB68B3AA84A726E0-->  <AD_CLIENT_ID><![CDATA[0]]></AD_CLIENT_ID>
<!--78A45B7DC99C4AEEBB68B3AA84A726E0-->  <AD_ORG_ID><![CDATA[0]]></AD_ORG_ID>
<!--78A45B7DC99C4AEEBB68B3AA84A726E0-->  <ISACTIVE><![CDATA[Y]]></ISACTIVE>
<!--78A45B7DC99C4AEEBB68B3AA84A726E0-->  <NAME><![CDATA[Sales Order Excel Formula Report]]></NAME>
<!--78A45B7DC99C4AEEBB68B3AA84A726E0-->  <ISSUMMARY><![CDATA[N]]></ISSUMMARY>
<!--78A45B7DC99C4AEEBB68B3AA84A726E0-->  <ACTION><![CDATA[OBUIAPP_Process]]></ACTION>
<!--78A45B7DC99C4AEEBB68B3AA84A726E0-->  <AD_MODULE_ID><![CDATA[F2E7A973F06D438B85FFFB96E69670D4]]></AD_MODULE_ID>
<!--78A45B7DC99C4AEEBB68B3AA84A726E0-->  <OPENLINKINBROWSER><![CDATA[N]]></OPENLINKINBROWSER>
<!--78A45B7DC99C4AEEBB68B3AA84A726E0-->  <EM_OBUIAPP_PROCESS_ID><![CDATA[4AD5C6BEB4D140108B0B5D3212CDE689]]></EM_OBUIAPP_PROCESS_ID>
<!--78A45B7DC99C4AEEBB68B3AA84A726E0--></AD_MENU>

<!--86648E754886424B8A380CE5A6083054--><AD_MENU>
<!--86648E754886424B8A380CE5A6083054-->  <AD_MENU_ID><![CDATA[86648E754886424B8A380CE5A6083054]]></AD_MENU_ID>
<!--86648E754886424B8A380CE5A6083054-->  <AD_CLIENT_ID><![CDATA[0]]></AD_CLIENT_ID>
<!--86648E754886424B8A380CE5A6083054-->  <AD_ORG_ID><![CDATA[0]]></AD_ORG_ID>
<!--86648E754886424B8A380CE5A6083054-->  <ISACTIVE><![CDATA[Y]]></ISACTIVE>
<!--86648E754886424B8A380CE5A6083054-->  <NAME><![CDATA[Unit of Measure (Manual DataSource)]]></NAME>
<!--86648E754886424B8A380CE5A6083054-->  <ISSUMMARY><![CDATA[N]]></ISSUMMARY>
<!--86648E754886424B8A380CE5A6083054-->  <ACTION><![CDATA[W]]></ACTION>
<!--86648E754886424B8A380CE5A6083054-->  <AD_WINDOW_ID><![CDATA[4C868BE4549C461EBDFDEF3C10743E4F]]></AD_WINDOW_ID>
<!--86648E754886424B8A380CE5A6083054-->  <AD_MODULE_ID><![CDATA[F2E7A973F06D438B85FFFB96E69670D4]]></AD_MODULE_ID>
<!--86648E754886424B8A380CE5A6083054-->  <OPENLINKINBROWSER><![CDATA[N]]></OPENLINKINBROWSER>
<!--86648E754886424B8A380CE5A6083054--></AD_MENU>

<!--8AA7E02E0E174DCEBFAA23D47771817D--><AD_MENU>
<!--8AA7E02E0E174DCEBFAA23D47771817D-->  <AD_MENU_ID><![CDATA[8AA7E02E0E174DCEBFAA23D47771817D]]></AD_MENU_ID>
<!--8AA7E02E0E174DCEBFAA23D47771817D-->  <AD_CLIENT_ID><![CDATA[0]]></AD_CLIENT_ID>
<!--8AA7E02E0E174DCEBFAA23D47771817D-->  <AD_ORG_ID><![CDATA[0]]></AD_ORG_ID>
<!--8AA7E02E0E174DCEBFAA23D47771817D-->  <ISACTIVE><![CDATA[Y]]></ISACTIVE>
<!--8AA7E02E0E174DCEBFAA23D47771817D-->  <NAME><![CDATA[Business Partner Creation]]></NAME>
<!--8AA7E02E0E174DCEBFAA23D47771817D-->  <ISSUMMARY><![CDATA[N]]></ISSUMMARY>
<!--8AA7E02E0E174DCEBFAA23D47771817D-->  <ACTION><![CDATA[OBUIAPP_Process]]></ACTION>
<!--8AA7E02E0E174DCEBFAA23D47771817D-->  <AD_MODULE_ID><![CDATA[F2E7A973F06D438B85FFFB96E69670D4]]></AD_MODULE_ID>
<!--8AA7E02E0E174DCEBFAA23D47771817D-->  <OPENLINKINBROWSER><![CDATA[N]]></OPENLINKINBROWSER>
<!--8AA7E02E0E174DCEBFAA23D47771817D-->  <EM_OBUIAPP_PROCESS_ID><![CDATA[3E8BF597772C4FFBB9267B0DFA2F0398]]></EM_OBUIAPP_PROCESS_ID>
<!--8AA7E02E0E174DCEBFAA23D47771817D--></AD_MENU>

<!--8BF8B7FB3D59455CB16DEB96721B7634--><AD_MENU>
<!--8BF8B7FB3D59455CB16DEB96721B7634-->  <AD_MENU_ID><![CDATA[8BF8B7FB3D59455CB16DEB96721B7634]]></AD_MENU_ID>
<!--8BF8B7FB3D59455CB16DEB96721B7634-->  <AD_CLIENT_ID><![CDATA[0]]></AD_CLIENT_ID>
<!--8BF8B7FB3D59455CB16DEB96721B7634-->  <AD_ORG_ID><![CDATA[0]]></AD_ORG_ID>
<!--8BF8B7FB3D59455CB16DEB96721B7634-->  <ISACTIVE><![CDATA[Y]]></ISACTIVE>
<!--8BF8B7FB3D59455CB16DEB96721B7634-->  <NAME><![CDATA[Process Definition test]]></NAME>
<!--8BF8B7FB3D59455CB16DEB96721B7634-->  <ISSUMMARY><![CDATA[N]]></ISSUMMARY>
<!--8BF8B7FB3D59455CB16DEB96721B7634-->  <ACTION><![CDATA[OBUIAPP_Process]]></ACTION>
<!--8BF8B7FB3D59455CB16DEB96721B7634-->  <AD_MODULE_ID><![CDATA[F2E7A973F06D438B85FFFB96E69670D4]]></AD_MODULE_ID>
<!--8BF8B7FB3D59455CB16DEB96721B7634-->  <OPENLINKINBROWSER><![CDATA[N]]></OPENLINKINBROWSER>
<!--8BF8B7FB3D59455CB16DEB96721B7634-->  <EM_OBUIAPP_PROCESS_ID><![CDATA[D8AEF63065DE4A05B38570FAB87B2A47]]></EM_OBUIAPP_PROCESS_ID>
<!--8BF8B7FB3D59455CB16DEB96721B7634--></AD_MENU>

<!--909CE6DB7520412487680AF9181C192B--><AD_MENU>
<!--909CE6DB7520412487680AF9181C192B-->  <AD_MENU_ID><![CDATA[909CE6DB7520412487680AF9181C192B]]></AD_MENU_ID>
<!--909CE6DB7520412487680AF9181C192B-->  <AD_CLIENT_ID><![CDATA[0]]></AD_CLIENT_ID>
<!--909CE6DB7520412487680AF9181C192B-->  <AD_ORG_ID><![CDATA[0]]></AD_ORG_ID>
<!--909CE6DB7520412487680AF9181C192B-->  <ISACTIVE><![CDATA[Y]]></ISACTIVE>
<!--909CE6DB7520412487680AF9181C192B-->  <NAME><![CDATA[Product Simple Report]]></NAME>
<!--909CE6DB7520412487680AF9181C192B-->  <ISSUMMARY><![CDATA[N]]></ISSUMMARY>
<!--909CE6DB7520412487680AF9181C192B-->  <ACTION><![CDATA[OBUIAPP_Process]]></ACTION>
<!--909CE6DB7520412487680AF9181C192B-->  <AD_MODULE_ID><![CDATA[F2E7A973F06D438B85FFFB96E69670D4]]></AD_MODULE_ID>
<!--909CE6DB7520412487680AF9181C192B-->  <OPENLINKINBROWSER><![CDATA[N]]></OPENLINKINBROWSER>
<!--909CE6DB7520412487680AF9181C192B-->  <EM_OBUIAPP_PROCESS_ID><![CDATA[70889433974B409BAC4F9D7BFB211248]]></EM_OBUIAPP_PROCESS_ID>
<!--909CE6DB7520412487680AF9181C192B--></AD_MENU>

<!--99D90C58A57A4E349617FFB8D1308D3C--><AD_MENU>
<!--99D90C58A57A4E349617FFB8D1308D3C-->  <AD_MENU_ID><![CDATA[99D90C58A57A4E349617FFB8D1308D3C]]></AD_MENU_ID>
<!--99D90C58A57A4E349617FFB8D1308D3C-->  <AD_CLIENT_ID><![CDATA[0]]></AD_CLIENT_ID>
<!--99D90C58A57A4E349617FFB8D1308D3C-->  <AD_ORG_ID><![CDATA[0]]></AD_ORG_ID>
<!--99D90C58A57A4E349617FFB8D1308D3C-->  <ISACTIVE><![CDATA[Y]]></ISACTIVE>
<!--99D90C58A57A4E349617FFB8D1308D3C-->  <NAME><![CDATA[FOP Barcode Report]]></NAME>
<!--99D90C58A57A4E349617FFB8D1308D3C-->  <ISSUMMARY><![CDATA[N]]></ISSUMMARY>
<!--99D90C58A57A4E349617FFB8D1308D3C-->  <ACTION><![CDATA[R]]></ACTION>
<!--99D90C58A57A4E349617FFB8D1308D3C-->  <AD_PROCESS_ID><![CDATA[4D56A80695B24A3E88826C045C27D252]]></AD_PROCESS_ID>
<!--99D90C58A57A4E349617FFB8D1308D3C-->  <AD_MODULE_ID><![CDATA[F2E7A973F06D438B85FFFB96E69670D4]]></AD_MODULE_ID>
<!--99D90C58A57A4E349617FFB8D1308D3C-->  <OPENLINKINBROWSER><![CDATA[N]]></OPENLINKINBROWSER>
<!--99D90C58A57A4E349617FFB8D1308D3C--></AD_MENU>

<!--C2DC68A405F34B888CED05F2FF577DEA--><AD_MENU>
<!--C2DC68A405F34B888CED05F2FF577DEA-->  <AD_MENU_ID><![CDATA[C2DC68A405F34B888CED05F2FF577DEA]]></AD_MENU_ID>
<!--C2DC68A405F34B888CED05F2FF577DEA-->  <AD_CLIENT_ID><![CDATA[0]]></AD_CLIENT_ID>
<!--C2DC68A405F34B888CED05F2FF577DEA-->  <AD_ORG_ID><![CDATA[0]]></AD_ORG_ID>
<!--C2DC68A405F34B888CED05F2FF577DEA-->  <ISACTIVE><![CDATA[Y]]></ISACTIVE>
<!--C2DC68A405F34B888CED05F2FF577DEA-->  <NAME><![CDATA[Send Email]]></NAME>
<!--C2DC68A405F34B888CED05F2FF577DEA-->  <DESCRIPTION><![CDATA[A process to test e-mail events feature]]></DESCRIPTION>
<!--C2DC68A405F34B888CED05F2FF577DEA-->  <ISSUMMARY><![CDATA[N]]></ISSUMMARY>
<!--C2DC68A405F34B888CED05F2FF577DEA-->  <ACTION><![CDATA[OBUIAPP_Process]]></ACTION>
<!--C2DC68A405F34B888CED05F2FF577DEA-->  <AD_MODULE_ID><![CDATA[F2E7A973F06D438B85FFFB96E69670D4]]></AD_MODULE_ID>
<!--C2DC68A405F34B888CED05F2FF577DEA-->  <OPENLINKINBROWSER><![CDATA[N]]></OPENLINKINBROWSER>
<!--C2DC68A405F34B888CED05F2FF577DEA-->  <EM_OBUIAPP_PROCESS_ID><![CDATA[837ED85F96334EFBB83BEBC88B59DDF2]]></EM_OBUIAPP_PROCESS_ID>
<!--C2DC68A405F34B888CED05F2FF577DEA--></AD_MENU>

<!--D86B357083C746D791B557A5D8FA4164--><AD_MENU>
<!--D86B357083C746D791B557A5D8FA4164-->  <AD_MENU_ID><![CDATA[D86B357083C746D791B557A5D8FA4164]]></AD_MENU_ID>
<!--D86B357083C746D791B557A5D8FA4164-->  <AD_CLIENT_ID><![CDATA[0]]></AD_CLIENT_ID>
<!--D86B357083C746D791B557A5D8FA4164-->  <AD_ORG_ID><![CDATA[0]]></AD_ORG_ID>
<!--D86B357083C746D791B557A5D8FA4164-->  <ISACTIVE><![CDATA[Y]]></ISACTIVE>
<!--D86B357083C746D791B557A5D8FA4164-->  <NAME><![CDATA[Platform Features Testing]]></NAME>
<!--D86B357083C746D791B557A5D8FA4164-->  <ISSUMMARY><![CDATA[Y]]></ISSUMMARY>
<!--D86B357083C746D791B557A5D8FA4164-->  <AD_MODULE_ID><![CDATA[F2E7A973F06D438B85FFFB96E69670D4]]></AD_MODULE_ID>
<!--D86B357083C746D791B557A5D8FA4164-->  <OPENLINKINBROWSER><![CDATA[N]]></OPENLINKINBROWSER>
<!--D86B357083C746D791B557A5D8FA4164--></AD_MENU>

<!--F241A1DAA0F6435D850AF6288DE3EA42--><AD_MENU>
<!--F241A1DAA0F6435D850AF6288DE3EA42-->  <AD_MENU_ID><![CDATA[F241A1DAA0F6435D850AF6288DE3EA42]]></AD_MENU_ID>
<!--F241A1DAA0F6435D850AF6288DE3EA42-->  <AD_CLIENT_ID><![CDATA[0]]></AD_CLIENT_ID>
<!--F241A1DAA0F6435D850AF6288DE3EA42-->  <AD_ORG_ID><![CDATA[0]]></AD_ORG_ID>
<!--F241A1DAA0F6435D850AF6288DE3EA42-->  <ISACTIVE><![CDATA[Y]]></ISACTIVE>
<!--F241A1DAA0F6435D850AF6288DE3EA42-->  <NAME><![CDATA[JSON Datasource Report]]></NAME>
<!--F241A1DAA0F6435D850AF6288DE3EA42-->  <ISSUMMARY><![CDATA[N]]></ISSUMMARY>
<!--F241A1DAA0F6435D850AF6288DE3EA42-->  <ACTION><![CDATA[OBUIAPP_Process]]></ACTION>
<!--F241A1DAA0F6435D850AF6288DE3EA42-->  <AD_MODULE_ID><![CDATA[F2E7A973F06D438B85FFFB96E69670D4]]></AD_MODULE_ID>
<!--F241A1DAA0F6435D850AF6288DE3EA42-->  <OPENLINKINBROWSER><![CDATA[N]]></OPENLINKINBROWSER>
<!--F241A1DAA0F6435D850AF6288DE3EA42-->  <EM_OBUIAPP_PROCESS_ID><![CDATA[A22C86AACD474BBC97349A29DCD51785]]></EM_OBUIAPP_PROCESS_ID>
<!--F241A1DAA0F6435D850AF6288DE3EA42--></AD_MENU>

<!--F71F0317D6F84BEBB3708C2EB3B399DC--><AD_MENU>
<!--F71F0317D6F84BEBB3708C2EB3B399DC-->  <AD_MENU_ID><![CDATA[F71F0317D6F84BEBB3708C2EB3B399DC]]></AD_MENU_ID>
<!--F71F0317D6F84BEBB3708C2EB3B399DC-->  <AD_CLIENT_ID><![CDATA[0]]></AD_CLIENT_ID>
<!--F71F0317D6F84BEBB3708C2EB3B399DC-->  <AD_ORG_ID><![CDATA[0]]></AD_ORG_ID>
<!--F71F0317D6F84BEBB3708C2EB3B399DC-->  <ISACTIVE><![CDATA[Y]]></ISACTIVE>
<!--F71F0317D6F84BEBB3708C2EB3B399DC-->  <NAME><![CDATA[Event Handlers]]></NAME>
<!--F71F0317D6F84BEBB3708C2EB3B399DC-->  <ISSUMMARY><![CDATA[N]]></ISSUMMARY>
<!--F71F0317D6F84BEBB3708C2EB3B399DC-->  <ACTION><![CDATA[W]]></ACTION>
<!--F71F0317D6F84BEBB3708C2EB3B399DC-->  <AD_WINDOW_ID><![CDATA[E6F139C248D74DBAA8B422A5124EA301]]></AD_WINDOW_ID>
<!--F71F0317D6F84BEBB3708C2EB3B399DC-->  <AD_MODULE_ID><![CDATA[F2E7A973F06D438B85FFFB96E69670D4]]></AD_MODULE_ID>
<!--F71F0317D6F84BEBB3708C2EB3B399DC-->  <OPENLINKINBROWSER><![CDATA[N]]></OPENLINKINBROWSER>
<!--F71F0317D6F84BEBB3708C2EB3B399DC--></AD_MENU>

</data>
