<?xml version='1.0' encoding='UTF-8'?>
<data>
<!--217728E75BC347B69B4C866A7AC38506--><AD_MODEL_OBJECT>
<!--217728E75BC347B69B4C866A7AC38506-->  <AD_MODEL_OBJECT_ID><![CDATA[217728E75BC347B69B4C866A7AC38506]]></AD_MODEL_OBJECT_ID>
<!--217728E75BC347B69B4C866A7AC38506-->  <AD_CLIENT_ID><![CDATA[0]]></AD_CLIENT_ID>
<!--217728E75BC347B69B4C866A7AC38506-->  <AD_ORG_ID><![CDATA[0]]></AD_ORG_ID>
<!--217728E75BC347B69B4C866A7AC38506-->  <ISACTIVE><![CDATA[Y]]></ISACTIVE>
<!--217728E75BC347B69B4C866A7AC38506-->  <ACTION><![CDATA[P]]></ACTION>
<!--217728E75BC347B69B4C866A7AC38506-->  <CLASSNAME><![CDATA[RuntimeException]]></CLASSNAME>
<!--217728E75BC347B69B4C866A7AC38506-->  <ISDEFAULT><![CDATA[N]]></ISDEFAULT>
<!--217728E75BC347B69B4C866A7AC38506-->  <AD_MODULE_ID><![CDATA[F2E7A973F06D438B85FFFB96E69670D4]]></AD_MODULE_ID>
<!--217728E75BC347B69B4C866A7AC38506-->  <OBJECT_TYPE><![CDATA[E]]></OBJECT_TYPE>
<!--217728E75BC347B69B4C866A7AC38506-->  <NAME><![CDATA[RuntimeException]]></NAME>
<!--217728E75BC347B69B4C866A7AC38506--></AD_MODEL_OBJECT>

<!--7D30B7A4C46F4A27A715CD562825A22B--><AD_MODEL_OBJECT>
<!--7D30B7A4C46F4A27A715CD562825A22B-->  <AD_MODEL_OBJECT_ID><![CDATA[7D30B7A4C46F4A27A715CD562825A22B]]></AD_MODEL_OBJECT_ID>
<!--7D30B7A4C46F4A27A715CD562825A22B-->  <AD_CLIENT_ID><![CDATA[0]]></AD_CLIENT_ID>
<!--7D30B7A4C46F4A27A715CD562825A22B-->  <AD_ORG_ID><![CDATA[0]]></AD_ORG_ID>
<!--7D30B7A4C46F4A27A715CD562825A22B-->  <ISACTIVE><![CDATA[Y]]></ISACTIVE>
<!--7D30B7A4C46F4A27A715CD562825A22B-->  <ACTION><![CDATA[P]]></ACTION>
<!--7D30B7A4C46F4A27A715CD562825A22B-->  <CLASSNAME><![CDATA[default]]></CLASSNAME>
<!--7D30B7A4C46F4A27A715CD562825A22B-->  <ISDEFAULT><![CDATA[N]]></ISDEFAULT>
<!--7D30B7A4C46F4A27A715CD562825A22B-->  <AD_MODULE_ID><![CDATA[F2E7A973F06D438B85FFFB96E69670D4]]></AD_MODULE_ID>
<!--7D30B7A4C46F4A27A715CD562825A22B-->  <OBJECT_TYPE><![CDATA[E]]></OBJECT_TYPE>
<!--7D30B7A4C46F4A27A715CD562825A22B-->  <SEQNO><![CDATA[20]]></SEQNO>
<!--7D30B7A4C46F4A27A715CD562825A22B-->  <NAME><![CDATA[Module default error]]></NAME>
<!--7D30B7A4C46F4A27A715CD562825A22B--></AD_MODEL_OBJECT>

<!--AF9C66B74DEC45608D0EB118159EE69F--><AD_MODEL_OBJECT>
<!--AF9C66B74DEC45608D0EB118159EE69F-->  <AD_MODEL_OBJECT_ID><![CDATA[AF9C66B74DEC45608D0EB118159EE69F]]></AD_MODEL_OBJECT_ID>
<!--AF9C66B74DEC45608D0EB118159EE69F-->  <AD_CLIENT_ID><![CDATA[0]]></AD_CLIENT_ID>
<!--AF9C66B74DEC45608D0EB118159EE69F-->  <AD_ORG_ID><![CDATA[0]]></AD_ORG_ID>
<!--AF9C66B74DEC45608D0EB118159EE69F-->  <ISACTIVE><![CDATA[Y]]></ISACTIVE>
<!--AF9C66B74DEC45608D0EB118159EE69F-->  <ACTION><![CDATA[P]]></ACTION>
<!--AF9C66B74DEC45608D0EB118159EE69F-->  <CLASSNAME><![CDATA[org.openbravo.platform.features.ad_reports.FopBarcodeReport]]></CLASSNAME>
<!--AF9C66B74DEC45608D0EB118159EE69F-->  <ISDEFAULT><![CDATA[Y]]></ISDEFAULT>
<!--AF9C66B74DEC45608D0EB118159EE69F-->  <AD_PROCESS_ID><![CDATA[4D56A80695B24A3E88826C045C27D252]]></AD_PROCESS_ID>
<!--AF9C66B74DEC45608D0EB118159EE69F-->  <OBJECT_TYPE><![CDATA[S]]></OBJECT_TYPE>
<!--AF9C66B74DEC45608D0EB118159EE69F--></AD_MODEL_OBJECT>

<!--C544BAC693FE409A935C70339FFA2385--><AD_MODEL_OBJECT>
<!--C544BAC693FE409A935C70339FFA2385-->  <AD_MODEL_OBJECT_ID><![CDATA[C544BAC693FE409A935C70339FFA2385]]></AD_MODEL_OBJECT_ID>
<!--C544BAC693FE409A935C70339FFA2385-->  <AD_CLIENT_ID><![CDATA[0]]></AD_CLIENT_ID>
<!--C544BAC693FE409A935C70339FFA2385-->  <AD_ORG_ID><![CDATA[0]]></AD_ORG_ID>
<!--C544BAC693FE409A935C70339FFA2385-->  <ISACTIVE><![CDATA[Y]]></ISACTIVE>
<!--C544BAC693FE409A935C70339FFA2385-->  <ACTION><![CDATA[P]]></ACTION>
<!--C544BAC693FE409A935C70339FFA2385-->  <CLASSNAME><![CDATA[404]]></CLASSNAME>
<!--C544BAC693FE409A935C70339FFA2385-->  <ISDEFAULT><![CDATA[N]]></ISDEFAULT>
<!--C544BAC693FE409A935C70339FFA2385-->  <AD_MODULE_ID><![CDATA[F2E7A973F06D438B85FFFB96E69670D4]]></AD_MODULE_ID>
<!--C544BAC693FE409A935C70339FFA2385-->  <OBJECT_TYPE><![CDATA[E]]></OBJECT_TYPE>
<!--C544BAC693FE409A935C70339FFA2385-->  <NAME><![CDATA[Error404]]></NAME>
<!--C544BAC693FE409A935C70339FFA2385--></AD_MODEL_OBJECT>

</data>
