<?xml version='1.0' encoding='UTF-8'?>
<data>
<!--F2E7A973F06D438B85FFFB96E69670D4--><AD_MODULE>
<!--F2E7A973F06D438B85FFFB96E69670D4-->  <AD_MODULE_ID><![CDATA[F2E7A973F06D438B85FFFB96E69670D4]]></AD_MODULE_ID>
<!--F2E7A973F06D438B85FFFB96E69670D4-->  <AD_CLIENT_ID><![CDATA[0]]></AD_CLIENT_ID>
<!--F2E7A973F06D438B85FFFB96E69670D4-->  <AD_ORG_ID><![CDATA[0]]></AD_ORG_ID>
<!--F2E7A973F06D438B85FFFB96E69670D4-->  <ISACTIVE><![CDATA[Y]]></ISACTIVE>
<!--F2E7A973F06D438B85FFFB96E69670D4-->  <NAME><![CDATA[Platform Features Testing]]></NAME>
<!--F2E7A973F06D438B85FFFB96E69670D4-->  <VERSION><![CDATA[0.4.0]]></VERSION>
<!--F2E7A973F06D438B85FFFB96E69670D4-->  <DESCRIPTION><![CDATA[Deploys platform features not present in core, so they can be tested]]></DESCRIPTION>
<!--F2E7A973F06D438B85FFFB96E69670D4-->  <TYPE><![CDATA[M]]></TYPE>
<!--F2E7A973F06D438B85FFFB96E69670D4-->  <JAVAPACKAGE><![CDATA[org.openbravo.platform.features]]></JAVAPACKAGE>
<!--F2E7A973F06D438B85FFFB96E69670D4-->  <ISTRANSLATIONREQUIRED><![CDATA[N]]></ISTRANSLATIONREQUIRED>
<!--F2E7A973F06D438B85FFFB96E69670D4-->  <AD_LANGUAGE><![CDATA[en_US]]></AD_LANGUAGE>
<!--F2E7A973F06D438B85FFFB96E69670D4-->  <HASCHARTOFACCOUNTS><![CDATA[N]]></HASCHARTOFACCOUNTS>
<!--F2E7A973F06D438B85FFFB96E69670D4-->  <ISTRANSLATIONMODULE><![CDATA[N]]></ISTRANSLATIONMODULE>
<!--F2E7A973F06D438B85FFFB96E69670D4-->  <HASREFERENCEDATA><![CDATA[N]]></HASREFERENCEDATA>
<!--F2E7A973F06D438B85FFFB96E69670D4-->  <ISCOMMERCIAL><![CDATA[N]]></ISCOMMERCIAL>
<!--F2E7A973F06D438B85FFFB96E69670D4-->  <ISTRIALALLOWED><![CDATA[N]]></ISTRIALALLOWED>
<!--F2E7A973F06D438B85FFFB96E69670D4--></AD_MODULE>

</data>
