<?xml version='1.0' encoding='UTF-8'?>
<data>
<!--530AD816F4644E8D86109E21148BBAC8--><AD_MODULE_DBPREFIX>
<!--530AD816F4644E8D86109E21148BBAC8-->  <AD_MODULE_DBPREFIX_ID><![CDATA[530AD816F4644E8D86109E21148BBAC8]]></AD_MODULE_DBPREFIX_ID>
<!--530AD816F4644E8D86109E21148BBAC8-->  <AD_CLIENT_ID><![CDATA[0]]></AD_CLIENT_ID>
<!--530AD816F4644E8D86109E21148BBAC8-->  <AD_ORG_ID><![CDATA[0]]></AD_ORG_ID>
<!--530AD816F4644E8D86109E21148BBAC8-->  <ISACTIVE><![CDATA[Y]]></ISACTIVE>
<!--530AD816F4644E8D86109E21148BBAC8-->  <AD_MODULE_ID><![CDATA[F2E7A973F06D438B85FFFB96E69670D4]]></AD_MODULE_ID>
<!--530AD816F4644E8D86109E21148BBAC8-->  <NAME><![CDATA[OBPF]]></NAME>
<!--530AD816F4644E8D86109E21148BBAC8--></AD_MODULE_DBPREFIX>

</data>
