<?xml version='1.0' encoding='UTF-8'?>
<data>
<!--D83A96EF6802495D9A7EF85E6EFAB71A--><AD_PROCESS_PARA>
<!--D83A96EF6802495D9A7EF85E6EFAB71A-->  <AD_PROCESS_PARA_ID><![CDATA[D83A96EF6802495D9A7EF85E6EFAB71A]]></AD_PROCESS_PARA_ID>
<!--D83A96EF6802495D9A7EF85E6EFAB71A-->  <AD_CLIENT_ID><![CDATA[0]]></AD_CLIENT_ID>
<!--D83A96EF6802495D9A7EF85E6EFAB71A-->  <AD_ORG_ID><![CDATA[0]]></AD_ORG_ID>
<!--D83A96EF6802495D9A7EF85E6EFAB71A-->  <ISACTIVE><![CDATA[Y]]></ISACTIVE>
<!--D83A96EF6802495D9A7EF85E6EFAB71A-->  <NAME><![CDATA[Output type]]></NAME>
<!--D83A96EF6802495D9A7EF85E6EFAB71A-->  <HELP><![CDATA[Defines the output format type from the available list.]]></HELP>
<!--D83A96EF6802495D9A7EF85E6EFAB71A-->  <AD_PROCESS_ID><![CDATA[0F848517C2F448F68EFA7331AF2C546A]]></AD_PROCESS_ID>
<!--D83A96EF6802495D9A7EF85E6EFAB71A-->  <SEQNO><![CDATA[10]]></SEQNO>
<!--D83A96EF6802495D9A7EF85E6EFAB71A-->  <AD_REFERENCE_ID><![CDATA[17]]></AD_REFERENCE_ID>
<!--D83A96EF6802495D9A7EF85E6EFAB71A-->  <AD_REFERENCE_VALUE_ID><![CDATA[0F2FF15F73A246879B4A4EE1C13855D4]]></AD_REFERENCE_VALUE_ID>
<!--D83A96EF6802495D9A7EF85E6EFAB71A-->  <COLUMNNAME><![CDATA[outputType]]></COLUMNNAME>
<!--D83A96EF6802495D9A7EF85E6EFAB71A-->  <ISCENTRALLYMAINTAINED><![CDATA[Y]]></ISCENTRALLYMAINTAINED>
<!--D83A96EF6802495D9A7EF85E6EFAB71A-->  <FIELDLENGTH><![CDATA[0]]></FIELDLENGTH>
<!--D83A96EF6802495D9A7EF85E6EFAB71A-->  <ISMANDATORY><![CDATA[N]]></ISMANDATORY>
<!--D83A96EF6802495D9A7EF85E6EFAB71A-->  <ISRANGE><![CDATA[N]]></ISRANGE>
<!--D83A96EF6802495D9A7EF85E6EFAB71A-->  <DEFAULTVALUE><![CDATA[txt]]></DEFAULTVALUE>
<!--D83A96EF6802495D9A7EF85E6EFAB71A-->  <AD_ELEMENT_ID><![CDATA[800812]]></AD_ELEMENT_ID>
<!--D83A96EF6802495D9A7EF85E6EFAB71A--></AD_PROCESS_PARA>

</data>
