<?xml version='1.0' encoding='UTF-8'?>
<data>
<!--32E2E378188C4EBD9F2B08B54B2E487C--><AD_PACKAGE>
<!--32E2E378188C4EBD9F2B08B54B2E487C-->  <AD_PACKAGE_ID><![CDATA[32E2E378188C4EBD9F2B08B54B2E487C]]></AD_PACKAGE_ID>
<!--32E2E378188C4EBD9F2B08B54B2E487C-->  <AD_CLIENT_ID><![CDATA[0]]></AD_CLIENT_ID>
<!--32E2E378188C4EBD9F2B08B54B2E487C-->  <AD_ORG_ID><![CDATA[0]]></AD_ORG_ID>
<!--32E2E378188C4EBD9F2B08B54B2E487C-->  <NAME><![CDATA[org.openbravo.platform.features]]></NAME>
<!--32E2E378188C4EBD9F2B08B54B2E487C-->  <JAVAPACKAGE><![CDATA[org.openbravo.platform.features]]></JAVAPACKAGE>
<!--32E2E378188C4EBD9F2B08B54B2E487C-->  <AD_MODULE_ID><![CDATA[F2E7A973F06D438B85FFFB96E69670D4]]></AD_MODULE_ID>
<!--32E2E378188C4EBD9F2B08B54B2E487C-->  <ISACTIVE><![CDATA[Y]]></ISACTIVE>
<!--32E2E378188C4EBD9F2B08B54B2E487C--></AD_PACKAGE>

</data>
