<?xml version='1.0' encoding='UTF-8'?>
<data>
<!--0F848517C2F448F68EFA7331AF2C546A--><AD_PROCESS>
<!--0F848517C2F448F68EFA7331AF2C546A-->  <AD_PROCESS_ID><![CDATA[0F848517C2F448F68EFA7331AF2C546A]]></AD_PROCESS_ID>
<!--0F848517C2F448F68EFA7331AF2C546A-->  <AD_CLIENT_ID><![CDATA[0]]></AD_CLIENT_ID>
<!--0F848517C2F448F68EFA7331AF2C546A-->  <AD_ORG_ID><![CDATA[0]]></AD_ORG_ID>
<!--0F848517C2F448F68EFA7331AF2C546A-->  <ISACTIVE><![CDATA[Y]]></ISACTIVE>
<!--0F848517C2F448F68EFA7331AF2C546A-->  <VALUE><![CDATA[OBPF_CitiesOfBPLocations]]></VALUE>
<!--0F848517C2F448F68EFA7331AF2C546A-->  <NAME><![CDATA[Cities of Business Partner Locations]]></NAME>
<!--0F848517C2F448F68EFA7331AF2C546A-->  <ACCESSLEVEL><![CDATA[3]]></ACCESSLEVEL>
<!--0F848517C2F448F68EFA7331AF2C546A-->  <ISUSERSTARTABLE><![CDATA[N]]></ISUSERSTARTABLE>
<!--0F848517C2F448F68EFA7331AF2C546A-->  <ISREPORT><![CDATA[N]]></ISREPORT>
<!--0F848517C2F448F68EFA7331AF2C546A-->  <ISDIRECTPRINT><![CDATA[N]]></ISDIRECTPRINT>
<!--0F848517C2F448F68EFA7331AF2C546A-->  <ISBACKGROUND><![CDATA[N]]></ISBACKGROUND>
<!--0F848517C2F448F68EFA7331AF2C546A-->  <ISJASPER><![CDATA[Y]]></ISJASPER>
<!--0F848517C2F448F68EFA7331AF2C546A-->  <JRNAME><![CDATA[@basedesign@/org/openbravo/platform/features/ad_reports/CitiesTextReport.jrxml]]></JRNAME>
<!--0F848517C2F448F68EFA7331AF2C546A-->  <ISEXTERNALSERVICE><![CDATA[N]]></ISEXTERNALSERVICE>
<!--0F848517C2F448F68EFA7331AF2C546A-->  <AD_MODULE_ID><![CDATA[F2E7A973F06D438B85FFFB96E69670D4]]></AD_MODULE_ID>
<!--0F848517C2F448F68EFA7331AF2C546A-->  <UIPATTERN><![CDATA[S]]></UIPATTERN>
<!--0F848517C2F448F68EFA7331AF2C546A-->  <ISADVANCEDFEATURE><![CDATA[N]]></ISADVANCEDFEATURE>
<!--0F848517C2F448F68EFA7331AF2C546A-->  <PREVENTCONCURRENT><![CDATA[N]]></PREVENTCONCURRENT>
<!--0F848517C2F448F68EFA7331AF2C546A-->  <IS_EXPLICIT_ACCESS><![CDATA[N]]></IS_EXPLICIT_ACCESS>
<!--0F848517C2F448F68EFA7331AF2C546A-->  <ISKILLABLE><![CDATA[N]]></ISKILLABLE>
<!--0F848517C2F448F68EFA7331AF2C546A--></AD_PROCESS>

<!--4D56A80695B24A3E88826C045C27D252--><AD_PROCESS>
<!--4D56A80695B24A3E88826C045C27D252-->  <AD_PROCESS_ID><![CDATA[4D56A80695B24A3E88826C045C27D252]]></AD_PROCESS_ID>
<!--4D56A80695B24A3E88826C045C27D252-->  <AD_CLIENT_ID><![CDATA[0]]></AD_CLIENT_ID>
<!--4D56A80695B24A3E88826C045C27D252-->  <AD_ORG_ID><![CDATA[0]]></AD_ORG_ID>
<!--4D56A80695B24A3E88826C045C27D252-->  <ISACTIVE><![CDATA[Y]]></ISACTIVE>
<!--4D56A80695B24A3E88826C045C27D252-->  <VALUE><![CDATA[OBPF_Barcode_Report]]></VALUE>
<!--4D56A80695B24A3E88826C045C27D252-->  <NAME><![CDATA[FOP Barcode Report]]></NAME>
<!--4D56A80695B24A3E88826C045C27D252-->  <ACCESSLEVEL><![CDATA[7]]></ACCESSLEVEL>
<!--4D56A80695B24A3E88826C045C27D252-->  <ISUSERSTARTABLE><![CDATA[N]]></ISUSERSTARTABLE>
<!--4D56A80695B24A3E88826C045C27D252-->  <ISREPORT><![CDATA[Y]]></ISREPORT>
<!--4D56A80695B24A3E88826C045C27D252-->  <ISDIRECTPRINT><![CDATA[N]]></ISDIRECTPRINT>
<!--4D56A80695B24A3E88826C045C27D252-->  <ISBACKGROUND><![CDATA[N]]></ISBACKGROUND>
<!--4D56A80695B24A3E88826C045C27D252-->  <ISJASPER><![CDATA[N]]></ISJASPER>
<!--4D56A80695B24A3E88826C045C27D252-->  <ISEXTERNALSERVICE><![CDATA[N]]></ISEXTERNALSERVICE>
<!--4D56A80695B24A3E88826C045C27D252-->  <AD_MODULE_ID><![CDATA[F2E7A973F06D438B85FFFB96E69670D4]]></AD_MODULE_ID>
<!--4D56A80695B24A3E88826C045C27D252-->  <UIPATTERN><![CDATA[M]]></UIPATTERN>
<!--4D56A80695B24A3E88826C045C27D252-->  <ISADVANCEDFEATURE><![CDATA[N]]></ISADVANCEDFEATURE>
<!--4D56A80695B24A3E88826C045C27D252-->  <PREVENTCONCURRENT><![CDATA[N]]></PREVENTCONCURRENT>
<!--4D56A80695B24A3E88826C045C27D252-->  <IS_EXPLICIT_ACCESS><![CDATA[N]]></IS_EXPLICIT_ACCESS>
<!--4D56A80695B24A3E88826C045C27D252-->  <ISKILLABLE><![CDATA[N]]></ISKILLABLE>
<!--4D56A80695B24A3E88826C045C27D252--></AD_PROCESS>

</data>
