<?xml version='1.0' encoding='UTF-8'?>
<data>
<!--0F2FF15F73A246879B4A4EE1C13855D4--><AD_REFERENCE>
<!--0F2FF15F73A246879B4A4EE1C13855D4-->  <AD_REFERENCE_ID><![CDATA[0F2FF15F73A246879B4A4EE1C13855D4]]></AD_REFERENCE_ID>
<!--0F2FF15F73A246879B4A4EE1C13855D4-->  <AD_CLIENT_ID><![CDATA[0]]></AD_CLIENT_ID>
<!--0F2FF15F73A246879B4A4EE1C13855D4-->  <AD_ORG_ID><![CDATA[0]]></AD_ORG_ID>
<!--0F2FF15F73A246879B4A4EE1C13855D4-->  <ISACTIVE><![CDATA[Y]]></ISACTIVE>
<!--0F2FF15F73A246879B4A4EE1C13855D4-->  <NAME><![CDATA[Text Output Type]]></NAME>
<!--0F2FF15F73A246879B4A4EE1C13855D4-->  <AD_MODULE_ID><![CDATA[F2E7A973F06D438B85FFFB96E69670D4]]></AD_MODULE_ID>
<!--0F2FF15F73A246879B4A4EE1C13855D4-->  <ISBASEREFERENCE><![CDATA[N]]></ISBASEREFERENCE>
<!--0F2FF15F73A246879B4A4EE1C13855D4-->  <PARENTREFERENCE_ID><![CDATA[17]]></PARENTREFERENCE_ID>
<!--0F2FF15F73A246879B4A4EE1C13855D4-->  <ISVALUEDISPLAYED><![CDATA[N]]></ISVALUEDISPLAYED>
<!--0F2FF15F73A246879B4A4EE1C13855D4--></AD_REFERENCE>

<!--3DD4648733EB4F05BCBCD8CAAFA233D9--><AD_REFERENCE>
<!--3DD4648733EB4F05BCBCD8CAAFA233D9-->  <AD_REFERENCE_ID><![CDATA[3DD4648733EB4F05BCBCD8CAAFA233D9]]></AD_REFERENCE_ID>
<!--3DD4648733EB4F05BCBCD8CAAFA233D9-->  <AD_CLIENT_ID><![CDATA[0]]></AD_CLIENT_ID>
<!--3DD4648733EB4F05BCBCD8CAAFA233D9-->  <AD_ORG_ID><![CDATA[0]]></AD_ORG_ID>
<!--3DD4648733EB4F05BCBCD8CAAFA233D9-->  <ISACTIVE><![CDATA[Y]]></ISACTIVE>
<!--3DD4648733EB4F05BCBCD8CAAFA233D9-->  <NAME><![CDATA[Product Category]]></NAME>
<!--3DD4648733EB4F05BCBCD8CAAFA233D9-->  <AD_MODULE_ID><![CDATA[F2E7A973F06D438B85FFFB96E69670D4]]></AD_MODULE_ID>
<!--3DD4648733EB4F05BCBCD8CAAFA233D9-->  <ISBASEREFERENCE><![CDATA[N]]></ISBASEREFERENCE>
<!--3DD4648733EB4F05BCBCD8CAAFA233D9-->  <PARENTREFERENCE_ID><![CDATA[87E6CFF8F71548AFA33F181C317970B5]]></PARENTREFERENCE_ID>
<!--3DD4648733EB4F05BCBCD8CAAFA233D9-->  <ISVALUEDISPLAYED><![CDATA[N]]></ISVALUEDISPLAYED>
<!--3DD4648733EB4F05BCBCD8CAAFA233D9--></AD_REFERENCE>

<!--4BE670FF5027457A894A2F4D4E869D4D--><AD_REFERENCE>
<!--4BE670FF5027457A894A2F4D4E869D4D-->  <AD_REFERENCE_ID><![CDATA[4BE670FF5027457A894A2F4D4E869D4D]]></AD_REFERENCE_ID>
<!--4BE670FF5027457A894A2F4D4E869D4D-->  <AD_CLIENT_ID><![CDATA[0]]></AD_CLIENT_ID>
<!--4BE670FF5027457A894A2F4D4E869D4D-->  <AD_ORG_ID><![CDATA[0]]></AD_ORG_ID>
<!--4BE670FF5027457A894A2F4D4E869D4D-->  <ISACTIVE><![CDATA[Y]]></ISACTIVE>
<!--4BE670FF5027457A894A2F4D4E869D4D-->  <NAME><![CDATA[Business Partner Category Selector]]></NAME>
<!--4BE670FF5027457A894A2F4D4E869D4D-->  <AD_MODULE_ID><![CDATA[F2E7A973F06D438B85FFFB96E69670D4]]></AD_MODULE_ID>
<!--4BE670FF5027457A894A2F4D4E869D4D-->  <ISBASEREFERENCE><![CDATA[N]]></ISBASEREFERENCE>
<!--4BE670FF5027457A894A2F4D4E869D4D-->  <PARENTREFERENCE_ID><![CDATA[95E2A8B50A254B2AAE6774B8C2F28120]]></PARENTREFERENCE_ID>
<!--4BE670FF5027457A894A2F4D4E869D4D-->  <ISVALUEDISPLAYED><![CDATA[N]]></ISVALUEDISPLAYED>
<!--4BE670FF5027457A894A2F4D4E869D4D--></AD_REFERENCE>

<!--9544890146C6439D8025BD4EFCE6D089--><AD_REFERENCE>
<!--9544890146C6439D8025BD4EFCE6D089-->  <AD_REFERENCE_ID><![CDATA[9544890146C6439D8025BD4EFCE6D089]]></AD_REFERENCE_ID>
<!--9544890146C6439D8025BD4EFCE6D089-->  <AD_CLIENT_ID><![CDATA[0]]></AD_CLIENT_ID>
<!--9544890146C6439D8025BD4EFCE6D089-->  <AD_ORG_ID><![CDATA[0]]></AD_ORG_ID>
<!--9544890146C6439D8025BD4EFCE6D089-->  <ISACTIVE><![CDATA[Y]]></ISACTIVE>
<!--9544890146C6439D8025BD4EFCE6D089-->  <NAME><![CDATA[Business Partner (add new)]]></NAME>
<!--9544890146C6439D8025BD4EFCE6D089-->  <AD_MODULE_ID><![CDATA[F2E7A973F06D438B85FFFB96E69670D4]]></AD_MODULE_ID>
<!--9544890146C6439D8025BD4EFCE6D089-->  <ISBASEREFERENCE><![CDATA[N]]></ISBASEREFERENCE>
<!--9544890146C6439D8025BD4EFCE6D089-->  <PARENTREFERENCE_ID><![CDATA[95E2A8B50A254B2AAE6774B8C2F28120]]></PARENTREFERENCE_ID>
<!--9544890146C6439D8025BD4EFCE6D089-->  <ISVALUEDISPLAYED><![CDATA[N]]></ISVALUEDISPLAYED>
<!--9544890146C6439D8025BD4EFCE6D089--></AD_REFERENCE>

<!--DD74FF1AB8014E48B3891AF51B8ED2FF--><AD_REFERENCE>
<!--DD74FF1AB8014E48B3891AF51B8ED2FF-->  <AD_REFERENCE_ID><![CDATA[DD74FF1AB8014E48B3891AF51B8ED2FF]]></AD_REFERENCE_ID>
<!--DD74FF1AB8014E48B3891AF51B8ED2FF-->  <AD_CLIENT_ID><![CDATA[0]]></AD_CLIENT_ID>
<!--DD74FF1AB8014E48B3891AF51B8ED2FF-->  <AD_ORG_ID><![CDATA[0]]></AD_ORG_ID>
<!--DD74FF1AB8014E48B3891AF51B8ED2FF-->  <ISACTIVE><![CDATA[Y]]></ISACTIVE>
<!--DD74FF1AB8014E48B3891AF51B8ED2FF-->  <NAME><![CDATA[OBPF_SimpleOrderWindowReference]]></NAME>
<!--DD74FF1AB8014E48B3891AF51B8ED2FF-->  <AD_MODULE_ID><![CDATA[F2E7A973F06D438B85FFFB96E69670D4]]></AD_MODULE_ID>
<!--DD74FF1AB8014E48B3891AF51B8ED2FF-->  <ISBASEREFERENCE><![CDATA[N]]></ISBASEREFERENCE>
<!--DD74FF1AB8014E48B3891AF51B8ED2FF-->  <PARENTREFERENCE_ID><![CDATA[FF80818132D8F0F30132D9BC395D0038]]></PARENTREFERENCE_ID>
<!--DD74FF1AB8014E48B3891AF51B8ED2FF-->  <ISVALUEDISPLAYED><![CDATA[N]]></ISVALUEDISPLAYED>
<!--DD74FF1AB8014E48B3891AF51B8ED2FF--></AD_REFERENCE>

<!--F7CF1D5010CC4DECA9EC42D9F261F7FF--><AD_REFERENCE>
<!--F7CF1D5010CC4DECA9EC42D9F261F7FF-->  <AD_REFERENCE_ID><![CDATA[F7CF1D5010CC4DECA9EC42D9F261F7FF]]></AD_REFERENCE_ID>
<!--F7CF1D5010CC4DECA9EC42D9F261F7FF-->  <AD_CLIENT_ID><![CDATA[0]]></AD_CLIENT_ID>
<!--F7CF1D5010CC4DECA9EC42D9F261F7FF-->  <AD_ORG_ID><![CDATA[0]]></AD_ORG_ID>
<!--F7CF1D5010CC4DECA9EC42D9F261F7FF-->  <ISACTIVE><![CDATA[Y]]></ISACTIVE>
<!--F7CF1D5010CC4DECA9EC42D9F261F7FF-->  <NAME><![CDATA[Org Tree]]></NAME>
<!--F7CF1D5010CC4DECA9EC42D9F261F7FF-->  <AD_MODULE_ID><![CDATA[F2E7A973F06D438B85FFFB96E69670D4]]></AD_MODULE_ID>
<!--F7CF1D5010CC4DECA9EC42D9F261F7FF-->  <ISBASEREFERENCE><![CDATA[N]]></ISBASEREFERENCE>
<!--F7CF1D5010CC4DECA9EC42D9F261F7FF-->  <PARENTREFERENCE_ID><![CDATA[8C57A4A2E05F4261A1FADF47C30398AD]]></PARENTREFERENCE_ID>
<!--F7CF1D5010CC4DECA9EC42D9F261F7FF-->  <ISVALUEDISPLAYED><![CDATA[N]]></ISVALUEDISPLAYED>
<!--F7CF1D5010CC4DECA9EC42D9F261F7FF--></AD_REFERENCE>

<!--FDDFD7E092CD4DF28ADB07EC99ECE3BF--><AD_REFERENCE>
<!--FDDFD7E092CD4DF28ADB07EC99ECE3BF-->  <AD_REFERENCE_ID><![CDATA[FDDFD7E092CD4DF28ADB07EC99ECE3BF]]></AD_REFERENCE_ID>
<!--FDDFD7E092CD4DF28ADB07EC99ECE3BF-->  <AD_CLIENT_ID><![CDATA[0]]></AD_CLIENT_ID>
<!--FDDFD7E092CD4DF28ADB07EC99ECE3BF-->  <AD_ORG_ID><![CDATA[0]]></AD_ORG_ID>
<!--FDDFD7E092CD4DF28ADB07EC99ECE3BF-->  <ISACTIVE><![CDATA[Y]]></ISACTIVE>
<!--FDDFD7E092CD4DF28ADB07EC99ECE3BF-->  <NAME><![CDATA[Employee Tree Selector]]></NAME>
<!--FDDFD7E092CD4DF28ADB07EC99ECE3BF-->  <AD_MODULE_ID><![CDATA[F2E7A973F06D438B85FFFB96E69670D4]]></AD_MODULE_ID>
<!--FDDFD7E092CD4DF28ADB07EC99ECE3BF-->  <ISBASEREFERENCE><![CDATA[N]]></ISBASEREFERENCE>
<!--FDDFD7E092CD4DF28ADB07EC99ECE3BF-->  <PARENTREFERENCE_ID><![CDATA[8C57A4A2E05F4261A1FADF47C30398AD]]></PARENTREFERENCE_ID>
<!--FDDFD7E092CD4DF28ADB07EC99ECE3BF-->  <ISVALUEDISPLAYED><![CDATA[N]]></ISVALUEDISPLAYED>
<!--FDDFD7E092CD4DF28ADB07EC99ECE3BF--></AD_REFERENCE>

</data>
