<?xml version='1.0' encoding='UTF-8'?>
<data>
<!--17B8CD940931470B90CFE3B3E241995F--><AD_REF_TREE_FIELD>
<!--17B8CD940931470B90CFE3B3E241995F-->  <AD_REF_TREE_FIELD_ID><![CDATA[17B8CD940931470B90CFE3B3E241995F]]></AD_REF_TREE_FIELD_ID>
<!--17B8CD940931470B90CFE3B3E241995F-->  <AD_REF_TREE_ID><![CDATA[FB724520BDF7499DAD84BD4509895D37]]></AD_REF_TREE_ID>
<!--17B8CD940931470B90CFE3B3E241995F-->  <AD_CLIENT_ID><![CDATA[0]]></AD_CLIENT_ID>
<!--17B8CD940931470B90CFE3B3E241995F-->  <AD_ORG_ID><![CDATA[0]]></AD_ORG_ID>
<!--17B8CD940931470B90CFE3B3E241995F-->  <AD_MODULE_ID><![CDATA[F2E7A973F06D438B85FFFB96E69670D4]]></AD_MODULE_ID>
<!--17B8CD940931470B90CFE3B3E241995F-->  <NAME><![CDATA[name]]></NAME>
<!--17B8CD940931470B90CFE3B3E241995F-->  <PROPERTY><![CDATA[name]]></PROPERTY>
<!--17B8CD940931470B90CFE3B3E241995F-->  <ISCENTRALLYMAINTAINED><![CDATA[Y]]></ISCENTRALLYMAINTAINED>
<!--17B8CD940931470B90CFE3B3E241995F-->  <SORT><![CDATA[Y]]></SORT>
<!--17B8CD940931470B90CFE3B3E241995F-->  <FILTER><![CDATA[Y]]></FILTER>
<!--17B8CD940931470B90CFE3B3E241995F-->  <SEARCHINSUGGESTIONBOX><![CDATA[Y]]></SEARCHINSUGGESTIONBOX>
<!--17B8CD940931470B90CFE3B3E241995F-->  <SHOWINGRID><![CDATA[Y]]></SHOWINGRID>
<!--17B8CD940931470B90CFE3B3E241995F-->  <SORTNO><![CDATA[0]]></SORTNO>
<!--17B8CD940931470B90CFE3B3E241995F-->  <ISACTIVE><![CDATA[Y]]></ISACTIVE>
<!--17B8CD940931470B90CFE3B3E241995F-->  <SHOWINPICKLIST><![CDATA[Y]]></SHOWINPICKLIST>
<!--17B8CD940931470B90CFE3B3E241995F--></AD_REF_TREE_FIELD>

<!--485B943A82734169A83CADF457565EE1--><AD_REF_TREE_FIELD>
<!--485B943A82734169A83CADF457565EE1-->  <AD_REF_TREE_FIELD_ID><![CDATA[485B943A82734169A83CADF457565EE1]]></AD_REF_TREE_FIELD_ID>
<!--485B943A82734169A83CADF457565EE1-->  <AD_REF_TREE_ID><![CDATA[5407A73D9E094D6C8064E38961C4328C]]></AD_REF_TREE_ID>
<!--485B943A82734169A83CADF457565EE1-->  <AD_CLIENT_ID><![CDATA[0]]></AD_CLIENT_ID>
<!--485B943A82734169A83CADF457565EE1-->  <AD_ORG_ID><![CDATA[0]]></AD_ORG_ID>
<!--485B943A82734169A83CADF457565EE1-->  <AD_MODULE_ID><![CDATA[F2E7A973F06D438B85FFFB96E69670D4]]></AD_MODULE_ID>
<!--485B943A82734169A83CADF457565EE1-->  <NAME><![CDATA[name]]></NAME>
<!--485B943A82734169A83CADF457565EE1-->  <PROPERTY><![CDATA[name]]></PROPERTY>
<!--485B943A82734169A83CADF457565EE1-->  <ISCENTRALLYMAINTAINED><![CDATA[N]]></ISCENTRALLYMAINTAINED>
<!--485B943A82734169A83CADF457565EE1-->  <SORT><![CDATA[Y]]></SORT>
<!--485B943A82734169A83CADF457565EE1-->  <FILTER><![CDATA[Y]]></FILTER>
<!--485B943A82734169A83CADF457565EE1-->  <SEARCHINSUGGESTIONBOX><![CDATA[Y]]></SEARCHINSUGGESTIONBOX>
<!--485B943A82734169A83CADF457565EE1-->  <SHOWINGRID><![CDATA[Y]]></SHOWINGRID>
<!--485B943A82734169A83CADF457565EE1-->  <SORTNO><![CDATA[0]]></SORTNO>
<!--485B943A82734169A83CADF457565EE1-->  <ISACTIVE><![CDATA[Y]]></ISACTIVE>
<!--485B943A82734169A83CADF457565EE1-->  <SHOWINPICKLIST><![CDATA[Y]]></SHOWINPICKLIST>
<!--485B943A82734169A83CADF457565EE1--></AD_REF_TREE_FIELD>

<!--54E3A1D5C14A4AAF9B6E37B7E088E6A4--><AD_REF_TREE_FIELD>
<!--54E3A1D5C14A4AAF9B6E37B7E088E6A4-->  <AD_REF_TREE_FIELD_ID><![CDATA[54E3A1D5C14A4AAF9B6E37B7E088E6A4]]></AD_REF_TREE_FIELD_ID>
<!--54E3A1D5C14A4AAF9B6E37B7E088E6A4-->  <AD_REF_TREE_ID><![CDATA[FB724520BDF7499DAD84BD4509895D37]]></AD_REF_TREE_ID>
<!--54E3A1D5C14A4AAF9B6E37B7E088E6A4-->  <AD_CLIENT_ID><![CDATA[0]]></AD_CLIENT_ID>
<!--54E3A1D5C14A4AAF9B6E37B7E088E6A4-->  <AD_ORG_ID><![CDATA[0]]></AD_ORG_ID>
<!--54E3A1D5C14A4AAF9B6E37B7E088E6A4-->  <AD_MODULE_ID><![CDATA[F2E7A973F06D438B85FFFB96E69670D4]]></AD_MODULE_ID>
<!--54E3A1D5C14A4AAF9B6E37B7E088E6A4-->  <NAME><![CDATA[id]]></NAME>
<!--54E3A1D5C14A4AAF9B6E37B7E088E6A4-->  <PROPERTY><![CDATA[id]]></PROPERTY>
<!--54E3A1D5C14A4AAF9B6E37B7E088E6A4-->  <ISCENTRALLYMAINTAINED><![CDATA[Y]]></ISCENTRALLYMAINTAINED>
<!--54E3A1D5C14A4AAF9B6E37B7E088E6A4-->  <SORT><![CDATA[N]]></SORT>
<!--54E3A1D5C14A4AAF9B6E37B7E088E6A4-->  <FILTER><![CDATA[N]]></FILTER>
<!--54E3A1D5C14A4AAF9B6E37B7E088E6A4-->  <SEARCHINSUGGESTIONBOX><![CDATA[N]]></SEARCHINSUGGESTIONBOX>
<!--54E3A1D5C14A4AAF9B6E37B7E088E6A4-->  <SHOWINGRID><![CDATA[N]]></SHOWINGRID>
<!--54E3A1D5C14A4AAF9B6E37B7E088E6A4-->  <SORTNO><![CDATA[0]]></SORTNO>
<!--54E3A1D5C14A4AAF9B6E37B7E088E6A4-->  <ISACTIVE><![CDATA[Y]]></ISACTIVE>
<!--54E3A1D5C14A4AAF9B6E37B7E088E6A4-->  <SHOWINPICKLIST><![CDATA[N]]></SHOWINPICKLIST>
<!--54E3A1D5C14A4AAF9B6E37B7E088E6A4--></AD_REF_TREE_FIELD>

</data>
