<?xml version='1.0' encoding='UTF-8'?>
<data>
<!--5407A73D9E094D6C8064E38961C4328C--><AD_REF_TREE>
<!--5407A73D9E094D6C8064E38961C4328C-->  <AD_REF_TREE_ID><![CDATA[5407A73D9E094D6C8064E38961C4328C]]></AD_REF_TREE_ID>
<!--5407A73D9E094D6C8064E38961C4328C-->  <AD_CLIENT_ID><![CDATA[0]]></AD_CLIENT_ID>
<!--5407A73D9E094D6C8064E38961C4328C-->  <AD_ORG_ID><![CDATA[0]]></AD_ORG_ID>
<!--5407A73D9E094D6C8064E38961C4328C-->  <ISACTIVE><![CDATA[Y]]></ISACTIVE>
<!--5407A73D9E094D6C8064E38961C4328C-->  <AD_REFERENCE_ID><![CDATA[F7CF1D5010CC4DECA9EC42D9F261F7FF]]></AD_REFERENCE_ID>
<!--5407A73D9E094D6C8064E38961C4328C-->  <AD_TABLE_ID><![CDATA[155]]></AD_TABLE_ID>
<!--5407A73D9E094D6C8064E38961C4328C-->  <AD_TABLE_TREE_ID><![CDATA[21E9F7EED1F24E95B0F4F21CF87AF995]]></AD_TABLE_TREE_ID>
<!--5407A73D9E094D6C8064E38961C4328C-->  <AD_MODULE_ID><![CDATA[F2E7A973F06D438B85FFFB96E69670D4]]></AD_MODULE_ID>
<!--5407A73D9E094D6C8064E38961C4328C--></AD_REF_TREE>

<!--FB724520BDF7499DAD84BD4509895D37--><AD_REF_TREE>
<!--FB724520BDF7499DAD84BD4509895D37-->  <AD_REF_TREE_ID><![CDATA[FB724520BDF7499DAD84BD4509895D37]]></AD_REF_TREE_ID>
<!--FB724520BDF7499DAD84BD4509895D37-->  <AD_CLIENT_ID><![CDATA[0]]></AD_CLIENT_ID>
<!--FB724520BDF7499DAD84BD4509895D37-->  <AD_ORG_ID><![CDATA[0]]></AD_ORG_ID>
<!--FB724520BDF7499DAD84BD4509895D37-->  <ISACTIVE><![CDATA[Y]]></ISACTIVE>
<!--FB724520BDF7499DAD84BD4509895D37-->  <AD_REFERENCE_ID><![CDATA[FDDFD7E092CD4DF28ADB07EC99ECE3BF]]></AD_REFERENCE_ID>
<!--FB724520BDF7499DAD84BD4509895D37-->  <AD_TABLE_ID><![CDATA[3031CD3CE1C2498A8041B412F93D890A]]></AD_TABLE_ID>
<!--FB724520BDF7499DAD84BD4509895D37-->  <VALUEFIELD_ID><![CDATA[54E3A1D5C14A4AAF9B6E37B7E088E6A4]]></VALUEFIELD_ID>
<!--FB724520BDF7499DAD84BD4509895D37-->  <DISPLAYFIELD_ID><![CDATA[17B8CD940931470B90CFE3B3E241995F]]></DISPLAYFIELD_ID>
<!--FB724520BDF7499DAD84BD4509895D37-->  <AD_TABLE_TREE_ID><![CDATA[EC537B93B5A446808FA436C1766A1D73]]></AD_TABLE_TREE_ID>
<!--FB724520BDF7499DAD84BD4509895D37-->  <AD_MODULE_ID><![CDATA[F2E7A973F06D438B85FFFB96E69670D4]]></AD_MODULE_ID>
<!--FB724520BDF7499DAD84BD4509895D37--></AD_REF_TREE>

</data>
