<?xml version='1.0' encoding='UTF-8'?>
<data>
<!--669B5F2DFB294A3AB0B00F0D520A2C89--><AD_REF_LIST>
<!--669B5F2DFB294A3AB0B00F0D520A2C89-->  <AD_REF_LIST_ID><![CDATA[669B5F2DFB294A3AB0B00F0D520A2C89]]></AD_REF_LIST_ID>
<!--669B5F2DFB294A3AB0B00F0D520A2C89-->  <AD_CLIENT_ID><![CDATA[0]]></AD_CLIENT_ID>
<!--669B5F2DFB294A3AB0B00F0D520A2C89-->  <AD_ORG_ID><![CDATA[0]]></AD_ORG_ID>
<!--669B5F2DFB294A3AB0B00F0D520A2C89-->  <ISACTIVE><![CDATA[Y]]></ISACTIVE>
<!--669B5F2DFB294A3AB0B00F0D520A2C89-->  <VALUE><![CDATA[html]]></VALUE>
<!--669B5F2DFB294A3AB0B00F0D520A2C89-->  <NAME><![CDATA[Html]]></NAME>
<!--669B5F2DFB294A3AB0B00F0D520A2C89-->  <AD_REFERENCE_ID><![CDATA[0F2FF15F73A246879B4A4EE1C13855D4]]></AD_REFERENCE_ID>
<!--669B5F2DFB294A3AB0B00F0D520A2C89-->  <AD_MODULE_ID><![CDATA[F2E7A973F06D438B85FFFB96E69670D4]]></AD_MODULE_ID>
<!--669B5F2DFB294A3AB0B00F0D520A2C89--></AD_REF_LIST>

<!--76D9A9C79A0E45E0A2D77C1BDD05670B--><AD_REF_LIST>
<!--76D9A9C79A0E45E0A2D77C1BDD05670B-->  <AD_REF_LIST_ID><![CDATA[76D9A9C79A0E45E0A2D77C1BDD05670B]]></AD_REF_LIST_ID>
<!--76D9A9C79A0E45E0A2D77C1BDD05670B-->  <AD_CLIENT_ID><![CDATA[0]]></AD_CLIENT_ID>
<!--76D9A9C79A0E45E0A2D77C1BDD05670B-->  <AD_ORG_ID><![CDATA[0]]></AD_ORG_ID>
<!--76D9A9C79A0E45E0A2D77C1BDD05670B-->  <ISACTIVE><![CDATA[Y]]></ISACTIVE>
<!--76D9A9C79A0E45E0A2D77C1BDD05670B-->  <VALUE><![CDATA[txt]]></VALUE>
<!--76D9A9C79A0E45E0A2D77C1BDD05670B-->  <NAME><![CDATA[Text]]></NAME>
<!--76D9A9C79A0E45E0A2D77C1BDD05670B-->  <AD_REFERENCE_ID><![CDATA[0F2FF15F73A246879B4A4EE1C13855D4]]></AD_REFERENCE_ID>
<!--76D9A9C79A0E45E0A2D77C1BDD05670B-->  <AD_MODULE_ID><![CDATA[F2E7A973F06D438B85FFFB96E69670D4]]></AD_MODULE_ID>
<!--76D9A9C79A0E45E0A2D77C1BDD05670B--></AD_REF_LIST>

<!--D189622BCF7A4BB8A5DFABEABDB55E4A--><AD_REF_LIST>
<!--D189622BCF7A4BB8A5DFABEABDB55E4A-->  <AD_REF_LIST_ID><![CDATA[D189622BCF7A4BB8A5DFABEABDB55E4A]]></AD_REF_LIST_ID>
<!--D189622BCF7A4BB8A5DFABEABDB55E4A-->  <AD_CLIENT_ID><![CDATA[0]]></AD_CLIENT_ID>
<!--D189622BCF7A4BB8A5DFABEABDB55E4A-->  <AD_ORG_ID><![CDATA[0]]></AD_ORG_ID>
<!--D189622BCF7A4BB8A5DFABEABDB55E4A-->  <ISACTIVE><![CDATA[Y]]></ISACTIVE>
<!--D189622BCF7A4BB8A5DFABEABDB55E4A-->  <VALUE><![CDATA[csv]]></VALUE>
<!--D189622BCF7A4BB8A5DFABEABDB55E4A-->  <NAME><![CDATA[Csv]]></NAME>
<!--D189622BCF7A4BB8A5DFABEABDB55E4A-->  <AD_REFERENCE_ID><![CDATA[0F2FF15F73A246879B4A4EE1C13855D4]]></AD_REFERENCE_ID>
<!--D189622BCF7A4BB8A5DFABEABDB55E4A-->  <AD_MODULE_ID><![CDATA[F2E7A973F06D438B85FFFB96E69670D4]]></AD_MODULE_ID>
<!--D189622BCF7A4BB8A5DFABEABDB55E4A--></AD_REF_LIST>

</data>
