<?xml version='1.0' encoding='UTF-8'?>
<data>
<!--107BDE304E5A4E60857A874EAAD31245--><AD_TABLE>
<!--107BDE304E5A4E60857A874EAAD31245-->  <AD_TABLE_ID><![CDATA[107BDE304E5A4E60857A874EAAD31245]]></AD_TABLE_ID>
<!--107BDE304E5A4E60857A874EAAD31245-->  <AD_CLIENT_ID><![CDATA[0]]></AD_CLIENT_ID>
<!--107BDE304E5A4E60857A874EAAD31245-->  <AD_ORG_ID><![CDATA[0]]></AD_ORG_ID>
<!--107BDE304E5A4E60857A874EAAD31245-->  <ISACTIVE><![CDATA[Y]]></ISACTIVE>
<!--107BDE304E5A4E60857A874EAAD31245-->  <NAME><![CDATA[OBPF_ObservedEntity]]></NAME>
<!--107BDE304E5A4E60857A874EAAD31245-->  <DESCRIPTION><![CDATA[Contains the entities observed by an event handler]]></DESCRIPTION>
<!--107BDE304E5A4E60857A874EAAD31245-->  <HELP><![CDATA[Contains the entities observed by an event handler]]></HELP>
<!--107BDE304E5A4E60857A874EAAD31245-->  <TABLENAME><![CDATA[OBPF_ObservedEntity]]></TABLENAME>
<!--107BDE304E5A4E60857A874EAAD31245-->  <ISVIEW><![CDATA[N]]></ISVIEW>
<!--107BDE304E5A4E60857A874EAAD31245-->  <ACCESSLEVEL><![CDATA[4]]></ACCESSLEVEL>
<!--107BDE304E5A4E60857A874EAAD31245-->  <ISSECURITYENABLED><![CDATA[N]]></ISSECURITYENABLED>
<!--107BDE304E5A4E60857A874EAAD31245-->  <ISDELETEABLE><![CDATA[N]]></ISDELETEABLE>
<!--107BDE304E5A4E60857A874EAAD31245-->  <ISHIGHVOLUME><![CDATA[N]]></ISHIGHVOLUME>
<!--107BDE304E5A4E60857A874EAAD31245-->  <IMPORTTABLE><![CDATA[N]]></IMPORTTABLE>
<!--107BDE304E5A4E60857A874EAAD31245-->  <ISCHANGELOG><![CDATA[N]]></ISCHANGELOG>
<!--107BDE304E5A4E60857A874EAAD31245-->  <ISDEFAULTACCT><![CDATA[N]]></ISDEFAULTACCT>
<!--107BDE304E5A4E60857A874EAAD31245-->  <DEVELOPMENTSTATUS><![CDATA[RE]]></DEVELOPMENTSTATUS>
<!--107BDE304E5A4E60857A874EAAD31245-->  <AD_PACKAGE_ID><![CDATA[32E2E378188C4EBD9F2B08B54B2E487C]]></AD_PACKAGE_ID>
<!--107BDE304E5A4E60857A874EAAD31245-->  <DATAORIGINTYPE><![CDATA[Datasource]]></DATAORIGINTYPE>
<!--107BDE304E5A4E60857A874EAAD31245-->  <OBSERDS_DATASOURCE_ID><![CDATA[2679C519A2364BBDBDBE9106F826F070]]></OBSERDS_DATASOURCE_ID>
<!--107BDE304E5A4E60857A874EAAD31245-->  <ISTREE><![CDATA[N]]></ISTREE>
<!--107BDE304E5A4E60857A874EAAD31245--></AD_TABLE>

<!--1CF05E8D0F05490FA8FF9077F6CD9536--><AD_TABLE>
<!--1CF05E8D0F05490FA8FF9077F6CD9536-->  <AD_TABLE_ID><![CDATA[1CF05E8D0F05490FA8FF9077F6CD9536]]></AD_TABLE_ID>
<!--1CF05E8D0F05490FA8FF9077F6CD9536-->  <AD_CLIENT_ID><![CDATA[0]]></AD_CLIENT_ID>
<!--1CF05E8D0F05490FA8FF9077F6CD9536-->  <AD_ORG_ID><![CDATA[0]]></AD_ORG_ID>
<!--1CF05E8D0F05490FA8FF9077F6CD9536-->  <ISACTIVE><![CDATA[Y]]></ISACTIVE>
<!--1CF05E8D0F05490FA8FF9077F6CD9536-->  <NAME><![CDATA[OBPF_EventHandler]]></NAME>
<!--1CF05E8D0F05490FA8FF9077F6CD9536-->  <DESCRIPTION><![CDATA[Contains the existing event handlers currently registered in the application]]></DESCRIPTION>
<!--1CF05E8D0F05490FA8FF9077F6CD9536-->  <HELP><![CDATA[Contains the existing event handlers currently registered in the application]]></HELP>
<!--1CF05E8D0F05490FA8FF9077F6CD9536-->  <TABLENAME><![CDATA[OBPF_EventHandler]]></TABLENAME>
<!--1CF05E8D0F05490FA8FF9077F6CD9536-->  <ISVIEW><![CDATA[N]]></ISVIEW>
<!--1CF05E8D0F05490FA8FF9077F6CD9536-->  <ACCESSLEVEL><![CDATA[4]]></ACCESSLEVEL>
<!--1CF05E8D0F05490FA8FF9077F6CD9536-->  <ISSECURITYENABLED><![CDATA[N]]></ISSECURITYENABLED>
<!--1CF05E8D0F05490FA8FF9077F6CD9536-->  <ISDELETEABLE><![CDATA[N]]></ISDELETEABLE>
<!--1CF05E8D0F05490FA8FF9077F6CD9536-->  <ISHIGHVOLUME><![CDATA[N]]></ISHIGHVOLUME>
<!--1CF05E8D0F05490FA8FF9077F6CD9536-->  <IMPORTTABLE><![CDATA[N]]></IMPORTTABLE>
<!--1CF05E8D0F05490FA8FF9077F6CD9536-->  <ISCHANGELOG><![CDATA[N]]></ISCHANGELOG>
<!--1CF05E8D0F05490FA8FF9077F6CD9536-->  <ISDEFAULTACCT><![CDATA[N]]></ISDEFAULTACCT>
<!--1CF05E8D0F05490FA8FF9077F6CD9536-->  <DEVELOPMENTSTATUS><![CDATA[RE]]></DEVELOPMENTSTATUS>
<!--1CF05E8D0F05490FA8FF9077F6CD9536-->  <AD_PACKAGE_ID><![CDATA[32E2E378188C4EBD9F2B08B54B2E487C]]></AD_PACKAGE_ID>
<!--1CF05E8D0F05490FA8FF9077F6CD9536-->  <DATAORIGINTYPE><![CDATA[Datasource]]></DATAORIGINTYPE>
<!--1CF05E8D0F05490FA8FF9077F6CD9536-->  <OBSERDS_DATASOURCE_ID><![CDATA[5058AF51E54C4FAA88F02327305494DD]]></OBSERDS_DATASOURCE_ID>
<!--1CF05E8D0F05490FA8FF9077F6CD9536-->  <ISTREE><![CDATA[N]]></ISTREE>
<!--1CF05E8D0F05490FA8FF9077F6CD9536--></AD_TABLE>

<!--3031CD3CE1C2498A8041B412F93D890A--><AD_TABLE>
<!--3031CD3CE1C2498A8041B412F93D890A-->  <AD_TABLE_ID><![CDATA[3031CD3CE1C2498A8041B412F93D890A]]></AD_TABLE_ID>
<!--3031CD3CE1C2498A8041B412F93D890A-->  <AD_CLIENT_ID><![CDATA[0]]></AD_CLIENT_ID>
<!--3031CD3CE1C2498A8041B412F93D890A-->  <AD_ORG_ID><![CDATA[0]]></AD_ORG_ID>
<!--3031CD3CE1C2498A8041B412F93D890A-->  <ISACTIVE><![CDATA[Y]]></ISACTIVE>
<!--3031CD3CE1C2498A8041B412F93D890A-->  <NAME><![CDATA[obpf_employee]]></NAME>
<!--3031CD3CE1C2498A8041B412F93D890A-->  <TABLENAME><![CDATA[obpf_employee]]></TABLENAME>
<!--3031CD3CE1C2498A8041B412F93D890A-->  <CLASSNAME><![CDATA[Employee]]></CLASSNAME>
<!--3031CD3CE1C2498A8041B412F93D890A-->  <ISVIEW><![CDATA[N]]></ISVIEW>
<!--3031CD3CE1C2498A8041B412F93D890A-->  <ACCESSLEVEL><![CDATA[3]]></ACCESSLEVEL>
<!--3031CD3CE1C2498A8041B412F93D890A-->  <ISSECURITYENABLED><![CDATA[N]]></ISSECURITYENABLED>
<!--3031CD3CE1C2498A8041B412F93D890A-->  <ISDELETEABLE><![CDATA[Y]]></ISDELETEABLE>
<!--3031CD3CE1C2498A8041B412F93D890A-->  <ISHIGHVOLUME><![CDATA[N]]></ISHIGHVOLUME>
<!--3031CD3CE1C2498A8041B412F93D890A-->  <IMPORTTABLE><![CDATA[N]]></IMPORTTABLE>
<!--3031CD3CE1C2498A8041B412F93D890A-->  <ISCHANGELOG><![CDATA[N]]></ISCHANGELOG>
<!--3031CD3CE1C2498A8041B412F93D890A-->  <ISDEFAULTACCT><![CDATA[N]]></ISDEFAULTACCT>
<!--3031CD3CE1C2498A8041B412F93D890A-->  <DEVELOPMENTSTATUS><![CDATA[RE]]></DEVELOPMENTSTATUS>
<!--3031CD3CE1C2498A8041B412F93D890A-->  <AD_PACKAGE_ID><![CDATA[32E2E378188C4EBD9F2B08B54B2E487C]]></AD_PACKAGE_ID>
<!--3031CD3CE1C2498A8041B412F93D890A-->  <DATAORIGINTYPE><![CDATA[Table]]></DATAORIGINTYPE>
<!--3031CD3CE1C2498A8041B412F93D890A-->  <ISTREE><![CDATA[Y]]></ISTREE>
<!--3031CD3CE1C2498A8041B412F93D890A--></AD_TABLE>

<!--74A2B781E05A42398C3EFB27D018374A--><AD_TABLE>
<!--74A2B781E05A42398C3EFB27D018374A-->  <AD_TABLE_ID><![CDATA[74A2B781E05A42398C3EFB27D018374A]]></AD_TABLE_ID>
<!--74A2B781E05A42398C3EFB27D018374A-->  <AD_CLIENT_ID><![CDATA[0]]></AD_CLIENT_ID>
<!--74A2B781E05A42398C3EFB27D018374A-->  <AD_ORG_ID><![CDATA[0]]></AD_ORG_ID>
<!--74A2B781E05A42398C3EFB27D018374A-->  <ISACTIVE><![CDATA[Y]]></ISACTIVE>
<!--74A2B781E05A42398C3EFB27D018374A-->  <NAME><![CDATA[OBPF_ManualUOM]]></NAME>
<!--74A2B781E05A42398C3EFB27D018374A-->  <TABLENAME><![CDATA[OBPF_ManualUOM]]></TABLENAME>
<!--74A2B781E05A42398C3EFB27D018374A-->  <ISVIEW><![CDATA[N]]></ISVIEW>
<!--74A2B781E05A42398C3EFB27D018374A-->  <ACCESSLEVEL><![CDATA[6]]></ACCESSLEVEL>
<!--74A2B781E05A42398C3EFB27D018374A-->  <ISSECURITYENABLED><![CDATA[N]]></ISSECURITYENABLED>
<!--74A2B781E05A42398C3EFB27D018374A-->  <ISDELETEABLE><![CDATA[Y]]></ISDELETEABLE>
<!--74A2B781E05A42398C3EFB27D018374A-->  <ISHIGHVOLUME><![CDATA[N]]></ISHIGHVOLUME>
<!--74A2B781E05A42398C3EFB27D018374A-->  <IMPORTTABLE><![CDATA[N]]></IMPORTTABLE>
<!--74A2B781E05A42398C3EFB27D018374A-->  <ISCHANGELOG><![CDATA[N]]></ISCHANGELOG>
<!--74A2B781E05A42398C3EFB27D018374A-->  <ISDEFAULTACCT><![CDATA[N]]></ISDEFAULTACCT>
<!--74A2B781E05A42398C3EFB27D018374A-->  <DEVELOPMENTSTATUS><![CDATA[RE]]></DEVELOPMENTSTATUS>
<!--74A2B781E05A42398C3EFB27D018374A-->  <AD_PACKAGE_ID><![CDATA[32E2E378188C4EBD9F2B08B54B2E487C]]></AD_PACKAGE_ID>
<!--74A2B781E05A42398C3EFB27D018374A-->  <DATAORIGINTYPE><![CDATA[Datasource]]></DATAORIGINTYPE>
<!--74A2B781E05A42398C3EFB27D018374A-->  <OBSERDS_DATASOURCE_ID><![CDATA[36784EB78BF74048A883105FB506FD2D]]></OBSERDS_DATASOURCE_ID>
<!--74A2B781E05A42398C3EFB27D018374A-->  <ISTREE><![CDATA[N]]></ISTREE>
<!--74A2B781E05A42398C3EFB27D018374A--></AD_TABLE>

<!--E2AC7ECFB75F4056A9BEFDD8A30A6C9E--><AD_TABLE>
<!--E2AC7ECFB75F4056A9BEFDD8A30A6C9E-->  <AD_TABLE_ID><![CDATA[E2AC7ECFB75F4056A9BEFDD8A30A6C9E]]></AD_TABLE_ID>
<!--E2AC7ECFB75F4056A9BEFDD8A30A6C9E-->  <AD_CLIENT_ID><![CDATA[0]]></AD_CLIENT_ID>
<!--E2AC7ECFB75F4056A9BEFDD8A30A6C9E-->  <AD_ORG_ID><![CDATA[0]]></AD_ORG_ID>
<!--E2AC7ECFB75F4056A9BEFDD8A30A6C9E-->  <ISACTIVE><![CDATA[Y]]></ISACTIVE>
<!--E2AC7ECFB75F4056A9BEFDD8A30A6C9E-->  <NAME><![CDATA[OBPF_SimpleOrderHQL]]></NAME>
<!--E2AC7ECFB75F4056A9BEFDD8A30A6C9E-->  <TABLENAME><![CDATA[OBPF_SimpleOrderHQL]]></TABLENAME>
<!--E2AC7ECFB75F4056A9BEFDD8A30A6C9E-->  <ISVIEW><![CDATA[N]]></ISVIEW>
<!--E2AC7ECFB75F4056A9BEFDD8A30A6C9E-->  <ACCESSLEVEL><![CDATA[3]]></ACCESSLEVEL>
<!--E2AC7ECFB75F4056A9BEFDD8A30A6C9E-->  <ISSECURITYENABLED><![CDATA[N]]></ISSECURITYENABLED>
<!--E2AC7ECFB75F4056A9BEFDD8A30A6C9E-->  <ISDELETEABLE><![CDATA[Y]]></ISDELETEABLE>
<!--E2AC7ECFB75F4056A9BEFDD8A30A6C9E-->  <ISHIGHVOLUME><![CDATA[N]]></ISHIGHVOLUME>
<!--E2AC7ECFB75F4056A9BEFDD8A30A6C9E-->  <IMPORTTABLE><![CDATA[N]]></IMPORTTABLE>
<!--E2AC7ECFB75F4056A9BEFDD8A30A6C9E-->  <ISCHANGELOG><![CDATA[N]]></ISCHANGELOG>
<!--E2AC7ECFB75F4056A9BEFDD8A30A6C9E-->  <ISDEFAULTACCT><![CDATA[N]]></ISDEFAULTACCT>
<!--E2AC7ECFB75F4056A9BEFDD8A30A6C9E-->  <DEVELOPMENTSTATUS><![CDATA[RE]]></DEVELOPMENTSTATUS>
<!--E2AC7ECFB75F4056A9BEFDD8A30A6C9E-->  <AD_PACKAGE_ID><![CDATA[32E2E378188C4EBD9F2B08B54B2E487C]]></AD_PACKAGE_ID>
<!--E2AC7ECFB75F4056A9BEFDD8A30A6C9E-->  <DATAORIGINTYPE><![CDATA[HQL]]></DATAORIGINTYPE>
<!--E2AC7ECFB75F4056A9BEFDD8A30A6C9E-->  <ISTREE><![CDATA[N]]></ISTREE>
<!--E2AC7ECFB75F4056A9BEFDD8A30A6C9E-->  <HQLQUERY><![CDATA[SELECT e.id as id, e.organization.name as orgName, e.documentNo as documentNo, e.businessPartner.name as bpName
FROM Order e
WHERE @additional_filters@
AND @insertion_point_0@]]></HQLQUERY>
<!--E2AC7ECFB75F4056A9BEFDD8A30A6C9E-->  <ENTITY_ALIAS><![CDATA[e]]></ENTITY_ALIAS>
<!--E2AC7ECFB75F4056A9BEFDD8A30A6C9E--></AD_TABLE>

</data>
