<?xml version='1.0' encoding='UTF-8'?>
<data>
<!--0C004773EAA44E75B6CCA61F7DED3AD3--><AD_TREENODE>
<!--0C004773EAA44E75B6CCA61F7DED3AD3-->  <AD_TREENODE_ID><![CDATA[0C004773EAA44E75B6CCA61F7DED3AD3]]></AD_TREENODE_ID>
<!--0C004773EAA44E75B6CCA61F7DED3AD3-->  <AD_TREE_ID><![CDATA[10]]></AD_TREE_ID>
<!--0C004773EAA44E75B6CCA61F7DED3AD3-->  <NODE_ID><![CDATA[629D2A304FCC47A795987114AD1BD547]]></NODE_ID>
<!--0C004773EAA44E75B6CCA61F7DED3AD3-->  <AD_CLIENT_ID><![CDATA[0]]></AD_CLIENT_ID>
<!--0C004773EAA44E75B6CCA61F7DED3AD3-->  <AD_ORG_ID><![CDATA[0]]></AD_ORG_ID>
<!--0C004773EAA44E75B6CCA61F7DED3AD3-->  <ISACTIVE><![CDATA[Y]]></ISACTIVE>
<!--0C004773EAA44E75B6CCA61F7DED3AD3-->  <PARENT_ID><![CDATA[D86B357083C746D791B557A5D8FA4164]]></PARENT_ID>
<!--0C004773EAA44E75B6CCA61F7DED3AD3-->  <SEQNO><![CDATA[70]]></SEQNO>
<!--0C004773EAA44E75B6CCA61F7DED3AD3--></AD_TREENODE>

<!--0D152AFB8EB7E8CAE050007F01001A4B--><AD_TREENODE>
<!--0D152AFB8EB7E8CAE050007F01001A4B-->  <AD_TREENODE_ID><![CDATA[0D152AFB8EB7E8CAE050007F01001A4B]]></AD_TREENODE_ID>
<!--0D152AFB8EB7E8CAE050007F01001A4B-->  <AD_TREE_ID><![CDATA[10]]></AD_TREE_ID>
<!--0D152AFB8EB7E8CAE050007F01001A4B-->  <NODE_ID><![CDATA[909CE6DB7520412487680AF9181C192B]]></NODE_ID>
<!--0D152AFB8EB7E8CAE050007F01001A4B-->  <AD_CLIENT_ID><![CDATA[0]]></AD_CLIENT_ID>
<!--0D152AFB8EB7E8CAE050007F01001A4B-->  <AD_ORG_ID><![CDATA[0]]></AD_ORG_ID>
<!--0D152AFB8EB7E8CAE050007F01001A4B-->  <ISACTIVE><![CDATA[Y]]></ISACTIVE>
<!--0D152AFB8EB7E8CAE050007F01001A4B-->  <PARENT_ID><![CDATA[D86B357083C746D791B557A5D8FA4164]]></PARENT_ID>
<!--0D152AFB8EB7E8CAE050007F01001A4B-->  <SEQNO><![CDATA[20]]></SEQNO>
<!--0D152AFB8EB7E8CAE050007F01001A4B--></AD_TREENODE>

<!--154AF59F071C41FF9D022B0A9C1128C5--><AD_TREENODE>
<!--154AF59F071C41FF9D022B0A9C1128C5-->  <AD_TREENODE_ID><![CDATA[154AF59F071C41FF9D022B0A9C1128C5]]></AD_TREENODE_ID>
<!--154AF59F071C41FF9D022B0A9C1128C5-->  <AD_TREE_ID><![CDATA[10]]></AD_TREE_ID>
<!--154AF59F071C41FF9D022B0A9C1128C5-->  <NODE_ID><![CDATA[F71F0317D6F84BEBB3708C2EB3B399DC]]></NODE_ID>
<!--154AF59F071C41FF9D022B0A9C1128C5-->  <AD_CLIENT_ID><![CDATA[0]]></AD_CLIENT_ID>
<!--154AF59F071C41FF9D022B0A9C1128C5-->  <AD_ORG_ID><![CDATA[0]]></AD_ORG_ID>
<!--154AF59F071C41FF9D022B0A9C1128C5-->  <ISACTIVE><![CDATA[Y]]></ISACTIVE>
<!--154AF59F071C41FF9D022B0A9C1128C5-->  <PARENT_ID><![CDATA[0]]></PARENT_ID>
<!--154AF59F071C41FF9D022B0A9C1128C5-->  <SEQNO><![CDATA[999]]></SEQNO>
<!--154AF59F071C41FF9D022B0A9C1128C5--></AD_TREENODE>

<!--2AC215B977EB4F2EB2DEAD6B1FDDD70C--><AD_TREENODE>
<!--2AC215B977EB4F2EB2DEAD6B1FDDD70C-->  <AD_TREENODE_ID><![CDATA[2AC215B977EB4F2EB2DEAD6B1FDDD70C]]></AD_TREENODE_ID>
<!--2AC215B977EB4F2EB2DEAD6B1FDDD70C-->  <AD_TREE_ID><![CDATA[10]]></AD_TREE_ID>
<!--2AC215B977EB4F2EB2DEAD6B1FDDD70C-->  <NODE_ID><![CDATA[86648E754886424B8A380CE5A6083054]]></NODE_ID>
<!--2AC215B977EB4F2EB2DEAD6B1FDDD70C-->  <AD_CLIENT_ID><![CDATA[0]]></AD_CLIENT_ID>
<!--2AC215B977EB4F2EB2DEAD6B1FDDD70C-->  <AD_ORG_ID><![CDATA[0]]></AD_ORG_ID>
<!--2AC215B977EB4F2EB2DEAD6B1FDDD70C-->  <ISACTIVE><![CDATA[Y]]></ISACTIVE>
<!--2AC215B977EB4F2EB2DEAD6B1FDDD70C-->  <PARENT_ID><![CDATA[D86B357083C746D791B557A5D8FA4164]]></PARENT_ID>
<!--2AC215B977EB4F2EB2DEAD6B1FDDD70C-->  <SEQNO><![CDATA[90]]></SEQNO>
<!--2AC215B977EB4F2EB2DEAD6B1FDDD70C--></AD_TREENODE>

<!--2EAC5DA3A6DD4132A855FC6D56D272D2--><AD_TREENODE>
<!--2EAC5DA3A6DD4132A855FC6D56D272D2-->  <AD_TREENODE_ID><![CDATA[2EAC5DA3A6DD4132A855FC6D56D272D2]]></AD_TREENODE_ID>
<!--2EAC5DA3A6DD4132A855FC6D56D272D2-->  <AD_TREE_ID><![CDATA[10]]></AD_TREE_ID>
<!--2EAC5DA3A6DD4132A855FC6D56D272D2-->  <NODE_ID><![CDATA[D86B357083C746D791B557A5D8FA4164]]></NODE_ID>
<!--2EAC5DA3A6DD4132A855FC6D56D272D2-->  <AD_CLIENT_ID><![CDATA[0]]></AD_CLIENT_ID>
<!--2EAC5DA3A6DD4132A855FC6D56D272D2-->  <AD_ORG_ID><![CDATA[0]]></AD_ORG_ID>
<!--2EAC5DA3A6DD4132A855FC6D56D272D2-->  <ISACTIVE><![CDATA[Y]]></ISACTIVE>
<!--2EAC5DA3A6DD4132A855FC6D56D272D2-->  <PARENT_ID><![CDATA[0]]></PARENT_ID>
<!--2EAC5DA3A6DD4132A855FC6D56D272D2-->  <SEQNO><![CDATA[100]]></SEQNO>
<!--2EAC5DA3A6DD4132A855FC6D56D272D2--></AD_TREENODE>

<!--5A7A46A7CA804B898398BECBE76107C4--><AD_TREENODE>
<!--5A7A46A7CA804B898398BECBE76107C4-->  <AD_TREENODE_ID><![CDATA[5A7A46A7CA804B898398BECBE76107C4]]></AD_TREENODE_ID>
<!--5A7A46A7CA804B898398BECBE76107C4-->  <AD_TREE_ID><![CDATA[10]]></AD_TREE_ID>
<!--5A7A46A7CA804B898398BECBE76107C4-->  <NODE_ID><![CDATA[29398C2BDC7949DCAE38E870F607EA7D]]></NODE_ID>
<!--5A7A46A7CA804B898398BECBE76107C4-->  <AD_CLIENT_ID><![CDATA[0]]></AD_CLIENT_ID>
<!--5A7A46A7CA804B898398BECBE76107C4-->  <AD_ORG_ID><![CDATA[0]]></AD_ORG_ID>
<!--5A7A46A7CA804B898398BECBE76107C4-->  <ISACTIVE><![CDATA[Y]]></ISACTIVE>
<!--5A7A46A7CA804B898398BECBE76107C4-->  <PARENT_ID><![CDATA[D86B357083C746D791B557A5D8FA4164]]></PARENT_ID>
<!--5A7A46A7CA804B898398BECBE76107C4-->  <SEQNO><![CDATA[120]]></SEQNO>
<!--5A7A46A7CA804B898398BECBE76107C4--></AD_TREENODE>

<!--64FFA6DDD9444227BF3B7EE496A33986--><AD_TREENODE>
<!--64FFA6DDD9444227BF3B7EE496A33986-->  <AD_TREENODE_ID><![CDATA[64FFA6DDD9444227BF3B7EE496A33986]]></AD_TREENODE_ID>
<!--64FFA6DDD9444227BF3B7EE496A33986-->  <AD_TREE_ID><![CDATA[10]]></AD_TREE_ID>
<!--64FFA6DDD9444227BF3B7EE496A33986-->  <NODE_ID><![CDATA[C2DC68A405F34B888CED05F2FF577DEA]]></NODE_ID>
<!--64FFA6DDD9444227BF3B7EE496A33986-->  <AD_CLIENT_ID><![CDATA[0]]></AD_CLIENT_ID>
<!--64FFA6DDD9444227BF3B7EE496A33986-->  <AD_ORG_ID><![CDATA[0]]></AD_ORG_ID>
<!--64FFA6DDD9444227BF3B7EE496A33986-->  <ISACTIVE><![CDATA[Y]]></ISACTIVE>
<!--64FFA6DDD9444227BF3B7EE496A33986-->  <PARENT_ID><![CDATA[D86B357083C746D791B557A5D8FA4164]]></PARENT_ID>
<!--64FFA6DDD9444227BF3B7EE496A33986-->  <SEQNO><![CDATA[110]]></SEQNO>
<!--64FFA6DDD9444227BF3B7EE496A33986--></AD_TREENODE>

<!--87D361037BB64278A1E2742B92C3ABFF--><AD_TREENODE>
<!--87D361037BB64278A1E2742B92C3ABFF-->  <AD_TREENODE_ID><![CDATA[87D361037BB64278A1E2742B92C3ABFF]]></AD_TREENODE_ID>
<!--87D361037BB64278A1E2742B92C3ABFF-->  <AD_TREE_ID><![CDATA[10]]></AD_TREE_ID>
<!--87D361037BB64278A1E2742B92C3ABFF-->  <NODE_ID><![CDATA[8BF8B7FB3D59455CB16DEB96721B7634]]></NODE_ID>
<!--87D361037BB64278A1E2742B92C3ABFF-->  <AD_CLIENT_ID><![CDATA[0]]></AD_CLIENT_ID>
<!--87D361037BB64278A1E2742B92C3ABFF-->  <AD_ORG_ID><![CDATA[0]]></AD_ORG_ID>
<!--87D361037BB64278A1E2742B92C3ABFF-->  <ISACTIVE><![CDATA[Y]]></ISACTIVE>
<!--87D361037BB64278A1E2742B92C3ABFF-->  <PARENT_ID><![CDATA[D86B357083C746D791B557A5D8FA4164]]></PARENT_ID>
<!--87D361037BB64278A1E2742B92C3ABFF-->  <SEQNO><![CDATA[10]]></SEQNO>
<!--87D361037BB64278A1E2742B92C3ABFF--></AD_TREENODE>

<!--AB43B86DEE9E4C1491ED483670E53DC6--><AD_TREENODE>
<!--AB43B86DEE9E4C1491ED483670E53DC6-->  <AD_TREENODE_ID><![CDATA[AB43B86DEE9E4C1491ED483670E53DC6]]></AD_TREENODE_ID>
<!--AB43B86DEE9E4C1491ED483670E53DC6-->  <AD_TREE_ID><![CDATA[10]]></AD_TREE_ID>
<!--AB43B86DEE9E4C1491ED483670E53DC6-->  <NODE_ID><![CDATA[8AA7E02E0E174DCEBFAA23D47771817D]]></NODE_ID>
<!--AB43B86DEE9E4C1491ED483670E53DC6-->  <AD_CLIENT_ID><![CDATA[0]]></AD_CLIENT_ID>
<!--AB43B86DEE9E4C1491ED483670E53DC6-->  <AD_ORG_ID><![CDATA[0]]></AD_ORG_ID>
<!--AB43B86DEE9E4C1491ED483670E53DC6-->  <ISACTIVE><![CDATA[Y]]></ISACTIVE>
<!--AB43B86DEE9E4C1491ED483670E53DC6-->  <PARENT_ID><![CDATA[D86B357083C746D791B557A5D8FA4164]]></PARENT_ID>
<!--AB43B86DEE9E4C1491ED483670E53DC6-->  <SEQNO><![CDATA[60]]></SEQNO>
<!--AB43B86DEE9E4C1491ED483670E53DC6--></AD_TREENODE>

<!--AE04CF1433A045A981310D6C95420F8D--><AD_TREENODE>
<!--AE04CF1433A045A981310D6C95420F8D-->  <AD_TREENODE_ID><![CDATA[AE04CF1433A045A981310D6C95420F8D]]></AD_TREENODE_ID>
<!--AE04CF1433A045A981310D6C95420F8D-->  <AD_TREE_ID><![CDATA[10]]></AD_TREE_ID>
<!--AE04CF1433A045A981310D6C95420F8D-->  <NODE_ID><![CDATA[45E219D93E8C4B48BD08F94784581186]]></NODE_ID>
<!--AE04CF1433A045A981310D6C95420F8D-->  <AD_CLIENT_ID><![CDATA[0]]></AD_CLIENT_ID>
<!--AE04CF1433A045A981310D6C95420F8D-->  <AD_ORG_ID><![CDATA[0]]></AD_ORG_ID>
<!--AE04CF1433A045A981310D6C95420F8D-->  <ISACTIVE><![CDATA[Y]]></ISACTIVE>
<!--AE04CF1433A045A981310D6C95420F8D-->  <PARENT_ID><![CDATA[D86B357083C746D791B557A5D8FA4164]]></PARENT_ID>
<!--AE04CF1433A045A981310D6C95420F8D-->  <SEQNO><![CDATA[30]]></SEQNO>
<!--AE04CF1433A045A981310D6C95420F8D--></AD_TREENODE>

<!--C402E0F412A141F381AE969CCF09C7A2--><AD_TREENODE>
<!--C402E0F412A141F381AE969CCF09C7A2-->  <AD_TREENODE_ID><![CDATA[C402E0F412A141F381AE969CCF09C7A2]]></AD_TREENODE_ID>
<!--C402E0F412A141F381AE969CCF09C7A2-->  <AD_TREE_ID><![CDATA[10]]></AD_TREE_ID>
<!--C402E0F412A141F381AE969CCF09C7A2-->  <NODE_ID><![CDATA[F241A1DAA0F6435D850AF6288DE3EA42]]></NODE_ID>
<!--C402E0F412A141F381AE969CCF09C7A2-->  <AD_CLIENT_ID><![CDATA[0]]></AD_CLIENT_ID>
<!--C402E0F412A141F381AE969CCF09C7A2-->  <AD_ORG_ID><![CDATA[0]]></AD_ORG_ID>
<!--C402E0F412A141F381AE969CCF09C7A2-->  <ISACTIVE><![CDATA[Y]]></ISACTIVE>
<!--C402E0F412A141F381AE969CCF09C7A2-->  <PARENT_ID><![CDATA[D86B357083C746D791B557A5D8FA4164]]></PARENT_ID>
<!--C402E0F412A141F381AE969CCF09C7A2-->  <SEQNO><![CDATA[50]]></SEQNO>
<!--C402E0F412A141F381AE969CCF09C7A2--></AD_TREENODE>

<!--D90C769B40CB4E9CBBE8D7867CAA2227--><AD_TREENODE>
<!--D90C769B40CB4E9CBBE8D7867CAA2227-->  <AD_TREENODE_ID><![CDATA[D90C769B40CB4E9CBBE8D7867CAA2227]]></AD_TREENODE_ID>
<!--D90C769B40CB4E9CBBE8D7867CAA2227-->  <AD_TREE_ID><![CDATA[10]]></AD_TREE_ID>
<!--D90C769B40CB4E9CBBE8D7867CAA2227-->  <NODE_ID><![CDATA[78A45B7DC99C4AEEBB68B3AA84A726E0]]></NODE_ID>
<!--D90C769B40CB4E9CBBE8D7867CAA2227-->  <AD_CLIENT_ID><![CDATA[0]]></AD_CLIENT_ID>
<!--D90C769B40CB4E9CBBE8D7867CAA2227-->  <AD_ORG_ID><![CDATA[0]]></AD_ORG_ID>
<!--D90C769B40CB4E9CBBE8D7867CAA2227-->  <ISACTIVE><![CDATA[Y]]></ISACTIVE>
<!--D90C769B40CB4E9CBBE8D7867CAA2227-->  <PARENT_ID><![CDATA[D86B357083C746D791B557A5D8FA4164]]></PARENT_ID>
<!--D90C769B40CB4E9CBBE8D7867CAA2227-->  <SEQNO><![CDATA[80]]></SEQNO>
<!--D90C769B40CB4E9CBBE8D7867CAA2227--></AD_TREENODE>

<!--FB21148CC4084B248F783744C883AB71--><AD_TREENODE>
<!--FB21148CC4084B248F783744C883AB71-->  <AD_TREENODE_ID><![CDATA[FB21148CC4084B248F783744C883AB71]]></AD_TREENODE_ID>
<!--FB21148CC4084B248F783744C883AB71-->  <AD_TREE_ID><![CDATA[10]]></AD_TREE_ID>
<!--FB21148CC4084B248F783744C883AB71-->  <NODE_ID><![CDATA[99D90C58A57A4E349617FFB8D1308D3C]]></NODE_ID>
<!--FB21148CC4084B248F783744C883AB71-->  <AD_CLIENT_ID><![CDATA[0]]></AD_CLIENT_ID>
<!--FB21148CC4084B248F783744C883AB71-->  <AD_ORG_ID><![CDATA[0]]></AD_ORG_ID>
<!--FB21148CC4084B248F783744C883AB71-->  <ISACTIVE><![CDATA[Y]]></ISACTIVE>
<!--FB21148CC4084B248F783744C883AB71-->  <PARENT_ID><![CDATA[D86B357083C746D791B557A5D8FA4164]]></PARENT_ID>
<!--FB21148CC4084B248F783744C883AB71-->  <SEQNO><![CDATA[40]]></SEQNO>
<!--FB21148CC4084B248F783744C883AB71--></AD_TREENODE>

</data>
