<?xml version='1.0' encoding='UTF-8'?>
<data>
<!--011E7E825FF64D9C8346E94165C4CB4E--><AD_TAB>
<!--011E7E825FF64D9C8346E94165C4CB4E-->  <AD_TAB_ID><![CDATA[011E7E825FF64D9C8346E94165C4CB4E]]></AD_TAB_ID>
<!--011E7E825FF64D9C8346E94165C4CB4E-->  <AD_CLIENT_ID><![CDATA[0]]></AD_CLIENT_ID>
<!--011E7E825FF64D9C8346E94165C4CB4E-->  <AD_ORG_ID><![CDATA[0]]></AD_ORG_ID>
<!--011E7E825FF64D9C8346E94165C4CB4E-->  <ISACTIVE><![CDATA[Y]]></ISACTIVE>
<!--011E7E825FF64D9C8346E94165C4CB4E-->  <NAME><![CDATA[Header]]></NAME>
<!--011E7E825FF64D9C8346E94165C4CB4E-->  <AD_TABLE_ID><![CDATA[E2AC7ECFB75F4056A9BEFDD8A30A6C9E]]></AD_TABLE_ID>
<!--011E7E825FF64D9C8346E94165C4CB4E-->  <AD_WINDOW_ID><![CDATA[4D7CA71E6FD24FC9A84B6254F71694EE]]></AD_WINDOW_ID>
<!--011E7E825FF64D9C8346E94165C4CB4E-->  <SEQNO><![CDATA[10]]></SEQNO>
<!--011E7E825FF64D9C8346E94165C4CB4E-->  <TABLEVEL><![CDATA[0]]></TABLEVEL>
<!--011E7E825FF64D9C8346E94165C4CB4E-->  <ISSINGLEROW><![CDATA[N]]></ISSINGLEROW>
<!--011E7E825FF64D9C8346E94165C4CB4E-->  <ISINFOTAB><![CDATA[N]]></ISINFOTAB>
<!--011E7E825FF64D9C8346E94165C4CB4E-->  <ISTRANSLATIONTAB><![CDATA[N]]></ISTRANSLATIONTAB>
<!--011E7E825FF64D9C8346E94165C4CB4E-->  <ISREADONLY><![CDATA[N]]></ISREADONLY>
<!--011E7E825FF64D9C8346E94165C4CB4E-->  <HASTREE><![CDATA[N]]></HASTREE>
<!--011E7E825FF64D9C8346E94165C4CB4E-->  <PROCESSING><![CDATA[N]]></PROCESSING>
<!--011E7E825FF64D9C8346E94165C4CB4E-->  <IMPORTFIELDS><![CDATA[N]]></IMPORTFIELDS>
<!--011E7E825FF64D9C8346E94165C4CB4E-->  <ISSORTTAB><![CDATA[N]]></ISSORTTAB>
<!--011E7E825FF64D9C8346E94165C4CB4E-->  <AD_MODULE_ID><![CDATA[F2E7A973F06D438B85FFFB96E69670D4]]></AD_MODULE_ID>
<!--011E7E825FF64D9C8346E94165C4CB4E-->  <UIPATTERN><![CDATA[RO]]></UIPATTERN>
<!--011E7E825FF64D9C8346E94165C4CB4E-->  <SHOWPARENTBUTTONS><![CDATA[Y]]></SHOWPARENTBUTTONS>
<!--011E7E825FF64D9C8346E94165C4CB4E-->  <DISABLE_PARENT_KEY_PROPERTY><![CDATA[N]]></DISABLE_PARENT_KEY_PROPERTY>
<!--011E7E825FF64D9C8346E94165C4CB4E-->  <ISREADONLYTREE><![CDATA[N]]></ISREADONLYTREE>
<!--011E7E825FF64D9C8346E94165C4CB4E-->  <ISSHOWTREENODEICONS><![CDATA[Y]]></ISSHOWTREENODEICONS>
<!--011E7E825FF64D9C8346E94165C4CB4E-->  <EM_OBUIAPP_CAN_ADD><![CDATA[N]]></EM_OBUIAPP_CAN_ADD>
<!--011E7E825FF64D9C8346E94165C4CB4E-->  <EM_OBUIAPP_CAN_DELETE><![CDATA[N]]></EM_OBUIAPP_CAN_DELETE>
<!--011E7E825FF64D9C8346E94165C4CB4E-->  <EM_OBUIAPP_SHOW_SELECT><![CDATA[Y]]></EM_OBUIAPP_SHOW_SELECT>
<!--011E7E825FF64D9C8346E94165C4CB4E--></AD_TAB>

<!--1A86F42350FF40CEAB1CA888B611BF34--><AD_TAB>
<!--1A86F42350FF40CEAB1CA888B611BF34-->  <AD_TAB_ID><![CDATA[1A86F42350FF40CEAB1CA888B611BF34]]></AD_TAB_ID>
<!--1A86F42350FF40CEAB1CA888B611BF34-->  <AD_CLIENT_ID><![CDATA[0]]></AD_CLIENT_ID>
<!--1A86F42350FF40CEAB1CA888B611BF34-->  <AD_ORG_ID><![CDATA[0]]></AD_ORG_ID>
<!--1A86F42350FF40CEAB1CA888B611BF34-->  <ISACTIVE><![CDATA[Y]]></ISACTIVE>
<!--1A86F42350FF40CEAB1CA888B611BF34-->  <NAME><![CDATA[Event Handlers]]></NAME>
<!--1A86F42350FF40CEAB1CA888B611BF34-->  <AD_TABLE_ID><![CDATA[1CF05E8D0F05490FA8FF9077F6CD9536]]></AD_TABLE_ID>
<!--1A86F42350FF40CEAB1CA888B611BF34-->  <AD_WINDOW_ID><![CDATA[E6F139C248D74DBAA8B422A5124EA301]]></AD_WINDOW_ID>
<!--1A86F42350FF40CEAB1CA888B611BF34-->  <SEQNO><![CDATA[20]]></SEQNO>
<!--1A86F42350FF40CEAB1CA888B611BF34-->  <TABLEVEL><![CDATA[1]]></TABLEVEL>
<!--1A86F42350FF40CEAB1CA888B611BF34-->  <ISSINGLEROW><![CDATA[N]]></ISSINGLEROW>
<!--1A86F42350FF40CEAB1CA888B611BF34-->  <ISINFOTAB><![CDATA[N]]></ISINFOTAB>
<!--1A86F42350FF40CEAB1CA888B611BF34-->  <ISTRANSLATIONTAB><![CDATA[N]]></ISTRANSLATIONTAB>
<!--1A86F42350FF40CEAB1CA888B611BF34-->  <ISREADONLY><![CDATA[N]]></ISREADONLY>
<!--1A86F42350FF40CEAB1CA888B611BF34-->  <HASTREE><![CDATA[N]]></HASTREE>
<!--1A86F42350FF40CEAB1CA888B611BF34-->  <PROCESSING><![CDATA[N]]></PROCESSING>
<!--1A86F42350FF40CEAB1CA888B611BF34-->  <IMPORTFIELDS><![CDATA[N]]></IMPORTFIELDS>
<!--1A86F42350FF40CEAB1CA888B611BF34-->  <ISSORTTAB><![CDATA[N]]></ISSORTTAB>
<!--1A86F42350FF40CEAB1CA888B611BF34-->  <AD_MODULE_ID><![CDATA[F2E7A973F06D438B85FFFB96E69670D4]]></AD_MODULE_ID>
<!--1A86F42350FF40CEAB1CA888B611BF34-->  <UIPATTERN><![CDATA[STD]]></UIPATTERN>
<!--1A86F42350FF40CEAB1CA888B611BF34-->  <SHOWPARENTBUTTONS><![CDATA[Y]]></SHOWPARENTBUTTONS>
<!--1A86F42350FF40CEAB1CA888B611BF34-->  <DISABLE_PARENT_KEY_PROPERTY><![CDATA[N]]></DISABLE_PARENT_KEY_PROPERTY>
<!--1A86F42350FF40CEAB1CA888B611BF34-->  <ISREADONLYTREE><![CDATA[N]]></ISREADONLYTREE>
<!--1A86F42350FF40CEAB1CA888B611BF34-->  <ISSHOWTREENODEICONS><![CDATA[Y]]></ISSHOWTREENODEICONS>
<!--1A86F42350FF40CEAB1CA888B611BF34-->  <EM_OBUIAPP_CAN_ADD><![CDATA[N]]></EM_OBUIAPP_CAN_ADD>
<!--1A86F42350FF40CEAB1CA888B611BF34-->  <EM_OBUIAPP_CAN_DELETE><![CDATA[N]]></EM_OBUIAPP_CAN_DELETE>
<!--1A86F42350FF40CEAB1CA888B611BF34-->  <EM_OBUIAPP_SHOW_SELECT><![CDATA[Y]]></EM_OBUIAPP_SHOW_SELECT>
<!--1A86F42350FF40CEAB1CA888B611BF34--></AD_TAB>

<!--2E75707913FA405A84A01F44C51F1CAD--><AD_TAB>
<!--2E75707913FA405A84A01F44C51F1CAD-->  <AD_TAB_ID><![CDATA[2E75707913FA405A84A01F44C51F1CAD]]></AD_TAB_ID>
<!--2E75707913FA405A84A01F44C51F1CAD-->  <AD_CLIENT_ID><![CDATA[0]]></AD_CLIENT_ID>
<!--2E75707913FA405A84A01F44C51F1CAD-->  <AD_ORG_ID><![CDATA[0]]></AD_ORG_ID>
<!--2E75707913FA405A84A01F44C51F1CAD-->  <ISACTIVE><![CDATA[Y]]></ISACTIVE>
<!--2E75707913FA405A84A01F44C51F1CAD-->  <NAME><![CDATA[Header]]></NAME>
<!--2E75707913FA405A84A01F44C51F1CAD-->  <AD_TABLE_ID><![CDATA[3031CD3CE1C2498A8041B412F93D890A]]></AD_TABLE_ID>
<!--2E75707913FA405A84A01F44C51F1CAD-->  <AD_WINDOW_ID><![CDATA[E40FF0AD90A94F0A811DECF1E08D59D5]]></AD_WINDOW_ID>
<!--2E75707913FA405A84A01F44C51F1CAD-->  <SEQNO><![CDATA[10]]></SEQNO>
<!--2E75707913FA405A84A01F44C51F1CAD-->  <TABLEVEL><![CDATA[0]]></TABLEVEL>
<!--2E75707913FA405A84A01F44C51F1CAD-->  <ISSINGLEROW><![CDATA[N]]></ISSINGLEROW>
<!--2E75707913FA405A84A01F44C51F1CAD-->  <ISINFOTAB><![CDATA[N]]></ISINFOTAB>
<!--2E75707913FA405A84A01F44C51F1CAD-->  <ISTRANSLATIONTAB><![CDATA[N]]></ISTRANSLATIONTAB>
<!--2E75707913FA405A84A01F44C51F1CAD-->  <ISREADONLY><![CDATA[N]]></ISREADONLY>
<!--2E75707913FA405A84A01F44C51F1CAD-->  <HASTREE><![CDATA[N]]></HASTREE>
<!--2E75707913FA405A84A01F44C51F1CAD-->  <PROCESSING><![CDATA[N]]></PROCESSING>
<!--2E75707913FA405A84A01F44C51F1CAD-->  <IMPORTFIELDS><![CDATA[N]]></IMPORTFIELDS>
<!--2E75707913FA405A84A01F44C51F1CAD-->  <ISSORTTAB><![CDATA[N]]></ISSORTTAB>
<!--2E75707913FA405A84A01F44C51F1CAD-->  <AD_MODULE_ID><![CDATA[F2E7A973F06D438B85FFFB96E69670D4]]></AD_MODULE_ID>
<!--2E75707913FA405A84A01F44C51F1CAD-->  <UIPATTERN><![CDATA[STD]]></UIPATTERN>
<!--2E75707913FA405A84A01F44C51F1CAD-->  <SHOWPARENTBUTTONS><![CDATA[Y]]></SHOWPARENTBUTTONS>
<!--2E75707913FA405A84A01F44C51F1CAD-->  <AD_TABLE_TREE_ID><![CDATA[EC537B93B5A446808FA436C1766A1D73]]></AD_TABLE_TREE_ID>
<!--2E75707913FA405A84A01F44C51F1CAD-->  <DISABLE_PARENT_KEY_PROPERTY><![CDATA[N]]></DISABLE_PARENT_KEY_PROPERTY>
<!--2E75707913FA405A84A01F44C51F1CAD-->  <ISREADONLYTREE><![CDATA[N]]></ISREADONLYTREE>
<!--2E75707913FA405A84A01F44C51F1CAD-->  <ISSHOWTREENODEICONS><![CDATA[Y]]></ISSHOWTREENODEICONS>
<!--2E75707913FA405A84A01F44C51F1CAD-->  <EM_OBUIAPP_CAN_ADD><![CDATA[N]]></EM_OBUIAPP_CAN_ADD>
<!--2E75707913FA405A84A01F44C51F1CAD-->  <EM_OBUIAPP_CAN_DELETE><![CDATA[N]]></EM_OBUIAPP_CAN_DELETE>
<!--2E75707913FA405A84A01F44C51F1CAD-->  <EM_OBUIAPP_SHOW_SELECT><![CDATA[Y]]></EM_OBUIAPP_SHOW_SELECT>
<!--2E75707913FA405A84A01F44C51F1CAD--></AD_TAB>

<!--37D7B72992704638AF9FFD5006AAE7AA--><AD_TAB>
<!--37D7B72992704638AF9FFD5006AAE7AA-->  <AD_TAB_ID><![CDATA[37D7B72992704638AF9FFD5006AAE7AA]]></AD_TAB_ID>
<!--37D7B72992704638AF9FFD5006AAE7AA-->  <AD_CLIENT_ID><![CDATA[0]]></AD_CLIENT_ID>
<!--37D7B72992704638AF9FFD5006AAE7AA-->  <AD_ORG_ID><![CDATA[0]]></AD_ORG_ID>
<!--37D7B72992704638AF9FFD5006AAE7AA-->  <ISACTIVE><![CDATA[Y]]></ISACTIVE>
<!--37D7B72992704638AF9FFD5006AAE7AA-->  <NAME><![CDATA[Header]]></NAME>
<!--37D7B72992704638AF9FFD5006AAE7AA-->  <AD_TABLE_ID><![CDATA[107BDE304E5A4E60857A874EAAD31245]]></AD_TABLE_ID>
<!--37D7B72992704638AF9FFD5006AAE7AA-->  <AD_WINDOW_ID><![CDATA[E6F139C248D74DBAA8B422A5124EA301]]></AD_WINDOW_ID>
<!--37D7B72992704638AF9FFD5006AAE7AA-->  <SEQNO><![CDATA[10]]></SEQNO>
<!--37D7B72992704638AF9FFD5006AAE7AA-->  <TABLEVEL><![CDATA[0]]></TABLEVEL>
<!--37D7B72992704638AF9FFD5006AAE7AA-->  <ISSINGLEROW><![CDATA[N]]></ISSINGLEROW>
<!--37D7B72992704638AF9FFD5006AAE7AA-->  <ISINFOTAB><![CDATA[N]]></ISINFOTAB>
<!--37D7B72992704638AF9FFD5006AAE7AA-->  <ISTRANSLATIONTAB><![CDATA[N]]></ISTRANSLATIONTAB>
<!--37D7B72992704638AF9FFD5006AAE7AA-->  <ISREADONLY><![CDATA[N]]></ISREADONLY>
<!--37D7B72992704638AF9FFD5006AAE7AA-->  <HASTREE><![CDATA[N]]></HASTREE>
<!--37D7B72992704638AF9FFD5006AAE7AA-->  <PROCESSING><![CDATA[N]]></PROCESSING>
<!--37D7B72992704638AF9FFD5006AAE7AA-->  <IMPORTFIELDS><![CDATA[N]]></IMPORTFIELDS>
<!--37D7B72992704638AF9FFD5006AAE7AA-->  <ISSORTTAB><![CDATA[N]]></ISSORTTAB>
<!--37D7B72992704638AF9FFD5006AAE7AA-->  <AD_MODULE_ID><![CDATA[F2E7A973F06D438B85FFFB96E69670D4]]></AD_MODULE_ID>
<!--37D7B72992704638AF9FFD5006AAE7AA-->  <UIPATTERN><![CDATA[STD]]></UIPATTERN>
<!--37D7B72992704638AF9FFD5006AAE7AA-->  <SHOWPARENTBUTTONS><![CDATA[Y]]></SHOWPARENTBUTTONS>
<!--37D7B72992704638AF9FFD5006AAE7AA-->  <DISABLE_PARENT_KEY_PROPERTY><![CDATA[N]]></DISABLE_PARENT_KEY_PROPERTY>
<!--37D7B72992704638AF9FFD5006AAE7AA-->  <ISREADONLYTREE><![CDATA[N]]></ISREADONLYTREE>
<!--37D7B72992704638AF9FFD5006AAE7AA-->  <ISSHOWTREENODEICONS><![CDATA[Y]]></ISSHOWTREENODEICONS>
<!--37D7B72992704638AF9FFD5006AAE7AA-->  <EM_OBUIAPP_CAN_ADD><![CDATA[N]]></EM_OBUIAPP_CAN_ADD>
<!--37D7B72992704638AF9FFD5006AAE7AA-->  <EM_OBUIAPP_CAN_DELETE><![CDATA[N]]></EM_OBUIAPP_CAN_DELETE>
<!--37D7B72992704638AF9FFD5006AAE7AA-->  <EM_OBUIAPP_SHOW_SELECT><![CDATA[Y]]></EM_OBUIAPP_SHOW_SELECT>
<!--37D7B72992704638AF9FFD5006AAE7AA--></AD_TAB>

<!--B475AD1D123C45D195D7C185775368E1--><AD_TAB>
<!--B475AD1D123C45D195D7C185775368E1-->  <AD_TAB_ID><![CDATA[B475AD1D123C45D195D7C185775368E1]]></AD_TAB_ID>
<!--B475AD1D123C45D195D7C185775368E1-->  <AD_CLIENT_ID><![CDATA[0]]></AD_CLIENT_ID>
<!--B475AD1D123C45D195D7C185775368E1-->  <AD_ORG_ID><![CDATA[0]]></AD_ORG_ID>
<!--B475AD1D123C45D195D7C185775368E1-->  <ISACTIVE><![CDATA[Y]]></ISACTIVE>
<!--B475AD1D123C45D195D7C185775368E1-->  <NAME><![CDATA[Unit of Measure]]></NAME>
<!--B475AD1D123C45D195D7C185775368E1-->  <AD_TABLE_ID><![CDATA[74A2B781E05A42398C3EFB27D018374A]]></AD_TABLE_ID>
<!--B475AD1D123C45D195D7C185775368E1-->  <AD_WINDOW_ID><![CDATA[4C868BE4549C461EBDFDEF3C10743E4F]]></AD_WINDOW_ID>
<!--B475AD1D123C45D195D7C185775368E1-->  <SEQNO><![CDATA[10]]></SEQNO>
<!--B475AD1D123C45D195D7C185775368E1-->  <TABLEVEL><![CDATA[0]]></TABLEVEL>
<!--B475AD1D123C45D195D7C185775368E1-->  <ISSINGLEROW><![CDATA[N]]></ISSINGLEROW>
<!--B475AD1D123C45D195D7C185775368E1-->  <ISINFOTAB><![CDATA[N]]></ISINFOTAB>
<!--B475AD1D123C45D195D7C185775368E1-->  <ISTRANSLATIONTAB><![CDATA[N]]></ISTRANSLATIONTAB>
<!--B475AD1D123C45D195D7C185775368E1-->  <ISREADONLY><![CDATA[N]]></ISREADONLY>
<!--B475AD1D123C45D195D7C185775368E1-->  <HASTREE><![CDATA[N]]></HASTREE>
<!--B475AD1D123C45D195D7C185775368E1-->  <PROCESSING><![CDATA[N]]></PROCESSING>
<!--B475AD1D123C45D195D7C185775368E1-->  <IMPORTFIELDS><![CDATA[N]]></IMPORTFIELDS>
<!--B475AD1D123C45D195D7C185775368E1-->  <ISSORTTAB><![CDATA[N]]></ISSORTTAB>
<!--B475AD1D123C45D195D7C185775368E1-->  <AD_MODULE_ID><![CDATA[F2E7A973F06D438B85FFFB96E69670D4]]></AD_MODULE_ID>
<!--B475AD1D123C45D195D7C185775368E1-->  <UIPATTERN><![CDATA[STD]]></UIPATTERN>
<!--B475AD1D123C45D195D7C185775368E1-->  <SHOWPARENTBUTTONS><![CDATA[Y]]></SHOWPARENTBUTTONS>
<!--B475AD1D123C45D195D7C185775368E1-->  <DISABLE_PARENT_KEY_PROPERTY><![CDATA[N]]></DISABLE_PARENT_KEY_PROPERTY>
<!--B475AD1D123C45D195D7C185775368E1-->  <ISREADONLYTREE><![CDATA[N]]></ISREADONLYTREE>
<!--B475AD1D123C45D195D7C185775368E1-->  <ISSHOWTREENODEICONS><![CDATA[Y]]></ISSHOWTREENODEICONS>
<!--B475AD1D123C45D195D7C185775368E1-->  <EM_OBUIAPP_CAN_ADD><![CDATA[N]]></EM_OBUIAPP_CAN_ADD>
<!--B475AD1D123C45D195D7C185775368E1-->  <EM_OBUIAPP_CAN_DELETE><![CDATA[N]]></EM_OBUIAPP_CAN_DELETE>
<!--B475AD1D123C45D195D7C185775368E1-->  <EM_OBUIAPP_SHOW_SELECT><![CDATA[Y]]></EM_OBUIAPP_SHOW_SELECT>
<!--B475AD1D123C45D195D7C185775368E1--></AD_TAB>

</data>
