<?xml version='1.0' encoding='UTF-8'?>
<data>
<!--EC537B93B5A446808FA436C1766A1D73--><AD_TABLE_TREE>
<!--EC537B93B5A446808FA436C1766A1D73-->  <AD_TABLE_TREE_ID><![CDATA[EC537B93B5A446808FA436C1766A1D73]]></AD_TABLE_TREE_ID>
<!--EC537B93B5A446808FA436C1766A1D73-->  <AD_CLIENT_ID><![CDATA[0]]></AD_CLIENT_ID>
<!--EC537B93B5A446808FA436C1766A1D73-->  <AD_ORG_ID><![CDATA[0]]></AD_ORG_ID>
<!--EC537B93B5A446808FA436C1766A1D73-->  <ISACTIVE><![CDATA[Y]]></ISACTIVE>
<!--EC537B93B5A446808FA436C1766A1D73-->  <AD_TABLE_ID><![CDATA[3031CD3CE1C2498A8041B412F93D890A]]></AD_TABLE_ID>
<!--EC537B93B5A446808FA436C1766A1D73-->  <LINKTOPARENTCOLUMN><![CDATA[AA92385EDB25488291CB30F9A45B4D62]]></LINKTOPARENTCOLUMN>
<!--EC537B93B5A446808FA436C1766A1D73-->  <NODEIDCOLUMN><![CDATA[4385CF35FCEF4D91AAEB9BBA29D5F112]]></NODEIDCOLUMN>
<!--EC537B93B5A446808FA436C1766A1D73-->  <HASMULTIPARENTNODES><![CDATA[N]]></HASMULTIPARENTNODES>
<!--EC537B93B5A446808FA436C1766A1D73-->  <AD_MODULE_ID><![CDATA[F2E7A973F06D438B85FFFB96E69670D4]]></AD_MODULE_ID>
<!--EC537B93B5A446808FA436C1766A1D73-->  <APPLYWHERECLAUSETOCHILDNODES><![CDATA[Y]]></APPLYWHERECLAUSETOCHILDNODES>
<!--EC537B93B5A446808FA436C1766A1D73-->  <NAME><![CDATA[Employee]]></NAME>
<!--EC537B93B5A446808FA436C1766A1D73-->  <ISPARENTSELECTIONALLOWED><![CDATA[Y]]></ISPARENTSELECTIONALLOWED>
<!--EC537B93B5A446808FA436C1766A1D73-->  <ISORDERED><![CDATA[N]]></ISORDERED>
<!--EC537B93B5A446808FA436C1766A1D73-->  <TREESTRUCTURE><![CDATA[LinkToParent]]></TREESTRUCTURE>
<!--EC537B93B5A446808FA436C1766A1D73-->  <ISHANDLENODESMANUALLY><![CDATA[N]]></ISHANDLENODESMANUALLY>
<!--EC537B93B5A446808FA436C1766A1D73-->  <ISMAINTREE><![CDATA[Y]]></ISMAINTREE>
<!--EC537B93B5A446808FA436C1766A1D73-->  <NODEDELETIONPOLICY><![CDATA[RCN]]></NODEDELETIONPOLICY>
<!--EC537B93B5A446808FA436C1766A1D73--></AD_TABLE_TREE>

</data>
