<?xml version='1.0' encoding='UTF-8'?>
<data>
<!--01E560A713DA455D96B8C48DB0F9DFEC--><AD_TEXTINTERFACES>
<!--01E560A713DA455D96B8C48DB0F9DFEC-->  <AD_TEXTINTERFACES_ID><![CDATA[01E560A713DA455D96B8C48DB0F9DFEC]]></AD_TEXTINTERFACES_ID>
<!--01E560A713DA455D96B8C48DB0F9DFEC-->  <AD_CLIENT_ID><![CDATA[0]]></AD_CLIENT_ID>
<!--01E560A713DA455D96B8C48DB0F9DFEC-->  <AD_ORG_ID><![CDATA[0]]></AD_ORG_ID>
<!--01E560A713DA455D96B8C48DB0F9DFEC-->  <ISACTIVE><![CDATA[Y]]></ISACTIVE>
<!--01E560A713DA455D96B8C48DB0F9DFEC-->  <TEXT><![CDATA[8mm]]></TEXT>
<!--01E560A713DA455D96B8C48DB0F9DFEC-->  <FILENAME><![CDATA[/org/openbravo/platform/features/ad_reports/FopBarcodeReport.fo]]></FILENAME>
<!--01E560A713DA455D96B8C48DB0F9DFEC-->  <ISUSED><![CDATA[Y]]></ISUSED>
<!--01E560A713DA455D96B8C48DB0F9DFEC-->  <AD_MODULE_ID><![CDATA[F2E7A973F06D438B85FFFB96E69670D4]]></AD_MODULE_ID>
<!--01E560A713DA455D96B8C48DB0F9DFEC--></AD_TEXTINTERFACES>

<!--08BD74C87E5442B19DA2011EB49FA5E7--><AD_TEXTINTERFACES>
<!--08BD74C87E5442B19DA2011EB49FA5E7-->  <AD_TEXTINTERFACES_ID><![CDATA[08BD74C87E5442B19DA2011EB49FA5E7]]></AD_TEXTINTERFACES_ID>
<!--08BD74C87E5442B19DA2011EB49FA5E7-->  <AD_CLIENT_ID><![CDATA[0]]></AD_CLIENT_ID>
<!--08BD74C87E5442B19DA2011EB49FA5E7-->  <AD_ORG_ID><![CDATA[0]]></AD_ORG_ID>
<!--08BD74C87E5442B19DA2011EB49FA5E7-->  <ISACTIVE><![CDATA[Y]]></ISACTIVE>
<!--08BD74C87E5442B19DA2011EB49FA5E7-->  <TEXT><![CDATA[ADDRESS]]></TEXT>
<!--08BD74C87E5442B19DA2011EB49FA5E7-->  <FILENAME><![CDATA[/org/openbravo/platform/features/ad_reports/CitiesTextReport.jrxml]]></FILENAME>
<!--08BD74C87E5442B19DA2011EB49FA5E7-->  <ISUSED><![CDATA[Y]]></ISUSED>
<!--08BD74C87E5442B19DA2011EB49FA5E7-->  <AD_MODULE_ID><![CDATA[F2E7A973F06D438B85FFFB96E69670D4]]></AD_MODULE_ID>
<!--08BD74C87E5442B19DA2011EB49FA5E7--></AD_TEXTINTERFACES>

<!--0FC0981A36504B2FA37AD47ECBDBF27A--><AD_TEXTINTERFACES>
<!--0FC0981A36504B2FA37AD47ECBDBF27A-->  <AD_TEXTINTERFACES_ID><![CDATA[0FC0981A36504B2FA37AD47ECBDBF27A]]></AD_TEXTINTERFACES_ID>
<!--0FC0981A36504B2FA37AD47ECBDBF27A-->  <AD_CLIENT_ID><![CDATA[0]]></AD_CLIENT_ID>
<!--0FC0981A36504B2FA37AD47ECBDBF27A-->  <AD_ORG_ID><![CDATA[0]]></AD_ORG_ID>
<!--0FC0981A36504B2FA37AD47ECBDBF27A-->  <ISACTIVE><![CDATA[Y]]></ISACTIVE>
<!--0FC0981A36504B2FA37AD47ECBDBF27A-->  <TEXT><![CDATA[There are]]></TEXT>
<!--0FC0981A36504B2FA37AD47ECBDBF27A-->  <FILENAME><![CDATA[/org/openbravo/platform/features/ad_reports/CitiesTextReport.jrxml]]></FILENAME>
<!--0FC0981A36504B2FA37AD47ECBDBF27A-->  <ISUSED><![CDATA[Y]]></ISUSED>
<!--0FC0981A36504B2FA37AD47ECBDBF27A-->  <AD_MODULE_ID><![CDATA[F2E7A973F06D438B85FFFB96E69670D4]]></AD_MODULE_ID>
<!--0FC0981A36504B2FA37AD47ECBDBF27A--></AD_TEXTINTERFACES>

<!--244A4DAD473542078E2443DBF59BAC93--><AD_TEXTINTERFACES>
<!--244A4DAD473542078E2443DBF59BAC93-->  <AD_TEXTINTERFACES_ID><![CDATA[244A4DAD473542078E2443DBF59BAC93]]></AD_TEXTINTERFACES_ID>
<!--244A4DAD473542078E2443DBF59BAC93-->  <AD_CLIENT_ID><![CDATA[0]]></AD_CLIENT_ID>
<!--244A4DAD473542078E2443DBF59BAC93-->  <AD_ORG_ID><![CDATA[0]]></AD_ORG_ID>
<!--244A4DAD473542078E2443DBF59BAC93-->  <ISACTIVE><![CDATA[Y]]></ISACTIVE>
<!--244A4DAD473542078E2443DBF59BAC93-->  <TEXT><![CDATA[Count :]]></TEXT>
<!--244A4DAD473542078E2443DBF59BAC93-->  <FILENAME><![CDATA[/org/openbravo/platform/features/ad_reports/CitiesTextReport.jrxml]]></FILENAME>
<!--244A4DAD473542078E2443DBF59BAC93-->  <ISUSED><![CDATA[Y]]></ISUSED>
<!--244A4DAD473542078E2443DBF59BAC93-->  <AD_MODULE_ID><![CDATA[F2E7A973F06D438B85FFFB96E69670D4]]></AD_MODULE_ID>
<!--244A4DAD473542078E2443DBF59BAC93--></AD_TEXTINTERFACES>

<!--266112BF8C86484FA21CB217737EAA62--><AD_TEXTINTERFACES>
<!--266112BF8C86484FA21CB217737EAA62-->  <AD_TEXTINTERFACES_ID><![CDATA[266112BF8C86484FA21CB217737EAA62]]></AD_TEXTINTERFACES_ID>
<!--266112BF8C86484FA21CB217737EAA62-->  <AD_CLIENT_ID><![CDATA[0]]></AD_CLIENT_ID>
<!--266112BF8C86484FA21CB217737EAA62-->  <AD_ORG_ID><![CDATA[0]]></AD_ORG_ID>
<!--266112BF8C86484FA21CB217737EAA62-->  <ISACTIVE><![CDATA[Y]]></ISACTIVE>
<!--266112BF8C86484FA21CB217737EAA62-->  <TEXT><![CDATA[unknown]]></TEXT>
<!--266112BF8C86484FA21CB217737EAA62-->  <FILENAME><![CDATA[/org/openbravo/platform/features/ad_reports/CitiesTextReport.jrxml]]></FILENAME>
<!--266112BF8C86484FA21CB217737EAA62-->  <ISUSED><![CDATA[Y]]></ISUSED>
<!--266112BF8C86484FA21CB217737EAA62-->  <AD_MODULE_ID><![CDATA[F2E7A973F06D438B85FFFB96E69670D4]]></AD_MODULE_ID>
<!--266112BF8C86484FA21CB217737EAA62--></AD_TEXTINTERFACES>

<!--55CE168B3B364484A90CAE142B1E4CD0--><AD_TEXTINTERFACES>
<!--55CE168B3B364484A90CAE142B1E4CD0-->  <AD_TEXTINTERFACES_ID><![CDATA[55CE168B3B364484A90CAE142B1E4CD0]]></AD_TEXTINTERFACES_ID>
<!--55CE168B3B364484A90CAE142B1E4CD0-->  <AD_CLIENT_ID><![CDATA[0]]></AD_CLIENT_ID>
<!--55CE168B3B364484A90CAE142B1E4CD0-->  <AD_ORG_ID><![CDATA[0]]></AD_ORG_ID>
<!--55CE168B3B364484A90CAE142B1E4CD0-->  <ISACTIVE><![CDATA[Y]]></ISACTIVE>
<!--55CE168B3B364484A90CAE142B1E4CD0-->  <TEXT><![CDATA[addresses.]]></TEXT>
<!--55CE168B3B364484A90CAE142B1E4CD0-->  <FILENAME><![CDATA[/org/openbravo/platform/features/ad_reports/CitiesTextReport.jrxml]]></FILENAME>
<!--55CE168B3B364484A90CAE142B1E4CD0-->  <ISUSED><![CDATA[Y]]></ISUSED>
<!--55CE168B3B364484A90CAE142B1E4CD0-->  <AD_MODULE_ID><![CDATA[F2E7A973F06D438B85FFFB96E69670D4]]></AD_MODULE_ID>
<!--55CE168B3B364484A90CAE142B1E4CD0--></AD_TEXTINTERFACES>

<!--5F55A6BDEAD44F9B922E529AE7C12A87--><AD_TEXTINTERFACES>
<!--5F55A6BDEAD44F9B922E529AE7C12A87-->  <AD_TEXTINTERFACES_ID><![CDATA[5F55A6BDEAD44F9B922E529AE7C12A87]]></AD_TEXTINTERFACES_ID>
<!--5F55A6BDEAD44F9B922E529AE7C12A87-->  <AD_CLIENT_ID><![CDATA[0]]></AD_CLIENT_ID>
<!--5F55A6BDEAD44F9B922E529AE7C12A87-->  <AD_ORG_ID><![CDATA[0]]></AD_ORG_ID>
<!--5F55A6BDEAD44F9B922E529AE7C12A87-->  <ISACTIVE><![CDATA[Y]]></ISACTIVE>
<!--5F55A6BDEAD44F9B922E529AE7C12A87-->  <TEXT><![CDATA[Cannot load this page]]></TEXT>
<!--5F55A6BDEAD44F9B922E529AE7C12A87-->  <FILENAME><![CDATA[/org/openbravo/platform/features/errorpages/ErrorDefault.html]]></FILENAME>
<!--5F55A6BDEAD44F9B922E529AE7C12A87-->  <ISUSED><![CDATA[Y]]></ISUSED>
<!--5F55A6BDEAD44F9B922E529AE7C12A87-->  <AD_MODULE_ID><![CDATA[F2E7A973F06D438B85FFFB96E69670D4]]></AD_MODULE_ID>
<!--5F55A6BDEAD44F9B922E529AE7C12A87--></AD_TEXTINTERFACES>

<!--7F087B9200E643A2B01980F28B541A68--><AD_TEXTINTERFACES>
<!--7F087B9200E643A2B01980F28B541A68-->  <AD_TEXTINTERFACES_ID><![CDATA[7F087B9200E643A2B01980F28B541A68]]></AD_TEXTINTERFACES_ID>
<!--7F087B9200E643A2B01980F28B541A68-->  <AD_CLIENT_ID><![CDATA[0]]></AD_CLIENT_ID>
<!--7F087B9200E643A2B01980F28B541A68-->  <AD_ORG_ID><![CDATA[0]]></AD_ORG_ID>
<!--7F087B9200E643A2B01980F28B541A68-->  <ISACTIVE><![CDATA[Y]]></ISACTIVE>
<!--7F087B9200E643A2B01980F28B541A68-->  <TEXT><![CDATA[404: Page not found]]></TEXT>
<!--7F087B9200E643A2B01980F28B541A68-->  <FILENAME><![CDATA[/org/openbravo/platform/features/errorpages/Error404.html]]></FILENAME>
<!--7F087B9200E643A2B01980F28B541A68-->  <ISUSED><![CDATA[Y]]></ISUSED>
<!--7F087B9200E643A2B01980F28B541A68-->  <AD_MODULE_ID><![CDATA[F2E7A973F06D438B85FFFB96E69670D4]]></AD_MODULE_ID>
<!--7F087B9200E643A2B01980F28B541A68--></AD_TEXTINTERFACES>

<!--A66166508ECF45AA83B441E74A22FF05--><AD_TEXTINTERFACES>
<!--A66166508ECF45AA83B441E74A22FF05-->  <AD_TEXTINTERFACES_ID><![CDATA[A66166508ECF45AA83B441E74A22FF05]]></AD_TEXTINTERFACES_ID>
<!--A66166508ECF45AA83B441E74A22FF05-->  <AD_CLIENT_ID><![CDATA[0]]></AD_CLIENT_ID>
<!--A66166508ECF45AA83B441E74A22FF05-->  <AD_ORG_ID><![CDATA[0]]></AD_ORG_ID>
<!--A66166508ECF45AA83B441E74A22FF05-->  <ISACTIVE><![CDATA[Y]]></ISACTIVE>
<!--A66166508ECF45AA83B441E74A22FF05-->  <TEXT><![CDATA[Cities of Business Partner Locations]]></TEXT>
<!--A66166508ECF45AA83B441E74A22FF05-->  <FILENAME><![CDATA[/org/openbravo/platform/features/ad_reports/CitiesTextReport.jrxml]]></FILENAME>
<!--A66166508ECF45AA83B441E74A22FF05-->  <ISUSED><![CDATA[Y]]></ISUSED>
<!--A66166508ECF45AA83B441E74A22FF05-->  <AD_MODULE_ID><![CDATA[F2E7A973F06D438B85FFFB96E69670D4]]></AD_MODULE_ID>
<!--A66166508ECF45AA83B441E74A22FF05--></AD_TEXTINTERFACES>

<!--B8EE2CE207EC491480010A7205BA4F23--><AD_TEXTINTERFACES>
<!--B8EE2CE207EC491480010A7205BA4F23-->  <AD_TEXTINTERFACES_ID><![CDATA[B8EE2CE207EC491480010A7205BA4F23]]></AD_TEXTINTERFACES_ID>
<!--B8EE2CE207EC491480010A7205BA4F23-->  <AD_CLIENT_ID><![CDATA[0]]></AD_CLIENT_ID>
<!--B8EE2CE207EC491480010A7205BA4F23-->  <AD_ORG_ID><![CDATA[0]]></AD_ORG_ID>
<!--B8EE2CE207EC491480010A7205BA4F23-->  <ISACTIVE><![CDATA[Y]]></ISACTIVE>
<!--B8EE2CE207EC491480010A7205BA4F23-->  <TEXT><![CDATA[POSTAL CODE]]></TEXT>
<!--B8EE2CE207EC491480010A7205BA4F23-->  <FILENAME><![CDATA[/org/openbravo/platform/features/ad_reports/CitiesTextReport.jrxml]]></FILENAME>
<!--B8EE2CE207EC491480010A7205BA4F23-->  <ISUSED><![CDATA[Y]]></ISUSED>
<!--B8EE2CE207EC491480010A7205BA4F23-->  <AD_MODULE_ID><![CDATA[F2E7A973F06D438B85FFFB96E69670D4]]></AD_MODULE_ID>
<!--B8EE2CE207EC491480010A7205BA4F23--></AD_TEXTINTERFACES>

<!--BCAAFA2B07034E64BE08515547F242D1--><AD_TEXTINTERFACES>
<!--BCAAFA2B07034E64BE08515547F242D1-->  <AD_TEXTINTERFACES_ID><![CDATA[BCAAFA2B07034E64BE08515547F242D1]]></AD_TEXTINTERFACES_ID>
<!--BCAAFA2B07034E64BE08515547F242D1-->  <AD_CLIENT_ID><![CDATA[0]]></AD_CLIENT_ID>
<!--BCAAFA2B07034E64BE08515547F242D1-->  <AD_ORG_ID><![CDATA[0]]></AD_ORG_ID>
<!--BCAAFA2B07034E64BE08515547F242D1-->  <ISACTIVE><![CDATA[Y]]></ISACTIVE>
<!--BCAAFA2B07034E64BE08515547F242D1-->  <TEXT><![CDATA[RuntimeException caught]]></TEXT>
<!--BCAAFA2B07034E64BE08515547F242D1-->  <FILENAME><![CDATA[/org/openbravo/platform/features/errorpages/RuntimeException.html]]></FILENAME>
<!--BCAAFA2B07034E64BE08515547F242D1-->  <ISUSED><![CDATA[Y]]></ISUSED>
<!--BCAAFA2B07034E64BE08515547F242D1-->  <AD_MODULE_ID><![CDATA[F2E7A973F06D438B85FFFB96E69670D4]]></AD_MODULE_ID>
<!--BCAAFA2B07034E64BE08515547F242D1--></AD_TEXTINTERFACES>

<!--C6CF73EFEA7B44FFA7A5894210D3C890--><AD_TEXTINTERFACES>
<!--C6CF73EFEA7B44FFA7A5894210D3C890-->  <AD_TEXTINTERFACES_ID><![CDATA[C6CF73EFEA7B44FFA7A5894210D3C890]]></AD_TEXTINTERFACES_ID>
<!--C6CF73EFEA7B44FFA7A5894210D3C890-->  <AD_CLIENT_ID><![CDATA[0]]></AD_CLIENT_ID>
<!--C6CF73EFEA7B44FFA7A5894210D3C890-->  <AD_ORG_ID><![CDATA[0]]></AD_ORG_ID>
<!--C6CF73EFEA7B44FFA7A5894210D3C890-->  <ISACTIVE><![CDATA[Y]]></ISACTIVE>
<!--C6CF73EFEA7B44FFA7A5894210D3C890-->  <TEXT><![CDATA[FOP BARCODE REPORT]]></TEXT>
<!--C6CF73EFEA7B44FFA7A5894210D3C890-->  <FILENAME><![CDATA[/org/openbravo/platform/features/ad_reports/FopBarcodeReport.fo]]></FILENAME>
<!--C6CF73EFEA7B44FFA7A5894210D3C890-->  <ISUSED><![CDATA[Y]]></ISUSED>
<!--C6CF73EFEA7B44FFA7A5894210D3C890-->  <AD_MODULE_ID><![CDATA[F2E7A973F06D438B85FFFB96E69670D4]]></AD_MODULE_ID>
<!--C6CF73EFEA7B44FFA7A5894210D3C890--></AD_TEXTINTERFACES>

</data>
