<?xml version='1.0' encoding='UTF-8'?>
<data>
<!--4C868BE4549C461EBDFDEF3C10743E4F--><AD_WINDOW>
<!--4C868BE4549C461EBDFDEF3C10743E4F-->  <AD_WINDOW_ID><![CDATA[4C868BE4549C461EBDFDEF3C10743E4F]]></AD_WINDOW_ID>
<!--4C868BE4549C461EBDFDEF3C10743E4F-->  <AD_CLIENT_ID><![CDATA[0]]></AD_CLIENT_ID>
<!--4C868BE4549C461EBDFDEF3C10743E4F-->  <AD_ORG_ID><![CDATA[0]]></AD_ORG_ID>
<!--4C868BE4549C461EBDFDEF3C10743E4F-->  <ISACTIVE><![CDATA[Y]]></ISACTIVE>
<!--4C868BE4549C461EBDFDEF3C10743E4F-->  <NAME><![CDATA[Unit of Measure (Manual DataSource)]]></NAME>
<!--4C868BE4549C461EBDFDEF3C10743E4F-->  <WINDOWTYPE><![CDATA[M]]></WINDOWTYPE>
<!--4C868BE4549C461EBDFDEF3C10743E4F-->  <ISSOTRX><![CDATA[Y]]></ISSOTRX>
<!--4C868BE4549C461EBDFDEF3C10743E4F-->  <PROCESSING><![CDATA[N]]></PROCESSING>
<!--4C868BE4549C461EBDFDEF3C10743E4F-->  <ISDEFAULT><![CDATA[N]]></ISDEFAULT>
<!--4C868BE4549C461EBDFDEF3C10743E4F-->  <AD_MODULE_ID><![CDATA[F2E7A973F06D438B85FFFB96E69670D4]]></AD_MODULE_ID>
<!--4C868BE4549C461EBDFDEF3C10743E4F-->  <ISTHREADSAFE><![CDATA[N]]></ISTHREADSAFE>
<!--4C868BE4549C461EBDFDEF3C10743E4F-->  <ISADVANCEDFEATURE><![CDATA[N]]></ISADVANCEDFEATURE>
<!--4C868BE4549C461EBDFDEF3C10743E4F--></AD_WINDOW>

<!--4D7CA71E6FD24FC9A84B6254F71694EE--><AD_WINDOW>
<!--4D7CA71E6FD24FC9A84B6254F71694EE-->  <AD_WINDOW_ID><![CDATA[4D7CA71E6FD24FC9A84B6254F71694EE]]></AD_WINDOW_ID>
<!--4D7CA71E6FD24FC9A84B6254F71694EE-->  <AD_CLIENT_ID><![CDATA[0]]></AD_CLIENT_ID>
<!--4D7CA71E6FD24FC9A84B6254F71694EE-->  <AD_ORG_ID><![CDATA[0]]></AD_ORG_ID>
<!--4D7CA71E6FD24FC9A84B6254F71694EE-->  <ISACTIVE><![CDATA[Y]]></ISACTIVE>
<!--4D7CA71E6FD24FC9A84B6254F71694EE-->  <NAME><![CDATA[SimpleOrderP&E]]></NAME>
<!--4D7CA71E6FD24FC9A84B6254F71694EE-->  <WINDOWTYPE><![CDATA[OBUIAPP_PickAndExecute]]></WINDOWTYPE>
<!--4D7CA71E6FD24FC9A84B6254F71694EE-->  <ISSOTRX><![CDATA[Y]]></ISSOTRX>
<!--4D7CA71E6FD24FC9A84B6254F71694EE-->  <PROCESSING><![CDATA[N]]></PROCESSING>
<!--4D7CA71E6FD24FC9A84B6254F71694EE-->  <ISDEFAULT><![CDATA[N]]></ISDEFAULT>
<!--4D7CA71E6FD24FC9A84B6254F71694EE-->  <AD_MODULE_ID><![CDATA[F2E7A973F06D438B85FFFB96E69670D4]]></AD_MODULE_ID>
<!--4D7CA71E6FD24FC9A84B6254F71694EE-->  <ISTHREADSAFE><![CDATA[N]]></ISTHREADSAFE>
<!--4D7CA71E6FD24FC9A84B6254F71694EE-->  <ISADVANCEDFEATURE><![CDATA[N]]></ISADVANCEDFEATURE>
<!--4D7CA71E6FD24FC9A84B6254F71694EE--></AD_WINDOW>

<!--E40FF0AD90A94F0A811DECF1E08D59D5--><AD_WINDOW>
<!--E40FF0AD90A94F0A811DECF1E08D59D5-->  <AD_WINDOW_ID><![CDATA[E40FF0AD90A94F0A811DECF1E08D59D5]]></AD_WINDOW_ID>
<!--E40FF0AD90A94F0A811DECF1E08D59D5-->  <AD_CLIENT_ID><![CDATA[0]]></AD_CLIENT_ID>
<!--E40FF0AD90A94F0A811DECF1E08D59D5-->  <AD_ORG_ID><![CDATA[0]]></AD_ORG_ID>
<!--E40FF0AD90A94F0A811DECF1E08D59D5-->  <ISACTIVE><![CDATA[Y]]></ISACTIVE>
<!--E40FF0AD90A94F0A811DECF1E08D59D5-->  <NAME><![CDATA[Employee]]></NAME>
<!--E40FF0AD90A94F0A811DECF1E08D59D5-->  <WINDOWTYPE><![CDATA[M]]></WINDOWTYPE>
<!--E40FF0AD90A94F0A811DECF1E08D59D5-->  <ISSOTRX><![CDATA[Y]]></ISSOTRX>
<!--E40FF0AD90A94F0A811DECF1E08D59D5-->  <PROCESSING><![CDATA[N]]></PROCESSING>
<!--E40FF0AD90A94F0A811DECF1E08D59D5-->  <ISDEFAULT><![CDATA[N]]></ISDEFAULT>
<!--E40FF0AD90A94F0A811DECF1E08D59D5-->  <AD_MODULE_ID><![CDATA[F2E7A973F06D438B85FFFB96E69670D4]]></AD_MODULE_ID>
<!--E40FF0AD90A94F0A811DECF1E08D59D5-->  <ISTHREADSAFE><![CDATA[N]]></ISTHREADSAFE>
<!--E40FF0AD90A94F0A811DECF1E08D59D5-->  <ISADVANCEDFEATURE><![CDATA[N]]></ISADVANCEDFEATURE>
<!--E40FF0AD90A94F0A811DECF1E08D59D5--></AD_WINDOW>

<!--E6F139C248D74DBAA8B422A5124EA301--><AD_WINDOW>
<!--E6F139C248D74DBAA8B422A5124EA301-->  <AD_WINDOW_ID><![CDATA[E6F139C248D74DBAA8B422A5124EA301]]></AD_WINDOW_ID>
<!--E6F139C248D74DBAA8B422A5124EA301-->  <AD_CLIENT_ID><![CDATA[0]]></AD_CLIENT_ID>
<!--E6F139C248D74DBAA8B422A5124EA301-->  <AD_ORG_ID><![CDATA[0]]></AD_ORG_ID>
<!--E6F139C248D74DBAA8B422A5124EA301-->  <ISACTIVE><![CDATA[Y]]></ISACTIVE>
<!--E6F139C248D74DBAA8B422A5124EA301-->  <NAME><![CDATA[Event Handlers]]></NAME>
<!--E6F139C248D74DBAA8B422A5124EA301-->  <WINDOWTYPE><![CDATA[M]]></WINDOWTYPE>
<!--E6F139C248D74DBAA8B422A5124EA301-->  <ISSOTRX><![CDATA[Y]]></ISSOTRX>
<!--E6F139C248D74DBAA8B422A5124EA301-->  <PROCESSING><![CDATA[N]]></PROCESSING>
<!--E6F139C248D74DBAA8B422A5124EA301-->  <ISDEFAULT><![CDATA[N]]></ISDEFAULT>
<!--E6F139C248D74DBAA8B422A5124EA301-->  <AD_MODULE_ID><![CDATA[F2E7A973F06D438B85FFFB96E69670D4]]></AD_MODULE_ID>
<!--E6F139C248D74DBAA8B422A5124EA301-->  <ISTHREADSAFE><![CDATA[N]]></ISTHREADSAFE>
<!--E6F139C248D74DBAA8B422A5124EA301-->  <ISADVANCEDFEATURE><![CDATA[N]]></ISADVANCEDFEATURE>
<!--E6F139C248D74DBAA8B422A5124EA301--></AD_WINDOW>

</data>
