<?xml version='1.0' encoding='UTF-8'?>
<data>
<!--2679C519A2364BBDBDBE9106F826F070--><OBSERDS_DATASOURCE>
<!--2679C519A2364BBDBDBE9106F826F070-->  <OBSERDS_DATASOURCE_ID><![CDATA[2679C519A2364BBDBDBE9106F826F070]]></OBSERDS_DATASOURCE_ID>
<!--2679C519A2364BBDBDBE9106F826F070-->  <AD_CLIENT_ID><![CDATA[0]]></AD_CLIENT_ID>
<!--2679C519A2364BBDBDBE9106F826F070-->  <AD_ORG_ID><![CDATA[0]]></AD_ORG_ID>
<!--2679C519A2364BBDBDBE9106F826F070-->  <AD_MODULE_ID><![CDATA[F2E7A973F06D438B85FFFB96E69670D4]]></AD_MODULE_ID>
<!--2679C519A2364BBDBDBE9106F826F070-->  <NAME><![CDATA[Observed Entities Datasource]]></NAME>
<!--2679C519A2364BBDBDBE9106F826F070-->  <CLASSNAME><![CDATA[org.openbravo.platform.features.datasource.ObservedEntitiesDataSource]]></CLASSNAME>
<!--2679C519A2364BBDBDBE9106F826F070-->  <OBCLKER_TEMPLATE_ID><![CDATA[2BAD445C2A0343C58E455F9BD379C690]]></OBCLKER_TEMPLATE_ID>
<!--2679C519A2364BBDBDBE9106F826F070-->  <ISACTIVE><![CDATA[Y]]></ISACTIVE>
<!--2679C519A2364BBDBDBE9106F826F070-->  <USEASTABLEDATAORIGIN><![CDATA[Y]]></USEASTABLEDATAORIGIN>
<!--2679C519A2364BBDBDBE9106F826F070-->  <IDFKFILTERING><![CDATA[Y]]></IDFKFILTERING>
<!--2679C519A2364BBDBDBE9106F826F070--></OBSERDS_DATASOURCE>

<!--36784EB78BF74048A883105FB506FD2D--><OBSERDS_DATASOURCE>
<!--36784EB78BF74048A883105FB506FD2D-->  <OBSERDS_DATASOURCE_ID><![CDATA[36784EB78BF74048A883105FB506FD2D]]></OBSERDS_DATASOURCE_ID>
<!--36784EB78BF74048A883105FB506FD2D-->  <AD_CLIENT_ID><![CDATA[0]]></AD_CLIENT_ID>
<!--36784EB78BF74048A883105FB506FD2D-->  <AD_ORG_ID><![CDATA[0]]></AD_ORG_ID>
<!--36784EB78BF74048A883105FB506FD2D-->  <AD_MODULE_ID><![CDATA[F2E7A973F06D438B85FFFB96E69670D4]]></AD_MODULE_ID>
<!--36784EB78BF74048A883105FB506FD2D-->  <NAME><![CDATA[Unit of Measure (Manual DS)]]></NAME>
<!--36784EB78BF74048A883105FB506FD2D-->  <DESCRIPTION><![CDATA[Unit of Measure with manual datasource]]></DESCRIPTION>
<!--36784EB78BF74048A883105FB506FD2D-->  <CLASSNAME><![CDATA[org.openbravo.platform.features.datasource.ManualUnitOfMeasureDataSource]]></CLASSNAME>
<!--36784EB78BF74048A883105FB506FD2D-->  <OBCLKER_TEMPLATE_ID><![CDATA[2BAD445C2A0343C58E455F9BD379C690]]></OBCLKER_TEMPLATE_ID>
<!--36784EB78BF74048A883105FB506FD2D-->  <ISACTIVE><![CDATA[Y]]></ISACTIVE>
<!--36784EB78BF74048A883105FB506FD2D-->  <USEASTABLEDATAORIGIN><![CDATA[Y]]></USEASTABLEDATAORIGIN>
<!--36784EB78BF74048A883105FB506FD2D-->  <IDFKFILTERING><![CDATA[Y]]></IDFKFILTERING>
<!--36784EB78BF74048A883105FB506FD2D--></OBSERDS_DATASOURCE>

<!--5058AF51E54C4FAA88F02327305494DD--><OBSERDS_DATASOURCE>
<!--5058AF51E54C4FAA88F02327305494DD-->  <OBSERDS_DATASOURCE_ID><![CDATA[5058AF51E54C4FAA88F02327305494DD]]></OBSERDS_DATASOURCE_ID>
<!--5058AF51E54C4FAA88F02327305494DD-->  <AD_CLIENT_ID><![CDATA[0]]></AD_CLIENT_ID>
<!--5058AF51E54C4FAA88F02327305494DD-->  <AD_ORG_ID><![CDATA[0]]></AD_ORG_ID>
<!--5058AF51E54C4FAA88F02327305494DD-->  <AD_MODULE_ID><![CDATA[F2E7A973F06D438B85FFFB96E69670D4]]></AD_MODULE_ID>
<!--5058AF51E54C4FAA88F02327305494DD-->  <NAME><![CDATA[Event Handler Datasource]]></NAME>
<!--5058AF51E54C4FAA88F02327305494DD-->  <DESCRIPTION><![CDATA[Datasource that retrieves the existing event handlers currently registered in the application]]></DESCRIPTION>
<!--5058AF51E54C4FAA88F02327305494DD-->  <CLASSNAME><![CDATA[org.openbravo.platform.features.datasource.EventHandlerDataSource]]></CLASSNAME>
<!--5058AF51E54C4FAA88F02327305494DD-->  <OBCLKER_TEMPLATE_ID><![CDATA[2BAD445C2A0343C58E455F9BD379C690]]></OBCLKER_TEMPLATE_ID>
<!--5058AF51E54C4FAA88F02327305494DD-->  <ISACTIVE><![CDATA[Y]]></ISACTIVE>
<!--5058AF51E54C4FAA88F02327305494DD-->  <USEASTABLEDATAORIGIN><![CDATA[Y]]></USEASTABLEDATAORIGIN>
<!--5058AF51E54C4FAA88F02327305494DD-->  <IDFKFILTERING><![CDATA[Y]]></IDFKFILTERING>
<!--5058AF51E54C4FAA88F02327305494DD--></OBSERDS_DATASOURCE>

</data>
