<?xml version='1.0' encoding='UTF-8'?>
<data>
<!--4D1DDBFBA202484F8D0FC63C44302772--><OBUIAPP_REPORT>
<!--4D1DDBFBA202484F8D0FC63C44302772-->  <OBUIAPP_REPORT_ID><![CDATA[4D1DDBFBA202484F8D0FC63C44302772]]></OBUIAPP_REPORT_ID>
<!--4D1DDBFBA202484F8D0FC63C44302772-->  <AD_CLIENT_ID><![CDATA[0]]></AD_CLIENT_ID>
<!--4D1DDBFBA202484F8D0FC63C44302772-->  <AD_ORG_ID><![CDATA[0]]></AD_ORG_ID>
<!--4D1DDBFBA202484F8D0FC63C44302772-->  <ISACTIVE><![CDATA[Y]]></ISACTIVE>
<!--4D1DDBFBA202484F8D0FC63C44302772-->  <OBUIAPP_PROCESS_ID><![CDATA[70889433974B409BAC4F9D7BFB211248]]></OBUIAPP_PROCESS_ID>
<!--4D1DDBFBA202484F8D0FC63C44302772-->  <PDF_TEMPLATE><![CDATA[web/org.openbravo.platform.features/jasper/ProductByCategory.jrxml]]></PDF_TEMPLATE>
<!--4D1DDBFBA202484F8D0FC63C44302772-->  <USE_PDF_AS_XLS_TEMPLATE><![CDATA[N]]></USE_PDF_AS_XLS_TEMPLATE>
<!--4D1DDBFBA202484F8D0FC63C44302772-->  <USE_PDF_AS_HTML_TEMPLATE><![CDATA[Y]]></USE_PDF_AS_HTML_TEMPLATE>
<!--4D1DDBFBA202484F8D0FC63C44302772--></OBUIAPP_REPORT>

<!--67EE64301959410083D30DB295377B0E--><OBUIAPP_REPORT>
<!--67EE64301959410083D30DB295377B0E-->  <OBUIAPP_REPORT_ID><![CDATA[67EE64301959410083D30DB295377B0E]]></OBUIAPP_REPORT_ID>
<!--67EE64301959410083D30DB295377B0E-->  <AD_CLIENT_ID><![CDATA[0]]></AD_CLIENT_ID>
<!--67EE64301959410083D30DB295377B0E-->  <AD_ORG_ID><![CDATA[0]]></AD_ORG_ID>
<!--67EE64301959410083D30DB295377B0E-->  <ISACTIVE><![CDATA[Y]]></ISACTIVE>
<!--67EE64301959410083D30DB295377B0E-->  <OBUIAPP_PROCESS_ID><![CDATA[A22C86AACD474BBC97349A29DCD51785]]></OBUIAPP_PROCESS_ID>
<!--67EE64301959410083D30DB295377B0E-->  <PDF_TEMPLATE><![CDATA[web/org.openbravo.platform.features/jasper/JsonBusinessPartnerReport.jrxml]]></PDF_TEMPLATE>
<!--67EE64301959410083D30DB295377B0E-->  <USE_PDF_AS_XLS_TEMPLATE><![CDATA[N]]></USE_PDF_AS_XLS_TEMPLATE>
<!--67EE64301959410083D30DB295377B0E-->  <USE_PDF_AS_HTML_TEMPLATE><![CDATA[N]]></USE_PDF_AS_HTML_TEMPLATE>
<!--67EE64301959410083D30DB295377B0E--></OBUIAPP_REPORT>

<!--DF0F15BEDAA04691967586BBBBFA30F9--><OBUIAPP_REPORT>
<!--DF0F15BEDAA04691967586BBBBFA30F9-->  <OBUIAPP_REPORT_ID><![CDATA[DF0F15BEDAA04691967586BBBBFA30F9]]></OBUIAPP_REPORT_ID>
<!--DF0F15BEDAA04691967586BBBBFA30F9-->  <AD_CLIENT_ID><![CDATA[0]]></AD_CLIENT_ID>
<!--DF0F15BEDAA04691967586BBBBFA30F9-->  <AD_ORG_ID><![CDATA[0]]></AD_ORG_ID>
<!--DF0F15BEDAA04691967586BBBBFA30F9-->  <ISACTIVE><![CDATA[Y]]></ISACTIVE>
<!--DF0F15BEDAA04691967586BBBBFA30F9-->  <OBUIAPP_PROCESS_ID><![CDATA[4AD5C6BEB4D140108B0B5D3212CDE689]]></OBUIAPP_PROCESS_ID>
<!--DF0F15BEDAA04691967586BBBBFA30F9-->  <XLS_TEMPLATE><![CDATA[web/org.openbravo.platform.features/jasper/SalesOrderExcel.jrxml]]></XLS_TEMPLATE>
<!--DF0F15BEDAA04691967586BBBBFA30F9-->  <USE_PDF_AS_XLS_TEMPLATE><![CDATA[N]]></USE_PDF_AS_XLS_TEMPLATE>
<!--DF0F15BEDAA04691967586BBBBFA30F9-->  <USE_PDF_AS_HTML_TEMPLATE><![CDATA[N]]></USE_PDF_AS_HTML_TEMPLATE>
<!--DF0F15BEDAA04691967586BBBBFA30F9--></OBUIAPP_REPORT>

<!--EE1F866756424EBCA58961E710C02220--><OBUIAPP_REPORT>
<!--EE1F866756424EBCA58961E710C02220-->  <OBUIAPP_REPORT_ID><![CDATA[EE1F866756424EBCA58961E710C02220]]></OBUIAPP_REPORT_ID>
<!--EE1F866756424EBCA58961E710C02220-->  <AD_CLIENT_ID><![CDATA[0]]></AD_CLIENT_ID>
<!--EE1F866756424EBCA58961E710C02220-->  <AD_ORG_ID><![CDATA[0]]></AD_ORG_ID>
<!--EE1F866756424EBCA58961E710C02220-->  <ISACTIVE><![CDATA[Y]]></ISACTIVE>
<!--EE1F866756424EBCA58961E710C02220-->  <OBUIAPP_PROCESS_ID><![CDATA[BBF9A53CE95F44A39B6935240BCFCC1E]]></OBUIAPP_PROCESS_ID>
<!--EE1F866756424EBCA58961E710C02220-->  <PDF_TEMPLATE><![CDATA[web/org.openbravo.platform.features/jasper/Barcodes.jrxml]]></PDF_TEMPLATE>
<!--EE1F866756424EBCA58961E710C02220-->  <USE_PDF_AS_XLS_TEMPLATE><![CDATA[N]]></USE_PDF_AS_XLS_TEMPLATE>
<!--EE1F866756424EBCA58961E710C02220-->  <USE_PDF_AS_HTML_TEMPLATE><![CDATA[N]]></USE_PDF_AS_HTML_TEMPLATE>
<!--EE1F866756424EBCA58961E710C02220--></OBUIAPP_REPORT>

</data>
