<?xml version='1.0' encoding='UTF-8'?>
<data>
<!--7D033A671841494A8E741CFC6A21954E--><OBUISEL_SELECTOR_FIELD>
<!--7D033A671841494A8E741CFC6A21954E-->  <OBUISEL_SELECTOR_FIELD_ID><![CDATA[7D033A671841494A8E741CFC6A21954E]]></OBUISEL_SELECTOR_FIELD_ID>
<!--7D033A671841494A8E741CFC6A21954E-->  <OBUISEL_SELECTOR_ID><![CDATA[C8C4664777904544A25A0547A5EC113A]]></OBUISEL_SELECTOR_ID>
<!--7D033A671841494A8E741CFC6A21954E-->  <AD_CLIENT_ID><![CDATA[0]]></AD_CLIENT_ID>
<!--7D033A671841494A8E741CFC6A21954E-->  <AD_ORG_ID><![CDATA[0]]></AD_ORG_ID>
<!--7D033A671841494A8E741CFC6A21954E-->  <AD_MODULE_ID><![CDATA[F2E7A973F06D438B85FFFB96E69670D4]]></AD_MODULE_ID>
<!--7D033A671841494A8E741CFC6A21954E-->  <AD_COLUMN_ID><![CDATA[2916]]></AD_COLUMN_ID>
<!--7D033A671841494A8E741CFC6A21954E-->  <NAME><![CDATA[Customer]]></NAME>
<!--7D033A671841494A8E741CFC6A21954E-->  <DESCRIPTION><![CDATA[Indicates a business partner that is your customer, ie. that will be making purchases from you.]]></DESCRIPTION>
<!--7D033A671841494A8E741CFC6A21954E-->  <HELP><![CDATA[Indicates a business partner that is your customer, ie. that will be making purchases from you. If selected, additional fields will display further details that need to be entered for a customer.]]></HELP>
<!--7D033A671841494A8E741CFC6A21954E-->  <PROPERTY><![CDATA[customer]]></PROPERTY>
<!--7D033A671841494A8E741CFC6A21954E-->  <ISCENTRALLYMAINTAINED><![CDATA[Y]]></ISCENTRALLYMAINTAINED>
<!--7D033A671841494A8E741CFC6A21954E-->  <SORT><![CDATA[Y]]></SORT>
<!--7D033A671841494A8E741CFC6A21954E-->  <FILTER><![CDATA[Y]]></FILTER>
<!--7D033A671841494A8E741CFC6A21954E-->  <SEARCHINSUGGESTIONBOX><![CDATA[N]]></SEARCHINSUGGESTIONBOX>
<!--7D033A671841494A8E741CFC6A21954E-->  <SHOWINGRID><![CDATA[Y]]></SHOWINGRID>
<!--7D033A671841494A8E741CFC6A21954E-->  <SORTNO><![CDATA[4]]></SORTNO>
<!--7D033A671841494A8E741CFC6A21954E-->  <ISACTIVE><![CDATA[Y]]></ISACTIVE>
<!--7D033A671841494A8E741CFC6A21954E-->  <ISOUTFIELD><![CDATA[N]]></ISOUTFIELD>
<!--7D033A671841494A8E741CFC6A21954E-->  <DEFAULT_EXPRESSION><![CDATA[if (OB.isSalesTransaction() == true) { 'true' } else {''}]]></DEFAULT_EXPRESSION>
<!--7D033A671841494A8E741CFC6A21954E-->  <SHOWINPICKLIST><![CDATA[N]]></SHOWINPICKLIST>
<!--7D033A671841494A8E741CFC6A21954E--></OBUISEL_SELECTOR_FIELD>

<!--937164F6D6D3416F8A02EA9CCEC383F6--><OBUISEL_SELECTOR_FIELD>
<!--937164F6D6D3416F8A02EA9CCEC383F6-->  <OBUISEL_SELECTOR_FIELD_ID><![CDATA[937164F6D6D3416F8A02EA9CCEC383F6]]></OBUISEL_SELECTOR_FIELD_ID>
<!--937164F6D6D3416F8A02EA9CCEC383F6-->  <OBUISEL_SELECTOR_ID><![CDATA[C8C4664777904544A25A0547A5EC113A]]></OBUISEL_SELECTOR_ID>
<!--937164F6D6D3416F8A02EA9CCEC383F6-->  <AD_CLIENT_ID><![CDATA[0]]></AD_CLIENT_ID>
<!--937164F6D6D3416F8A02EA9CCEC383F6-->  <AD_ORG_ID><![CDATA[0]]></AD_ORG_ID>
<!--937164F6D6D3416F8A02EA9CCEC383F6-->  <AD_MODULE_ID><![CDATA[F2E7A973F06D438B85FFFB96E69670D4]]></AD_MODULE_ID>
<!--937164F6D6D3416F8A02EA9CCEC383F6-->  <AD_COLUMN_ID><![CDATA[2915]]></AD_COLUMN_ID>
<!--937164F6D6D3416F8A02EA9CCEC383F6-->  <NAME><![CDATA[Vendor]]></NAME>
<!--937164F6D6D3416F8A02EA9CCEC383F6-->  <DESCRIPTION><![CDATA[A business partner who sells products or services.]]></DESCRIPTION>
<!--937164F6D6D3416F8A02EA9CCEC383F6-->  <HELP><![CDATA[The Vendor checkbox indicates if this Business Partner is a Vendor.  If it is selected, additional fields will display which further identify this vendor.]]></HELP>
<!--937164F6D6D3416F8A02EA9CCEC383F6-->  <PROPERTY><![CDATA[vendor]]></PROPERTY>
<!--937164F6D6D3416F8A02EA9CCEC383F6-->  <ISCENTRALLYMAINTAINED><![CDATA[Y]]></ISCENTRALLYMAINTAINED>
<!--937164F6D6D3416F8A02EA9CCEC383F6-->  <SORT><![CDATA[Y]]></SORT>
<!--937164F6D6D3416F8A02EA9CCEC383F6-->  <FILTER><![CDATA[Y]]></FILTER>
<!--937164F6D6D3416F8A02EA9CCEC383F6-->  <SEARCHINSUGGESTIONBOX><![CDATA[N]]></SEARCHINSUGGESTIONBOX>
<!--937164F6D6D3416F8A02EA9CCEC383F6-->  <SHOWINGRID><![CDATA[Y]]></SHOWINGRID>
<!--937164F6D6D3416F8A02EA9CCEC383F6-->  <SORTNO><![CDATA[5]]></SORTNO>
<!--937164F6D6D3416F8A02EA9CCEC383F6-->  <ISACTIVE><![CDATA[Y]]></ISACTIVE>
<!--937164F6D6D3416F8A02EA9CCEC383F6-->  <ISOUTFIELD><![CDATA[N]]></ISOUTFIELD>
<!--937164F6D6D3416F8A02EA9CCEC383F6-->  <DEFAULT_EXPRESSION><![CDATA[if (OB.isSalesTransaction() == false) { 'true' } else {''}]]></DEFAULT_EXPRESSION>
<!--937164F6D6D3416F8A02EA9CCEC383F6-->  <SHOWINPICKLIST><![CDATA[N]]></SHOWINPICKLIST>
<!--937164F6D6D3416F8A02EA9CCEC383F6--></OBUISEL_SELECTOR_FIELD>

<!--95242256E96D424495C146DEDF2297CB--><OBUISEL_SELECTOR_FIELD>
<!--95242256E96D424495C146DEDF2297CB-->  <OBUISEL_SELECTOR_FIELD_ID><![CDATA[95242256E96D424495C146DEDF2297CB]]></OBUISEL_SELECTOR_FIELD_ID>
<!--95242256E96D424495C146DEDF2297CB-->  <OBUISEL_SELECTOR_ID><![CDATA[C8C4664777904544A25A0547A5EC113A]]></OBUISEL_SELECTOR_ID>
<!--95242256E96D424495C146DEDF2297CB-->  <AD_CLIENT_ID><![CDATA[0]]></AD_CLIENT_ID>
<!--95242256E96D424495C146DEDF2297CB-->  <AD_ORG_ID><![CDATA[0]]></AD_ORG_ID>
<!--95242256E96D424495C146DEDF2297CB-->  <AD_MODULE_ID><![CDATA[F2E7A973F06D438B85FFFB96E69670D4]]></AD_MODULE_ID>
<!--95242256E96D424495C146DEDF2297CB-->  <AD_COLUMN_ID><![CDATA[2901]]></AD_COLUMN_ID>
<!--95242256E96D424495C146DEDF2297CB-->  <NAME><![CDATA[Search Key]]></NAME>
<!--95242256E96D424495C146DEDF2297CB-->  <DESCRIPTION><![CDATA[A fast method for finding a particular record.]]></DESCRIPTION>
<!--95242256E96D424495C146DEDF2297CB-->  <HELP><![CDATA[A search key allows for a fast method of finding a particular record. If you leave the search key empty, the system automatically creates a numeric number originating from a document sequence defined in the  "Document Sequence" window. The sequence naming convention follows a rule "DocumentNo_TableName", where TableName is the actual name of the database table (e.g. C_Order).

Usually, company's internal identifiers for various records (products, customers, etc) are stored here.]]></HELP>
<!--95242256E96D424495C146DEDF2297CB-->  <PROPERTY><![CDATA[searchKey]]></PROPERTY>
<!--95242256E96D424495C146DEDF2297CB-->  <ISCENTRALLYMAINTAINED><![CDATA[Y]]></ISCENTRALLYMAINTAINED>
<!--95242256E96D424495C146DEDF2297CB-->  <SORT><![CDATA[Y]]></SORT>
<!--95242256E96D424495C146DEDF2297CB-->  <FILTER><![CDATA[Y]]></FILTER>
<!--95242256E96D424495C146DEDF2297CB-->  <SEARCHINSUGGESTIONBOX><![CDATA[Y]]></SEARCHINSUGGESTIONBOX>
<!--95242256E96D424495C146DEDF2297CB-->  <SHOWINGRID><![CDATA[Y]]></SHOWINGRID>
<!--95242256E96D424495C146DEDF2297CB-->  <SORTNO><![CDATA[2]]></SORTNO>
<!--95242256E96D424495C146DEDF2297CB-->  <ISACTIVE><![CDATA[Y]]></ISACTIVE>
<!--95242256E96D424495C146DEDF2297CB-->  <ISOUTFIELD><![CDATA[N]]></ISOUTFIELD>
<!--95242256E96D424495C146DEDF2297CB-->  <SHOWINPICKLIST><![CDATA[N]]></SHOWINPICKLIST>
<!--95242256E96D424495C146DEDF2297CB--></OBUISEL_SELECTOR_FIELD>

<!--9C4DBE3BCE514D59A6B25CC32A9D09CD--><OBUISEL_SELECTOR_FIELD>
<!--9C4DBE3BCE514D59A6B25CC32A9D09CD-->  <OBUISEL_SELECTOR_FIELD_ID><![CDATA[9C4DBE3BCE514D59A6B25CC32A9D09CD]]></OBUISEL_SELECTOR_FIELD_ID>
<!--9C4DBE3BCE514D59A6B25CC32A9D09CD-->  <OBUISEL_SELECTOR_ID><![CDATA[C8C4664777904544A25A0547A5EC113A]]></OBUISEL_SELECTOR_ID>
<!--9C4DBE3BCE514D59A6B25CC32A9D09CD-->  <AD_CLIENT_ID><![CDATA[0]]></AD_CLIENT_ID>
<!--9C4DBE3BCE514D59A6B25CC32A9D09CD-->  <AD_ORG_ID><![CDATA[0]]></AD_ORG_ID>
<!--9C4DBE3BCE514D59A6B25CC32A9D09CD-->  <AD_MODULE_ID><![CDATA[F2E7A973F06D438B85FFFB96E69670D4]]></AD_MODULE_ID>
<!--9C4DBE3BCE514D59A6B25CC32A9D09CD-->  <AD_COLUMN_ID><![CDATA[2902]]></AD_COLUMN_ID>
<!--9C4DBE3BCE514D59A6B25CC32A9D09CD-->  <NAME><![CDATA[Commercial Name]]></NAME>
<!--9C4DBE3BCE514D59A6B25CC32A9D09CD-->  <DESCRIPTION><![CDATA[Commercial Name of the Business Partner]]></DESCRIPTION>
<!--9C4DBE3BCE514D59A6B25CC32A9D09CD-->  <HELP><![CDATA[Commercial Name of the Business Partner]]></HELP>
<!--9C4DBE3BCE514D59A6B25CC32A9D09CD-->  <PROPERTY><![CDATA[name]]></PROPERTY>
<!--9C4DBE3BCE514D59A6B25CC32A9D09CD-->  <ISCENTRALLYMAINTAINED><![CDATA[Y]]></ISCENTRALLYMAINTAINED>
<!--9C4DBE3BCE514D59A6B25CC32A9D09CD-->  <SORT><![CDATA[Y]]></SORT>
<!--9C4DBE3BCE514D59A6B25CC32A9D09CD-->  <FILTER><![CDATA[Y]]></FILTER>
<!--9C4DBE3BCE514D59A6B25CC32A9D09CD-->  <SEARCHINSUGGESTIONBOX><![CDATA[Y]]></SEARCHINSUGGESTIONBOX>
<!--9C4DBE3BCE514D59A6B25CC32A9D09CD-->  <SHOWINGRID><![CDATA[Y]]></SHOWINGRID>
<!--9C4DBE3BCE514D59A6B25CC32A9D09CD-->  <SORTNO><![CDATA[1]]></SORTNO>
<!--9C4DBE3BCE514D59A6B25CC32A9D09CD-->  <ISACTIVE><![CDATA[Y]]></ISACTIVE>
<!--9C4DBE3BCE514D59A6B25CC32A9D09CD-->  <ISOUTFIELD><![CDATA[N]]></ISOUTFIELD>
<!--9C4DBE3BCE514D59A6B25CC32A9D09CD-->  <SHOWINPICKLIST><![CDATA[N]]></SHOWINPICKLIST>
<!--9C4DBE3BCE514D59A6B25CC32A9D09CD--></OBUISEL_SELECTOR_FIELD>

<!--B8C3CE9E80554C85B828CAA1A739281F--><OBUISEL_SELECTOR_FIELD>
<!--B8C3CE9E80554C85B828CAA1A739281F-->  <OBUISEL_SELECTOR_FIELD_ID><![CDATA[B8C3CE9E80554C85B828CAA1A739281F]]></OBUISEL_SELECTOR_FIELD_ID>
<!--B8C3CE9E80554C85B828CAA1A739281F-->  <OBUISEL_SELECTOR_ID><![CDATA[1AB99E9505384135A506DF7722BC6DA2]]></OBUISEL_SELECTOR_ID>
<!--B8C3CE9E80554C85B828CAA1A739281F-->  <AD_CLIENT_ID><![CDATA[0]]></AD_CLIENT_ID>
<!--B8C3CE9E80554C85B828CAA1A739281F-->  <AD_ORG_ID><![CDATA[0]]></AD_ORG_ID>
<!--B8C3CE9E80554C85B828CAA1A739281F-->  <AD_MODULE_ID><![CDATA[F2E7A973F06D438B85FFFB96E69670D4]]></AD_MODULE_ID>
<!--B8C3CE9E80554C85B828CAA1A739281F-->  <AD_COLUMN_ID><![CDATA[1776]]></AD_COLUMN_ID>
<!--B8C3CE9E80554C85B828CAA1A739281F-->  <NAME><![CDATA[Name]]></NAME>
<!--B8C3CE9E80554C85B828CAA1A739281F-->  <DESCRIPTION><![CDATA[A non-unique identifier for a record/document often used as a search tool.]]></DESCRIPTION>
<!--B8C3CE9E80554C85B828CAA1A739281F-->  <HELP><![CDATA[A more descriptive identifier (that does need to be unique) of a record/document that is used as a default search option along with the search key (that is unique and mostly shorter). It is up to 60 characters in length.]]></HELP>
<!--B8C3CE9E80554C85B828CAA1A739281F-->  <PROPERTY><![CDATA[name]]></PROPERTY>
<!--B8C3CE9E80554C85B828CAA1A739281F-->  <ISCENTRALLYMAINTAINED><![CDATA[Y]]></ISCENTRALLYMAINTAINED>
<!--B8C3CE9E80554C85B828CAA1A739281F-->  <SORT><![CDATA[Y]]></SORT>
<!--B8C3CE9E80554C85B828CAA1A739281F-->  <FILTER><![CDATA[Y]]></FILTER>
<!--B8C3CE9E80554C85B828CAA1A739281F-->  <SEARCHINSUGGESTIONBOX><![CDATA[Y]]></SEARCHINSUGGESTIONBOX>
<!--B8C3CE9E80554C85B828CAA1A739281F-->  <SHOWINGRID><![CDATA[Y]]></SHOWINGRID>
<!--B8C3CE9E80554C85B828CAA1A739281F-->  <SORTNO><![CDATA[0]]></SORTNO>
<!--B8C3CE9E80554C85B828CAA1A739281F-->  <ISACTIVE><![CDATA[Y]]></ISACTIVE>
<!--B8C3CE9E80554C85B828CAA1A739281F-->  <ISOUTFIELD><![CDATA[N]]></ISOUTFIELD>
<!--B8C3CE9E80554C85B828CAA1A739281F-->  <SHOWINPICKLIST><![CDATA[Y]]></SHOWINPICKLIST>
<!--B8C3CE9E80554C85B828CAA1A739281F--></OBUISEL_SELECTOR_FIELD>

<!--EB1D0150E542453D9F272F3D26084B14--><OBUISEL_SELECTOR_FIELD>
<!--EB1D0150E542453D9F272F3D26084B14-->  <OBUISEL_SELECTOR_FIELD_ID><![CDATA[EB1D0150E542453D9F272F3D26084B14]]></OBUISEL_SELECTOR_FIELD_ID>
<!--EB1D0150E542453D9F272F3D26084B14-->  <OBUISEL_SELECTOR_ID><![CDATA[C8C4664777904544A25A0547A5EC113A]]></OBUISEL_SELECTOR_ID>
<!--EB1D0150E542453D9F272F3D26084B14-->  <AD_CLIENT_ID><![CDATA[0]]></AD_CLIENT_ID>
<!--EB1D0150E542453D9F272F3D26084B14-->  <AD_ORG_ID><![CDATA[0]]></AD_ORG_ID>
<!--EB1D0150E542453D9F272F3D26084B14-->  <AD_MODULE_ID><![CDATA[F2E7A973F06D438B85FFFB96E69670D4]]></AD_MODULE_ID>
<!--EB1D0150E542453D9F272F3D26084B14-->  <AD_COLUMN_ID><![CDATA[4970]]></AD_COLUMN_ID>
<!--EB1D0150E542453D9F272F3D26084B14-->  <NAME><![CDATA[Name]]></NAME>
<!--EB1D0150E542453D9F272F3D26084B14-->  <DESCRIPTION><![CDATA[A non-unique identifier for a record/document often used as a search tool.]]></DESCRIPTION>
<!--EB1D0150E542453D9F272F3D26084B14-->  <HELP><![CDATA[A more descriptive identifier (that does need to be unique) of a record/document that is used as a default search option along with the search key (that is unique and mostly shorter). It is up to 60 characters in length.]]></HELP>
<!--EB1D0150E542453D9F272F3D26084B14-->  <PROPERTY><![CDATA[businessPartnerCategory.name]]></PROPERTY>
<!--EB1D0150E542453D9F272F3D26084B14-->  <ISCENTRALLYMAINTAINED><![CDATA[Y]]></ISCENTRALLYMAINTAINED>
<!--EB1D0150E542453D9F272F3D26084B14-->  <SORT><![CDATA[Y]]></SORT>
<!--EB1D0150E542453D9F272F3D26084B14-->  <FILTER><![CDATA[Y]]></FILTER>
<!--EB1D0150E542453D9F272F3D26084B14-->  <SEARCHINSUGGESTIONBOX><![CDATA[Y]]></SEARCHINSUGGESTIONBOX>
<!--EB1D0150E542453D9F272F3D26084B14-->  <SHOWINGRID><![CDATA[Y]]></SHOWINGRID>
<!--EB1D0150E542453D9F272F3D26084B14-->  <SORTNO><![CDATA[3]]></SORTNO>
<!--EB1D0150E542453D9F272F3D26084B14-->  <ISACTIVE><![CDATA[Y]]></ISACTIVE>
<!--EB1D0150E542453D9F272F3D26084B14-->  <ISOUTFIELD><![CDATA[N]]></ISOUTFIELD>
<!--EB1D0150E542453D9F272F3D26084B14-->  <SHOWINPICKLIST><![CDATA[N]]></SHOWINPICKLIST>
<!--EB1D0150E542453D9F272F3D26084B14--></OBUISEL_SELECTOR_FIELD>

</data>
