<?xml version='1.0' encoding='UTF-8'?>
<data>
<!--1AB99E9505384135A506DF7722BC6DA2--><OBUISEL_SELECTOR>
<!--1AB99E9505384135A506DF7722BC6DA2-->  <OBUISEL_SELECTOR_ID><![CDATA[1AB99E9505384135A506DF7722BC6DA2]]></OBUISEL_SELECTOR_ID>
<!--1AB99E9505384135A506DF7722BC6DA2-->  <AD_CLIENT_ID><![CDATA[0]]></AD_CLIENT_ID>
<!--1AB99E9505384135A506DF7722BC6DA2-->  <AD_ORG_ID><![CDATA[0]]></AD_ORG_ID>
<!--1AB99E9505384135A506DF7722BC6DA2-->  <AD_MODULE_ID><![CDATA[F2E7A973F06D438B85FFFB96E69670D4]]></AD_MODULE_ID>
<!--1AB99E9505384135A506DF7722BC6DA2-->  <NAME><![CDATA[Product Category]]></NAME>
<!--1AB99E9505384135A506DF7722BC6DA2-->  <AD_REFERENCE_ID><![CDATA[3DD4648733EB4F05BCBCD8CAAFA233D9]]></AD_REFERENCE_ID>
<!--1AB99E9505384135A506DF7722BC6DA2-->  <AD_TABLE_ID><![CDATA[209]]></AD_TABLE_ID>
<!--1AB99E9505384135A506DF7722BC6DA2-->  <OBCLKER_TEMPLATE_ID><![CDATA[9314DE8599AD44E7BFC4CC50699042AB]]></OBCLKER_TEMPLATE_ID>
<!--1AB99E9505384135A506DF7722BC6DA2-->  <ISACTIVE><![CDATA[Y]]></ISACTIVE>
<!--1AB99E9505384135A506DF7722BC6DA2-->  <DISPLAYFIELD_ID><![CDATA[B8C3CE9E80554C85B828CAA1A739281F]]></DISPLAYFIELD_ID>
<!--1AB99E9505384135A506DF7722BC6DA2-->  <SUGGESTIONTEXTMATCHSTYLE><![CDATA[substring]]></SUGGESTIONTEXTMATCHSTYLE>
<!--1AB99E9505384135A506DF7722BC6DA2-->  <POPUPTEXTMATCHSTYLE><![CDATA[substring]]></POPUPTEXTMATCHSTYLE>
<!--1AB99E9505384135A506DF7722BC6DA2-->  <CUSTOM_QUERY><![CDATA[N]]></CUSTOM_QUERY>
<!--1AB99E9505384135A506DF7722BC6DA2--></OBUISEL_SELECTOR>

<!--C8C4664777904544A25A0547A5EC113A--><OBUISEL_SELECTOR>
<!--C8C4664777904544A25A0547A5EC113A-->  <OBUISEL_SELECTOR_ID><![CDATA[C8C4664777904544A25A0547A5EC113A]]></OBUISEL_SELECTOR_ID>
<!--C8C4664777904544A25A0547A5EC113A-->  <AD_CLIENT_ID><![CDATA[0]]></AD_CLIENT_ID>
<!--C8C4664777904544A25A0547A5EC113A-->  <AD_ORG_ID><![CDATA[0]]></AD_ORG_ID>
<!--C8C4664777904544A25A0547A5EC113A-->  <AD_MODULE_ID><![CDATA[F2E7A973F06D438B85FFFB96E69670D4]]></AD_MODULE_ID>
<!--C8C4664777904544A25A0547A5EC113A-->  <NAME><![CDATA[Business Partner (add new)]]></NAME>
<!--C8C4664777904544A25A0547A5EC113A-->  <AD_REFERENCE_ID><![CDATA[9544890146C6439D8025BD4EFCE6D089]]></AD_REFERENCE_ID>
<!--C8C4664777904544A25A0547A5EC113A-->  <AD_TABLE_ID><![CDATA[291]]></AD_TABLE_ID>
<!--C8C4664777904544A25A0547A5EC113A-->  <FILTER_EXPRESSION><![CDATA["e.active=true"]]></FILTER_EXPRESSION>
<!--C8C4664777904544A25A0547A5EC113A-->  <OBCLKER_TEMPLATE_ID><![CDATA[9314DE8599AD44E7BFC4CC50699042AB]]></OBCLKER_TEMPLATE_ID>
<!--C8C4664777904544A25A0547A5EC113A-->  <ISACTIVE><![CDATA[Y]]></ISACTIVE>
<!--C8C4664777904544A25A0547A5EC113A-->  <SUGGESTIONTEXTMATCHSTYLE><![CDATA[substring]]></SUGGESTIONTEXTMATCHSTYLE>
<!--C8C4664777904544A25A0547A5EC113A-->  <POPUPTEXTMATCHSTYLE><![CDATA[startsWith]]></POPUPTEXTMATCHSTYLE>
<!--C8C4664777904544A25A0547A5EC113A-->  <CUSTOM_QUERY><![CDATA[N]]></CUSTOM_QUERY>
<!--C8C4664777904544A25A0547A5EC113A-->  <OBUIAPP_PROCESS_ID><![CDATA[3E8BF597772C4FFBB9267B0DFA2F0398]]></OBUIAPP_PROCESS_ID>
<!--C8C4664777904544A25A0547A5EC113A--></OBUISEL_SELECTOR>

<!--E629CB2F3AE2494588EED8844F494526--><OBUISEL_SELECTOR>
<!--E629CB2F3AE2494588EED8844F494526-->  <OBUISEL_SELECTOR_ID><![CDATA[E629CB2F3AE2494588EED8844F494526]]></OBUISEL_SELECTOR_ID>
<!--E629CB2F3AE2494588EED8844F494526-->  <AD_CLIENT_ID><![CDATA[0]]></AD_CLIENT_ID>
<!--E629CB2F3AE2494588EED8844F494526-->  <AD_ORG_ID><![CDATA[0]]></AD_ORG_ID>
<!--E629CB2F3AE2494588EED8844F494526-->  <AD_MODULE_ID><![CDATA[F2E7A973F06D438B85FFFB96E69670D4]]></AD_MODULE_ID>
<!--E629CB2F3AE2494588EED8844F494526-->  <NAME><![CDATA[Business Partner Category Selector]]></NAME>
<!--E629CB2F3AE2494588EED8844F494526-->  <AD_REFERENCE_ID><![CDATA[4BE670FF5027457A894A2F4D4E869D4D]]></AD_REFERENCE_ID>
<!--E629CB2F3AE2494588EED8844F494526-->  <AD_TABLE_ID><![CDATA[394]]></AD_TABLE_ID>
<!--E629CB2F3AE2494588EED8844F494526-->  <OBCLKER_TEMPLATE_ID><![CDATA[9314DE8599AD44E7BFC4CC50699042AB]]></OBCLKER_TEMPLATE_ID>
<!--E629CB2F3AE2494588EED8844F494526-->  <ISACTIVE><![CDATA[Y]]></ISACTIVE>
<!--E629CB2F3AE2494588EED8844F494526-->  <SUGGESTIONTEXTMATCHSTYLE><![CDATA[substring]]></SUGGESTIONTEXTMATCHSTYLE>
<!--E629CB2F3AE2494588EED8844F494526-->  <POPUPTEXTMATCHSTYLE><![CDATA[startsWith]]></POPUPTEXTMATCHSTYLE>
<!--E629CB2F3AE2494588EED8844F494526-->  <CUSTOM_QUERY><![CDATA[N]]></CUSTOM_QUERY>
<!--E629CB2F3AE2494588EED8844F494526--></OBUISEL_SELECTOR>

</data>
