<?xml version='1.0' encoding='UTF-8'?>
<data>
<!--053F316236404D2C93D26A582D2FD6B8--><OBUIAPP_PARAMETER>
<!--053F316236404D2C93D26A582D2FD6B8-->  <OBUIAPP_PARAMETER_ID><![CDATA[053F316236404D2C93D26A582D2FD6B8]]></OBUIAPP_PARAMETER_ID>
<!--053F316236404D2C93D26A582D2FD6B8-->  <AD_CLIENT_ID><![CDATA[0]]></AD_CLIENT_ID>
<!--053F316236404D2C93D26A582D2FD6B8-->  <AD_ORG_ID><![CDATA[0]]></AD_ORG_ID>
<!--053F316236404D2C93D26A582D2FD6B8-->  <ISACTIVE><![CDATA[Y]]></ISACTIVE>
<!--053F316236404D2C93D26A582D2FD6B8-->  <AD_MODULE_ID><![CDATA[F2E7A973F06D438B85FFFB96E69670D4]]></AD_MODULE_ID>
<!--053F316236404D2C93D26A582D2FD6B8-->  <NAME><![CDATA[Single BP]]></NAME>
<!--053F316236404D2C93D26A582D2FD6B8-->  <SEQNO><![CDATA[20]]></SEQNO>
<!--053F316236404D2C93D26A582D2FD6B8-->  <AD_REFERENCE_ID><![CDATA[95E2A8B50A254B2AAE6774B8C2F28120]]></AD_REFERENCE_ID>
<!--053F316236404D2C93D26A582D2FD6B8-->  <AD_REFERENCE_VALUE_ID><![CDATA[56DEFF37A33F46D1AC918C97C4447EAF]]></AD_REFERENCE_VALUE_ID>
<!--053F316236404D2C93D26A582D2FD6B8-->  <COLUMNNAME><![CDATA[singleBP]]></COLUMNNAME>
<!--053F316236404D2C93D26A582D2FD6B8-->  <ISCENTRALLYMAINTAINED><![CDATA[Y]]></ISCENTRALLYMAINTAINED>
<!--053F316236404D2C93D26A582D2FD6B8-->  <FIELDLENGTH><![CDATA[0]]></FIELDLENGTH>
<!--053F316236404D2C93D26A582D2FD6B8-->  <ISMANDATORY><![CDATA[N]]></ISMANDATORY>
<!--053F316236404D2C93D26A582D2FD6B8-->  <AD_ELEMENT_ID><![CDATA[1E77502F9FD943BABCD41E84A7ED696E]]></AD_ELEMENT_ID>
<!--053F316236404D2C93D26A582D2FD6B8-->  <ISFIXED><![CDATA[N]]></ISFIXED>
<!--053F316236404D2C93D26A582D2FD6B8-->  <EVALUATEFIXEDVALUE><![CDATA[N]]></EVALUATEFIXEDVALUE>
<!--053F316236404D2C93D26A582D2FD6B8-->  <OBUIAPP_PROCESS_ID><![CDATA[D8AEF63065DE4A05B38570FAB87B2A47]]></OBUIAPP_PROCESS_ID>
<!--053F316236404D2C93D26A582D2FD6B8-->  <STARTINNEWLINE><![CDATA[Y]]></STARTINNEWLINE>
<!--053F316236404D2C93D26A582D2FD6B8-->  <ONCHANGEFUNCTION><![CDATA[OB.OBPF.BPOnChange.refreshPEWindow]]></ONCHANGEFUNCTION>
<!--053F316236404D2C93D26A582D2FD6B8-->  <DISPLAYTITLE><![CDATA[N]]></DISPLAYTITLE>
<!--053F316236404D2C93D26A582D2FD6B8-->  <ATT_SHOWINDESCRIPTION><![CDATA[N]]></ATT_SHOWINDESCRIPTION>
<!--053F316236404D2C93D26A582D2FD6B8--></OBUIAPP_PARAMETER>

<!--59EF3FC9EFC243C38D6A827F20B8A06C--><OBUIAPP_PARAMETER>
<!--59EF3FC9EFC243C38D6A827F20B8A06C-->  <OBUIAPP_PARAMETER_ID><![CDATA[59EF3FC9EFC243C38D6A827F20B8A06C]]></OBUIAPP_PARAMETER_ID>
<!--59EF3FC9EFC243C38D6A827F20B8A06C-->  <AD_CLIENT_ID><![CDATA[0]]></AD_CLIENT_ID>
<!--59EF3FC9EFC243C38D6A827F20B8A06C-->  <AD_ORG_ID><![CDATA[0]]></AD_ORG_ID>
<!--59EF3FC9EFC243C38D6A827F20B8A06C-->  <ISACTIVE><![CDATA[Y]]></ISACTIVE>
<!--59EF3FC9EFC243C38D6A827F20B8A06C-->  <AD_MODULE_ID><![CDATA[F2E7A973F06D438B85FFFB96E69670D4]]></AD_MODULE_ID>
<!--59EF3FC9EFC243C38D6A827F20B8A06C-->  <NAME><![CDATA[Search Key]]></NAME>
<!--59EF3FC9EFC243C38D6A827F20B8A06C-->  <DESCRIPTION><![CDATA[A fast method for finding a particular record.]]></DESCRIPTION>
<!--59EF3FC9EFC243C38D6A827F20B8A06C-->  <HELP><![CDATA[A search key allows for a fast method of finding a particular record. If you leave the search key empty, the system automatically creates a numeric number originating from a document sequence defined in the  "Document Sequence" window. The sequence naming convention follows a rule "DocumentNo_TableName", where TableName is the actual name of the database table (e.g. C_Order).

Usually, company's internal identifiers for various records (products, customers, etc) are stored here.]]></HELP>
<!--59EF3FC9EFC243C38D6A827F20B8A06C-->  <SEQNO><![CDATA[10]]></SEQNO>
<!--59EF3FC9EFC243C38D6A827F20B8A06C-->  <AD_REFERENCE_ID><![CDATA[10]]></AD_REFERENCE_ID>
<!--59EF3FC9EFC243C38D6A827F20B8A06C-->  <COLUMNNAME><![CDATA[searchKey]]></COLUMNNAME>
<!--59EF3FC9EFC243C38D6A827F20B8A06C-->  <ISCENTRALLYMAINTAINED><![CDATA[Y]]></ISCENTRALLYMAINTAINED>
<!--59EF3FC9EFC243C38D6A827F20B8A06C-->  <FIELDLENGTH><![CDATA[40]]></FIELDLENGTH>
<!--59EF3FC9EFC243C38D6A827F20B8A06C-->  <ISMANDATORY><![CDATA[Y]]></ISMANDATORY>
<!--59EF3FC9EFC243C38D6A827F20B8A06C-->  <AD_ELEMENT_ID><![CDATA[620]]></AD_ELEMENT_ID>
<!--59EF3FC9EFC243C38D6A827F20B8A06C-->  <ISFIXED><![CDATA[N]]></ISFIXED>
<!--59EF3FC9EFC243C38D6A827F20B8A06C-->  <EVALUATEFIXEDVALUE><![CDATA[N]]></EVALUATEFIXEDVALUE>
<!--59EF3FC9EFC243C38D6A827F20B8A06C-->  <OBUIAPP_PROCESS_ID><![CDATA[3E8BF597772C4FFBB9267B0DFA2F0398]]></OBUIAPP_PROCESS_ID>
<!--59EF3FC9EFC243C38D6A827F20B8A06C-->  <STARTINNEWLINE><![CDATA[N]]></STARTINNEWLINE>
<!--59EF3FC9EFC243C38D6A827F20B8A06C-->  <DISPLAYEDROWS><![CDATA[5]]></DISPLAYEDROWS>
<!--59EF3FC9EFC243C38D6A827F20B8A06C-->  <DISPLAYTITLE><![CDATA[Y]]></DISPLAYTITLE>
<!--59EF3FC9EFC243C38D6A827F20B8A06C-->  <ATT_SHOWINDESCRIPTION><![CDATA[N]]></ATT_SHOWINDESCRIPTION>
<!--59EF3FC9EFC243C38D6A827F20B8A06C--></OBUIAPP_PARAMETER>

<!--5CAFF686712142C1B847CB849B32C439--><OBUIAPP_PARAMETER>
<!--5CAFF686712142C1B847CB849B32C439-->  <OBUIAPP_PARAMETER_ID><![CDATA[5CAFF686712142C1B847CB849B32C439]]></OBUIAPP_PARAMETER_ID>
<!--5CAFF686712142C1B847CB849B32C439-->  <AD_CLIENT_ID><![CDATA[0]]></AD_CLIENT_ID>
<!--5CAFF686712142C1B847CB849B32C439-->  <AD_ORG_ID><![CDATA[0]]></AD_ORG_ID>
<!--5CAFF686712142C1B847CB849B32C439-->  <ISACTIVE><![CDATA[Y]]></ISACTIVE>
<!--5CAFF686712142C1B847CB849B32C439-->  <AD_MODULE_ID><![CDATA[F2E7A973F06D438B85FFFB96E69670D4]]></AD_MODULE_ID>
<!--5CAFF686712142C1B847CB849B32C439-->  <NAME><![CDATA[Multi BP]]></NAME>
<!--5CAFF686712142C1B847CB849B32C439-->  <SEQNO><![CDATA[30]]></SEQNO>
<!--5CAFF686712142C1B847CB849B32C439-->  <AD_REFERENCE_ID><![CDATA[87E6CFF8F71548AFA33F181C317970B5]]></AD_REFERENCE_ID>
<!--5CAFF686712142C1B847CB849B32C439-->  <AD_REFERENCE_VALUE_ID><![CDATA[08500AA6E7F5411EA0B03DD1CB645DF6]]></AD_REFERENCE_VALUE_ID>
<!--5CAFF686712142C1B847CB849B32C439-->  <COLUMNNAME><![CDATA[multiBP]]></COLUMNNAME>
<!--5CAFF686712142C1B847CB849B32C439-->  <ISCENTRALLYMAINTAINED><![CDATA[N]]></ISCENTRALLYMAINTAINED>
<!--5CAFF686712142C1B847CB849B32C439-->  <FIELDLENGTH><![CDATA[0]]></FIELDLENGTH>
<!--5CAFF686712142C1B847CB849B32C439-->  <ISMANDATORY><![CDATA[N]]></ISMANDATORY>
<!--5CAFF686712142C1B847CB849B32C439-->  <ISFIXED><![CDATA[N]]></ISFIXED>
<!--5CAFF686712142C1B847CB849B32C439-->  <EVALUATEFIXEDVALUE><![CDATA[N]]></EVALUATEFIXEDVALUE>
<!--5CAFF686712142C1B847CB849B32C439-->  <OBUIAPP_PROCESS_ID><![CDATA[D8AEF63065DE4A05B38570FAB87B2A47]]></OBUIAPP_PROCESS_ID>
<!--5CAFF686712142C1B847CB849B32C439-->  <STARTINNEWLINE><![CDATA[N]]></STARTINNEWLINE>
<!--5CAFF686712142C1B847CB849B32C439-->  <ONCHANGEFUNCTION><![CDATA[OB.OBPF.BPOnChange.refreshPEWindow]]></ONCHANGEFUNCTION>
<!--5CAFF686712142C1B847CB849B32C439-->  <DISPLAYTITLE><![CDATA[N]]></DISPLAYTITLE>
<!--5CAFF686712142C1B847CB849B32C439-->  <ATT_SHOWINDESCRIPTION><![CDATA[N]]></ATT_SHOWINDESCRIPTION>
<!--5CAFF686712142C1B847CB849B32C439--></OBUIAPP_PARAMETER>

<!--8F98AFA51E0741B1B1D4EE20FE16CDA7--><OBUIAPP_PARAMETER>
<!--8F98AFA51E0741B1B1D4EE20FE16CDA7-->  <OBUIAPP_PARAMETER_ID><![CDATA[8F98AFA51E0741B1B1D4EE20FE16CDA7]]></OBUIAPP_PARAMETER_ID>
<!--8F98AFA51E0741B1B1D4EE20FE16CDA7-->  <AD_CLIENT_ID><![CDATA[0]]></AD_CLIENT_ID>
<!--8F98AFA51E0741B1B1D4EE20FE16CDA7-->  <AD_ORG_ID><![CDATA[0]]></AD_ORG_ID>
<!--8F98AFA51E0741B1B1D4EE20FE16CDA7-->  <ISACTIVE><![CDATA[Y]]></ISACTIVE>
<!--8F98AFA51E0741B1B1D4EE20FE16CDA7-->  <AD_MODULE_ID><![CDATA[F2E7A973F06D438B85FFFB96E69670D4]]></AD_MODULE_ID>
<!--8F98AFA51E0741B1B1D4EE20FE16CDA7-->  <NAME><![CDATA[Order]]></NAME>
<!--8F98AFA51E0741B1B1D4EE20FE16CDA7-->  <SEQNO><![CDATA[40]]></SEQNO>
<!--8F98AFA51E0741B1B1D4EE20FE16CDA7-->  <AD_REFERENCE_ID><![CDATA[FF80818132D8F0F30132D9BC395D0038]]></AD_REFERENCE_ID>
<!--8F98AFA51E0741B1B1D4EE20FE16CDA7-->  <AD_REFERENCE_VALUE_ID><![CDATA[DD74FF1AB8014E48B3891AF51B8ED2FF]]></AD_REFERENCE_VALUE_ID>
<!--8F98AFA51E0741B1B1D4EE20FE16CDA7-->  <COLUMNNAME><![CDATA[C_Order_ID]]></COLUMNNAME>
<!--8F98AFA51E0741B1B1D4EE20FE16CDA7-->  <ISCENTRALLYMAINTAINED><![CDATA[Y]]></ISCENTRALLYMAINTAINED>
<!--8F98AFA51E0741B1B1D4EE20FE16CDA7-->  <FIELDLENGTH><![CDATA[0]]></FIELDLENGTH>
<!--8F98AFA51E0741B1B1D4EE20FE16CDA7-->  <ISMANDATORY><![CDATA[N]]></ISMANDATORY>
<!--8F98AFA51E0741B1B1D4EE20FE16CDA7-->  <ISFIXED><![CDATA[Y]]></ISFIXED>
<!--8F98AFA51E0741B1B1D4EE20FE16CDA7-->  <EVALUATEFIXEDVALUE><![CDATA[N]]></EVALUATEFIXEDVALUE>
<!--8F98AFA51E0741B1B1D4EE20FE16CDA7-->  <OBUIAPP_PROCESS_ID><![CDATA[D8AEF63065DE4A05B38570FAB87B2A47]]></OBUIAPP_PROCESS_ID>
<!--8F98AFA51E0741B1B1D4EE20FE16CDA7-->  <STARTINNEWLINE><![CDATA[Y]]></STARTINNEWLINE>
<!--8F98AFA51E0741B1B1D4EE20FE16CDA7-->  <DISPLAYEDROWS><![CDATA[5]]></DISPLAYEDROWS>
<!--8F98AFA51E0741B1B1D4EE20FE16CDA7-->  <DISPLAYTITLE><![CDATA[Y]]></DISPLAYTITLE>
<!--8F98AFA51E0741B1B1D4EE20FE16CDA7-->  <ATT_SHOWINDESCRIPTION><![CDATA[N]]></ATT_SHOWINDESCRIPTION>
<!--8F98AFA51E0741B1B1D4EE20FE16CDA7--></OBUIAPP_PARAMETER>

<!--E6C5CAAE9A814436B120654B7F8D600A--><OBUIAPP_PARAMETER>
<!--E6C5CAAE9A814436B120654B7F8D600A-->  <OBUIAPP_PARAMETER_ID><![CDATA[E6C5CAAE9A814436B120654B7F8D600A]]></OBUIAPP_PARAMETER_ID>
<!--E6C5CAAE9A814436B120654B7F8D600A-->  <AD_CLIENT_ID><![CDATA[0]]></AD_CLIENT_ID>
<!--E6C5CAAE9A814436B120654B7F8D600A-->  <AD_ORG_ID><![CDATA[0]]></AD_ORG_ID>
<!--E6C5CAAE9A814436B120654B7F8D600A-->  <ISACTIVE><![CDATA[Y]]></ISACTIVE>
<!--E6C5CAAE9A814436B120654B7F8D600A-->  <AD_MODULE_ID><![CDATA[F2E7A973F06D438B85FFFB96E69670D4]]></AD_MODULE_ID>
<!--E6C5CAAE9A814436B120654B7F8D600A-->  <NAME><![CDATA[Product Category]]></NAME>
<!--E6C5CAAE9A814436B120654B7F8D600A-->  <DESCRIPTION><![CDATA[A classification of items based on similar characteristics or attributes.]]></DESCRIPTION>
<!--E6C5CAAE9A814436B120654B7F8D600A-->  <HELP><![CDATA[Identifies the category which this product belongs to.  Product categories are used for pricing.]]></HELP>
<!--E6C5CAAE9A814436B120654B7F8D600A-->  <SEQNO><![CDATA[10]]></SEQNO>
<!--E6C5CAAE9A814436B120654B7F8D600A-->  <AD_REFERENCE_ID><![CDATA[87E6CFF8F71548AFA33F181C317970B5]]></AD_REFERENCE_ID>
<!--E6C5CAAE9A814436B120654B7F8D600A-->  <AD_REFERENCE_VALUE_ID><![CDATA[3DD4648733EB4F05BCBCD8CAAFA233D9]]></AD_REFERENCE_VALUE_ID>
<!--E6C5CAAE9A814436B120654B7F8D600A-->  <COLUMNNAME><![CDATA[M_Product_Category_ID]]></COLUMNNAME>
<!--E6C5CAAE9A814436B120654B7F8D600A-->  <ISCENTRALLYMAINTAINED><![CDATA[Y]]></ISCENTRALLYMAINTAINED>
<!--E6C5CAAE9A814436B120654B7F8D600A-->  <FIELDLENGTH><![CDATA[0]]></FIELDLENGTH>
<!--E6C5CAAE9A814436B120654B7F8D600A-->  <ISMANDATORY><![CDATA[N]]></ISMANDATORY>
<!--E6C5CAAE9A814436B120654B7F8D600A-->  <AD_ELEMENT_ID><![CDATA[453]]></AD_ELEMENT_ID>
<!--E6C5CAAE9A814436B120654B7F8D600A-->  <ISFIXED><![CDATA[N]]></ISFIXED>
<!--E6C5CAAE9A814436B120654B7F8D600A-->  <EVALUATEFIXEDVALUE><![CDATA[N]]></EVALUATEFIXEDVALUE>
<!--E6C5CAAE9A814436B120654B7F8D600A-->  <OBUIAPP_PROCESS_ID><![CDATA[70889433974B409BAC4F9D7BFB211248]]></OBUIAPP_PROCESS_ID>
<!--E6C5CAAE9A814436B120654B7F8D600A-->  <STARTINNEWLINE><![CDATA[N]]></STARTINNEWLINE>
<!--E6C5CAAE9A814436B120654B7F8D600A-->  <DISPLAYEDROWS><![CDATA[5]]></DISPLAYEDROWS>
<!--E6C5CAAE9A814436B120654B7F8D600A-->  <DISPLAYTITLE><![CDATA[Y]]></DISPLAYTITLE>
<!--E6C5CAAE9A814436B120654B7F8D600A-->  <ATT_SHOWINDESCRIPTION><![CDATA[N]]></ATT_SHOWINDESCRIPTION>
<!--E6C5CAAE9A814436B120654B7F8D600A--></OBUIAPP_PARAMETER>

<!--E7F6C3A33B67468B919EFA49E7505529--><OBUIAPP_PARAMETER>
<!--E7F6C3A33B67468B919EFA49E7505529-->  <OBUIAPP_PARAMETER_ID><![CDATA[E7F6C3A33B67468B919EFA49E7505529]]></OBUIAPP_PARAMETER_ID>
<!--E7F6C3A33B67468B919EFA49E7505529-->  <AD_CLIENT_ID><![CDATA[0]]></AD_CLIENT_ID>
<!--E7F6C3A33B67468B919EFA49E7505529-->  <AD_ORG_ID><![CDATA[0]]></AD_ORG_ID>
<!--E7F6C3A33B67468B919EFA49E7505529-->  <ISACTIVE><![CDATA[Y]]></ISACTIVE>
<!--E7F6C3A33B67468B919EFA49E7505529-->  <AD_MODULE_ID><![CDATA[F2E7A973F06D438B85FFFB96E69670D4]]></AD_MODULE_ID>
<!--E7F6C3A33B67468B919EFA49E7505529-->  <NAME><![CDATA[Business Partner Category]]></NAME>
<!--E7F6C3A33B67468B919EFA49E7505529-->  <DESCRIPTION><![CDATA[A classification of business partners based on defined similarities.]]></DESCRIPTION>
<!--E7F6C3A33B67468B919EFA49E7505529-->  <HELP><![CDATA[A way of grouping business partners together for classification and reporting purposes. Provides a method of defining certain defaults to be used when opening new business partners.]]></HELP>
<!--E7F6C3A33B67468B919EFA49E7505529-->  <SEQNO><![CDATA[30]]></SEQNO>
<!--E7F6C3A33B67468B919EFA49E7505529-->  <AD_REFERENCE_ID><![CDATA[95E2A8B50A254B2AAE6774B8C2F28120]]></AD_REFERENCE_ID>
<!--E7F6C3A33B67468B919EFA49E7505529-->  <AD_REFERENCE_VALUE_ID><![CDATA[4BE670FF5027457A894A2F4D4E869D4D]]></AD_REFERENCE_VALUE_ID>
<!--E7F6C3A33B67468B919EFA49E7505529-->  <COLUMNNAME><![CDATA[BPCat]]></COLUMNNAME>
<!--E7F6C3A33B67468B919EFA49E7505529-->  <ISCENTRALLYMAINTAINED><![CDATA[Y]]></ISCENTRALLYMAINTAINED>
<!--E7F6C3A33B67468B919EFA49E7505529-->  <FIELDLENGTH><![CDATA[0]]></FIELDLENGTH>
<!--E7F6C3A33B67468B919EFA49E7505529-->  <ISMANDATORY><![CDATA[Y]]></ISMANDATORY>
<!--E7F6C3A33B67468B919EFA49E7505529-->  <AD_ELEMENT_ID><![CDATA[1383]]></AD_ELEMENT_ID>
<!--E7F6C3A33B67468B919EFA49E7505529-->  <ISFIXED><![CDATA[N]]></ISFIXED>
<!--E7F6C3A33B67468B919EFA49E7505529-->  <EVALUATEFIXEDVALUE><![CDATA[N]]></EVALUATEFIXEDVALUE>
<!--E7F6C3A33B67468B919EFA49E7505529-->  <OBUIAPP_PROCESS_ID><![CDATA[3E8BF597772C4FFBB9267B0DFA2F0398]]></OBUIAPP_PROCESS_ID>
<!--E7F6C3A33B67468B919EFA49E7505529-->  <STARTINNEWLINE><![CDATA[N]]></STARTINNEWLINE>
<!--E7F6C3A33B67468B919EFA49E7505529-->  <DISPLAYEDROWS><![CDATA[5]]></DISPLAYEDROWS>
<!--E7F6C3A33B67468B919EFA49E7505529-->  <DISPLAYTITLE><![CDATA[Y]]></DISPLAYTITLE>
<!--E7F6C3A33B67468B919EFA49E7505529-->  <ATT_SHOWINDESCRIPTION><![CDATA[N]]></ATT_SHOWINDESCRIPTION>
<!--E7F6C3A33B67468B919EFA49E7505529--></OBUIAPP_PARAMETER>

<!--F014AB92F33B4847BBD0EDB76515367C--><OBUIAPP_PARAMETER>
<!--F014AB92F33B4847BBD0EDB76515367C-->  <OBUIAPP_PARAMETER_ID><![CDATA[F014AB92F33B4847BBD0EDB76515367C]]></OBUIAPP_PARAMETER_ID>
<!--F014AB92F33B4847BBD0EDB76515367C-->  <AD_CLIENT_ID><![CDATA[0]]></AD_CLIENT_ID>
<!--F014AB92F33B4847BBD0EDB76515367C-->  <AD_ORG_ID><![CDATA[0]]></AD_ORG_ID>
<!--F014AB92F33B4847BBD0EDB76515367C-->  <ISACTIVE><![CDATA[Y]]></ISACTIVE>
<!--F014AB92F33B4847BBD0EDB76515367C-->  <AD_MODULE_ID><![CDATA[F2E7A973F06D438B85FFFB96E69670D4]]></AD_MODULE_ID>
<!--F014AB92F33B4847BBD0EDB76515367C-->  <NAME><![CDATA[Commercial Name]]></NAME>
<!--F014AB92F33B4847BBD0EDB76515367C-->  <DESCRIPTION><![CDATA[Commercial Name of the Business Partner]]></DESCRIPTION>
<!--F014AB92F33B4847BBD0EDB76515367C-->  <HELP><![CDATA[Commercial Name of the Business Partner]]></HELP>
<!--F014AB92F33B4847BBD0EDB76515367C-->  <SEQNO><![CDATA[20]]></SEQNO>
<!--F014AB92F33B4847BBD0EDB76515367C-->  <AD_REFERENCE_ID><![CDATA[10]]></AD_REFERENCE_ID>
<!--F014AB92F33B4847BBD0EDB76515367C-->  <COLUMNNAME><![CDATA[name]]></COLUMNNAME>
<!--F014AB92F33B4847BBD0EDB76515367C-->  <ISCENTRALLYMAINTAINED><![CDATA[Y]]></ISCENTRALLYMAINTAINED>
<!--F014AB92F33B4847BBD0EDB76515367C-->  <FIELDLENGTH><![CDATA[60]]></FIELDLENGTH>
<!--F014AB92F33B4847BBD0EDB76515367C-->  <ISMANDATORY><![CDATA[Y]]></ISMANDATORY>
<!--F014AB92F33B4847BBD0EDB76515367C-->  <AD_ELEMENT_ID><![CDATA[91534ABABD064DF8A702EE18DEE8F998]]></AD_ELEMENT_ID>
<!--F014AB92F33B4847BBD0EDB76515367C-->  <ISFIXED><![CDATA[N]]></ISFIXED>
<!--F014AB92F33B4847BBD0EDB76515367C-->  <EVALUATEFIXEDVALUE><![CDATA[N]]></EVALUATEFIXEDVALUE>
<!--F014AB92F33B4847BBD0EDB76515367C-->  <OBUIAPP_PROCESS_ID><![CDATA[3E8BF597772C4FFBB9267B0DFA2F0398]]></OBUIAPP_PROCESS_ID>
<!--F014AB92F33B4847BBD0EDB76515367C-->  <STARTINNEWLINE><![CDATA[N]]></STARTINNEWLINE>
<!--F014AB92F33B4847BBD0EDB76515367C-->  <DISPLAYEDROWS><![CDATA[5]]></DISPLAYEDROWS>
<!--F014AB92F33B4847BBD0EDB76515367C-->  <DISPLAYTITLE><![CDATA[Y]]></DISPLAYTITLE>
<!--F014AB92F33B4847BBD0EDB76515367C-->  <ATT_SHOWINDESCRIPTION><![CDATA[N]]></ATT_SHOWINDESCRIPTION>
<!--F014AB92F33B4847BBD0EDB76515367C--></OBUIAPP_PARAMETER>

<!--F5479839482D4BC7BDE329B46C2A81F0--><OBUIAPP_PARAMETER>
<!--F5479839482D4BC7BDE329B46C2A81F0-->  <OBUIAPP_PARAMETER_ID><![CDATA[F5479839482D4BC7BDE329B46C2A81F0]]></OBUIAPP_PARAMETER_ID>
<!--F5479839482D4BC7BDE329B46C2A81F0-->  <AD_CLIENT_ID><![CDATA[0]]></AD_CLIENT_ID>
<!--F5479839482D4BC7BDE329B46C2A81F0-->  <AD_ORG_ID><![CDATA[0]]></AD_ORG_ID>
<!--F5479839482D4BC7BDE329B46C2A81F0-->  <ISACTIVE><![CDATA[Y]]></ISACTIVE>
<!--F5479839482D4BC7BDE329B46C2A81F0-->  <AD_MODULE_ID><![CDATA[F2E7A973F06D438B85FFFB96E69670D4]]></AD_MODULE_ID>
<!--F5479839482D4BC7BDE329B46C2A81F0-->  <NAME><![CDATA[Email]]></NAME>
<!--F5479839482D4BC7BDE329B46C2A81F0-->  <DESCRIPTION><![CDATA[An email address for a specified business partner.]]></DESCRIPTION>
<!--F5479839482D4BC7BDE329B46C2A81F0-->  <HELP><![CDATA[The Email Address is the Electronic Mail ID for this User and should be fully qualified (e.g. joe.smith@company.com).]]></HELP>
<!--F5479839482D4BC7BDE329B46C2A81F0-->  <SEQNO><![CDATA[10]]></SEQNO>
<!--F5479839482D4BC7BDE329B46C2A81F0-->  <AD_REFERENCE_ID><![CDATA[10]]></AD_REFERENCE_ID>
<!--F5479839482D4BC7BDE329B46C2A81F0-->  <COLUMNNAME><![CDATA[email]]></COLUMNNAME>
<!--F5479839482D4BC7BDE329B46C2A81F0-->  <ISCENTRALLYMAINTAINED><![CDATA[Y]]></ISCENTRALLYMAINTAINED>
<!--F5479839482D4BC7BDE329B46C2A81F0-->  <FIELDLENGTH><![CDATA[60]]></FIELDLENGTH>
<!--F5479839482D4BC7BDE329B46C2A81F0-->  <ISMANDATORY><![CDATA[Y]]></ISMANDATORY>
<!--F5479839482D4BC7BDE329B46C2A81F0-->  <AD_ELEMENT_ID><![CDATA[881]]></AD_ELEMENT_ID>
<!--F5479839482D4BC7BDE329B46C2A81F0-->  <ISFIXED><![CDATA[N]]></ISFIXED>
<!--F5479839482D4BC7BDE329B46C2A81F0-->  <EVALUATEFIXEDVALUE><![CDATA[N]]></EVALUATEFIXEDVALUE>
<!--F5479839482D4BC7BDE329B46C2A81F0-->  <OBUIAPP_PROCESS_ID><![CDATA[837ED85F96334EFBB83BEBC88B59DDF2]]></OBUIAPP_PROCESS_ID>
<!--F5479839482D4BC7BDE329B46C2A81F0-->  <STARTINNEWLINE><![CDATA[N]]></STARTINNEWLINE>
<!--F5479839482D4BC7BDE329B46C2A81F0-->  <DISPLAYEDROWS><![CDATA[5]]></DISPLAYEDROWS>
<!--F5479839482D4BC7BDE329B46C2A81F0-->  <DISPLAYTITLE><![CDATA[Y]]></DISPLAYTITLE>
<!--F5479839482D4BC7BDE329B46C2A81F0-->  <ATT_SHOWINDESCRIPTION><![CDATA[N]]></ATT_SHOWINDESCRIPTION>
<!--F5479839482D4BC7BDE329B46C2A81F0--></OBUIAPP_PARAMETER>

</data>
