<?xml version='1.0' encoding='UTF-8'?>
<data>
<!--3E8BF597772C4FFBB9267B0DFA2F0398--><OBUIAPP_PROCESS>
<!--3E8BF597772C4FFBB9267B0DFA2F0398-->  <OBUIAPP_PROCESS_ID><![CDATA[3E8BF597772C4FFBB9267B0DFA2F0398]]></OBUIAPP_PROCESS_ID>
<!--3E8BF597772C4FFBB9267B0DFA2F0398-->  <AD_CLIENT_ID><![CDATA[0]]></AD_CLIENT_ID>
<!--3E8BF597772C4FFBB9267B0DFA2F0398-->  <AD_ORG_ID><![CDATA[0]]></AD_ORG_ID>
<!--3E8BF597772C4FFBB9267B0DFA2F0398-->  <ISACTIVE><![CDATA[Y]]></ISACTIVE>
<!--3E8BF597772C4FFBB9267B0DFA2F0398-->  <VALUE><![CDATA[BPCreation]]></VALUE>
<!--3E8BF597772C4FFBB9267B0DFA2F0398-->  <NAME><![CDATA[Business Partner Creation]]></NAME>
<!--3E8BF597772C4FFBB9267B0DFA2F0398-->  <DESCRIPTION><![CDATA[Process for the creation of a new business partner]]></DESCRIPTION>
<!--3E8BF597772C4FFBB9267B0DFA2F0398-->  <ACCESSLEVEL><![CDATA[7]]></ACCESSLEVEL>
<!--3E8BF597772C4FFBB9267B0DFA2F0398-->  <CLASSNAME><![CDATA[org.openbravo.platform.features.BPCreationActionHandler]]></CLASSNAME>
<!--3E8BF597772C4FFBB9267B0DFA2F0398-->  <ISBACKGROUND><![CDATA[N]]></ISBACKGROUND>
<!--3E8BF597772C4FFBB9267B0DFA2F0398-->  <AD_MODULE_ID><![CDATA[F2E7A973F06D438B85FFFB96E69670D4]]></AD_MODULE_ID>
<!--3E8BF597772C4FFBB9267B0DFA2F0398-->  <UIPATTERN><![CDATA[OBUIAPP_PickAndExecute]]></UIPATTERN>
<!--3E8BF597772C4FFBB9267B0DFA2F0398-->  <ISMULTIRECORD><![CDATA[N]]></ISMULTIRECORD>
<!--3E8BF597772C4FFBB9267B0DFA2F0398-->  <IS_EXPLICIT_ACCESS><![CDATA[N]]></IS_EXPLICIT_ACCESS>
<!--3E8BF597772C4FFBB9267B0DFA2F0398-->  <ISGRIDLEGACY><![CDATA[N]]></ISGRIDLEGACY>
<!--3E8BF597772C4FFBB9267B0DFA2F0398-->  <ON_LOAD_FUNCTION><![CDATA[OB.OBPF.BPCreation]]></ON_LOAD_FUNCTION>
<!--3E8BF597772C4FFBB9267B0DFA2F0398-->  <ISCANADDRECORDSTOSELECTOR><![CDATA[Y]]></ISCANADDRECORDSTOSELECTOR>
<!--3E8BF597772C4FFBB9267B0DFA2F0398--></OBUIAPP_PROCESS>

<!--4AD5C6BEB4D140108B0B5D3212CDE689--><OBUIAPP_PROCESS>
<!--4AD5C6BEB4D140108B0B5D3212CDE689-->  <OBUIAPP_PROCESS_ID><![CDATA[4AD5C6BEB4D140108B0B5D3212CDE689]]></OBUIAPP_PROCESS_ID>
<!--4AD5C6BEB4D140108B0B5D3212CDE689-->  <AD_CLIENT_ID><![CDATA[0]]></AD_CLIENT_ID>
<!--4AD5C6BEB4D140108B0B5D3212CDE689-->  <AD_ORG_ID><![CDATA[0]]></AD_ORG_ID>
<!--4AD5C6BEB4D140108B0B5D3212CDE689-->  <ISACTIVE><![CDATA[Y]]></ISACTIVE>
<!--4AD5C6BEB4D140108B0B5D3212CDE689-->  <VALUE><![CDATA[OBPF_SalesOrderExcelFormula]]></VALUE>
<!--4AD5C6BEB4D140108B0B5D3212CDE689-->  <NAME><![CDATA[Sales Order Excel Formula Report]]></NAME>
<!--4AD5C6BEB4D140108B0B5D3212CDE689-->  <ACCESSLEVEL><![CDATA[3]]></ACCESSLEVEL>
<!--4AD5C6BEB4D140108B0B5D3212CDE689-->  <CLASSNAME><![CDATA[org.openbravo.client.application.report.BaseReportActionHandler]]></CLASSNAME>
<!--4AD5C6BEB4D140108B0B5D3212CDE689-->  <ISBACKGROUND><![CDATA[N]]></ISBACKGROUND>
<!--4AD5C6BEB4D140108B0B5D3212CDE689-->  <AD_MODULE_ID><![CDATA[F2E7A973F06D438B85FFFB96E69670D4]]></AD_MODULE_ID>
<!--4AD5C6BEB4D140108B0B5D3212CDE689-->  <UIPATTERN><![CDATA[OBUIAPP_Report]]></UIPATTERN>
<!--4AD5C6BEB4D140108B0B5D3212CDE689-->  <ISMULTIRECORD><![CDATA[N]]></ISMULTIRECORD>
<!--4AD5C6BEB4D140108B0B5D3212CDE689-->  <IS_EXPLICIT_ACCESS><![CDATA[N]]></IS_EXPLICIT_ACCESS>
<!--4AD5C6BEB4D140108B0B5D3212CDE689-->  <ISGRIDLEGACY><![CDATA[N]]></ISGRIDLEGACY>
<!--4AD5C6BEB4D140108B0B5D3212CDE689-->  <ISCANADDRECORDSTOSELECTOR><![CDATA[N]]></ISCANADDRECORDSTOSELECTOR>
<!--4AD5C6BEB4D140108B0B5D3212CDE689--></OBUIAPP_PROCESS>

<!--70889433974B409BAC4F9D7BFB211248--><OBUIAPP_PROCESS>
<!--70889433974B409BAC4F9D7BFB211248-->  <OBUIAPP_PROCESS_ID><![CDATA[70889433974B409BAC4F9D7BFB211248]]></OBUIAPP_PROCESS_ID>
<!--70889433974B409BAC4F9D7BFB211248-->  <AD_CLIENT_ID><![CDATA[0]]></AD_CLIENT_ID>
<!--70889433974B409BAC4F9D7BFB211248-->  <AD_ORG_ID><![CDATA[0]]></AD_ORG_ID>
<!--70889433974B409BAC4F9D7BFB211248-->  <ISACTIVE><![CDATA[Y]]></ISACTIVE>
<!--70889433974B409BAC4F9D7BFB211248-->  <VALUE><![CDATA[Product Simple Report]]></VALUE>
<!--70889433974B409BAC4F9D7BFB211248-->  <NAME><![CDATA[Product Simple Report]]></NAME>
<!--70889433974B409BAC4F9D7BFB211248-->  <ACCESSLEVEL><![CDATA[3]]></ACCESSLEVEL>
<!--70889433974B409BAC4F9D7BFB211248-->  <CLASSNAME><![CDATA[org.openbravo.client.application.report.BaseReportActionHandler]]></CLASSNAME>
<!--70889433974B409BAC4F9D7BFB211248-->  <ISBACKGROUND><![CDATA[N]]></ISBACKGROUND>
<!--70889433974B409BAC4F9D7BFB211248-->  <AD_MODULE_ID><![CDATA[F2E7A973F06D438B85FFFB96E69670D4]]></AD_MODULE_ID>
<!--70889433974B409BAC4F9D7BFB211248-->  <UIPATTERN><![CDATA[OBUIAPP_Report]]></UIPATTERN>
<!--70889433974B409BAC4F9D7BFB211248-->  <ISMULTIRECORD><![CDATA[N]]></ISMULTIRECORD>
<!--70889433974B409BAC4F9D7BFB211248-->  <IS_EXPLICIT_ACCESS><![CDATA[N]]></IS_EXPLICIT_ACCESS>
<!--70889433974B409BAC4F9D7BFB211248-->  <ISGRIDLEGACY><![CDATA[N]]></ISGRIDLEGACY>
<!--70889433974B409BAC4F9D7BFB211248-->  <ISCANADDRECORDSTOSELECTOR><![CDATA[N]]></ISCANADDRECORDSTOSELECTOR>
<!--70889433974B409BAC4F9D7BFB211248--></OBUIAPP_PROCESS>

<!--837ED85F96334EFBB83BEBC88B59DDF2--><OBUIAPP_PROCESS>
<!--837ED85F96334EFBB83BEBC88B59DDF2-->  <OBUIAPP_PROCESS_ID><![CDATA[837ED85F96334EFBB83BEBC88B59DDF2]]></OBUIAPP_PROCESS_ID>
<!--837ED85F96334EFBB83BEBC88B59DDF2-->  <AD_CLIENT_ID><![CDATA[0]]></AD_CLIENT_ID>
<!--837ED85F96334EFBB83BEBC88B59DDF2-->  <AD_ORG_ID><![CDATA[0]]></AD_ORG_ID>
<!--837ED85F96334EFBB83BEBC88B59DDF2-->  <ISACTIVE><![CDATA[Y]]></ISACTIVE>
<!--837ED85F96334EFBB83BEBC88B59DDF2-->  <VALUE><![CDATA[OBPF_SendEmail]]></VALUE>
<!--837ED85F96334EFBB83BEBC88B59DDF2-->  <NAME><![CDATA[Send Email]]></NAME>
<!--837ED85F96334EFBB83BEBC88B59DDF2-->  <DESCRIPTION><![CDATA[A process to test e-mail events feature]]></DESCRIPTION>
<!--837ED85F96334EFBB83BEBC88B59DDF2-->  <HELP><![CDATA[A process to test e-mail events feature. See: http://wiki.openbravo.com/wiki/How_to_send_emails_on_events]]></HELP>
<!--837ED85F96334EFBB83BEBC88B59DDF2-->  <ACCESSLEVEL><![CDATA[3]]></ACCESSLEVEL>
<!--837ED85F96334EFBB83BEBC88B59DDF2-->  <CLASSNAME><![CDATA[org.openbravo.platform.features.process.SendEmailActionHandler]]></CLASSNAME>
<!--837ED85F96334EFBB83BEBC88B59DDF2-->  <ISBACKGROUND><![CDATA[N]]></ISBACKGROUND>
<!--837ED85F96334EFBB83BEBC88B59DDF2-->  <AD_MODULE_ID><![CDATA[F2E7A973F06D438B85FFFB96E69670D4]]></AD_MODULE_ID>
<!--837ED85F96334EFBB83BEBC88B59DDF2-->  <UIPATTERN><![CDATA[OBUIAPP_PickAndExecute]]></UIPATTERN>
<!--837ED85F96334EFBB83BEBC88B59DDF2-->  <ISMULTIRECORD><![CDATA[N]]></ISMULTIRECORD>
<!--837ED85F96334EFBB83BEBC88B59DDF2-->  <IS_EXPLICIT_ACCESS><![CDATA[N]]></IS_EXPLICIT_ACCESS>
<!--837ED85F96334EFBB83BEBC88B59DDF2-->  <ISGRIDLEGACY><![CDATA[N]]></ISGRIDLEGACY>
<!--837ED85F96334EFBB83BEBC88B59DDF2-->  <ISCANADDRECORDSTOSELECTOR><![CDATA[N]]></ISCANADDRECORDSTOSELECTOR>
<!--837ED85F96334EFBB83BEBC88B59DDF2--></OBUIAPP_PROCESS>

<!--A22C86AACD474BBC97349A29DCD51785--><OBUIAPP_PROCESS>
<!--A22C86AACD474BBC97349A29DCD51785-->  <OBUIAPP_PROCESS_ID><![CDATA[A22C86AACD474BBC97349A29DCD51785]]></OBUIAPP_PROCESS_ID>
<!--A22C86AACD474BBC97349A29DCD51785-->  <AD_CLIENT_ID><![CDATA[0]]></AD_CLIENT_ID>
<!--A22C86AACD474BBC97349A29DCD51785-->  <AD_ORG_ID><![CDATA[0]]></AD_ORG_ID>
<!--A22C86AACD474BBC97349A29DCD51785-->  <ISACTIVE><![CDATA[Y]]></ISACTIVE>
<!--A22C86AACD474BBC97349A29DCD51785-->  <VALUE><![CDATA[OBPF_JsonDatasourceReport]]></VALUE>
<!--A22C86AACD474BBC97349A29DCD51785-->  <NAME><![CDATA[JSON Datasource Report Sample]]></NAME>
<!--A22C86AACD474BBC97349A29DCD51785-->  <ACCESSLEVEL><![CDATA[7]]></ACCESSLEVEL>
<!--A22C86AACD474BBC97349A29DCD51785-->  <CLASSNAME><![CDATA[org.openbravo.client.application.report.BaseReportActionHandler]]></CLASSNAME>
<!--A22C86AACD474BBC97349A29DCD51785-->  <ISBACKGROUND><![CDATA[N]]></ISBACKGROUND>
<!--A22C86AACD474BBC97349A29DCD51785-->  <AD_MODULE_ID><![CDATA[F2E7A973F06D438B85FFFB96E69670D4]]></AD_MODULE_ID>
<!--A22C86AACD474BBC97349A29DCD51785-->  <UIPATTERN><![CDATA[OBUIAPP_Report]]></UIPATTERN>
<!--A22C86AACD474BBC97349A29DCD51785-->  <ISMULTIRECORD><![CDATA[N]]></ISMULTIRECORD>
<!--A22C86AACD474BBC97349A29DCD51785-->  <IS_EXPLICIT_ACCESS><![CDATA[N]]></IS_EXPLICIT_ACCESS>
<!--A22C86AACD474BBC97349A29DCD51785-->  <ISGRIDLEGACY><![CDATA[N]]></ISGRIDLEGACY>
<!--A22C86AACD474BBC97349A29DCD51785-->  <ISCANADDRECORDSTOSELECTOR><![CDATA[N]]></ISCANADDRECORDSTOSELECTOR>
<!--A22C86AACD474BBC97349A29DCD51785--></OBUIAPP_PROCESS>

<!--BBF9A53CE95F44A39B6935240BCFCC1E--><OBUIAPP_PROCESS>
<!--BBF9A53CE95F44A39B6935240BCFCC1E-->  <OBUIAPP_PROCESS_ID><![CDATA[BBF9A53CE95F44A39B6935240BCFCC1E]]></OBUIAPP_PROCESS_ID>
<!--BBF9A53CE95F44A39B6935240BCFCC1E-->  <AD_CLIENT_ID><![CDATA[0]]></AD_CLIENT_ID>
<!--BBF9A53CE95F44A39B6935240BCFCC1E-->  <AD_ORG_ID><![CDATA[0]]></AD_ORG_ID>
<!--BBF9A53CE95F44A39B6935240BCFCC1E-->  <ISACTIVE><![CDATA[Y]]></ISACTIVE>
<!--BBF9A53CE95F44A39B6935240BCFCC1E-->  <VALUE><![CDATA[Jasper Barcode Report]]></VALUE>
<!--BBF9A53CE95F44A39B6935240BCFCC1E-->  <NAME><![CDATA[Jasper Barcode Report]]></NAME>
<!--BBF9A53CE95F44A39B6935240BCFCC1E-->  <ACCESSLEVEL><![CDATA[7]]></ACCESSLEVEL>
<!--BBF9A53CE95F44A39B6935240BCFCC1E-->  <CLASSNAME><![CDATA[org.openbravo.client.application.report.BaseReportActionHandler]]></CLASSNAME>
<!--BBF9A53CE95F44A39B6935240BCFCC1E-->  <ISBACKGROUND><![CDATA[N]]></ISBACKGROUND>
<!--BBF9A53CE95F44A39B6935240BCFCC1E-->  <AD_MODULE_ID><![CDATA[F2E7A973F06D438B85FFFB96E69670D4]]></AD_MODULE_ID>
<!--BBF9A53CE95F44A39B6935240BCFCC1E-->  <UIPATTERN><![CDATA[OBUIAPP_Report]]></UIPATTERN>
<!--BBF9A53CE95F44A39B6935240BCFCC1E-->  <ISMULTIRECORD><![CDATA[N]]></ISMULTIRECORD>
<!--BBF9A53CE95F44A39B6935240BCFCC1E-->  <IS_EXPLICIT_ACCESS><![CDATA[N]]></IS_EXPLICIT_ACCESS>
<!--BBF9A53CE95F44A39B6935240BCFCC1E-->  <ISGRIDLEGACY><![CDATA[N]]></ISGRIDLEGACY>
<!--BBF9A53CE95F44A39B6935240BCFCC1E-->  <ISCANADDRECORDSTOSELECTOR><![CDATA[N]]></ISCANADDRECORDSTOSELECTOR>
<!--BBF9A53CE95F44A39B6935240BCFCC1E--></OBUIAPP_PROCESS>

<!--D8AEF63065DE4A05B38570FAB87B2A47--><OBUIAPP_PROCESS>
<!--D8AEF63065DE4A05B38570FAB87B2A47-->  <OBUIAPP_PROCESS_ID><![CDATA[D8AEF63065DE4A05B38570FAB87B2A47]]></OBUIAPP_PROCESS_ID>
<!--D8AEF63065DE4A05B38570FAB87B2A47-->  <AD_CLIENT_ID><![CDATA[0]]></AD_CLIENT_ID>
<!--D8AEF63065DE4A05B38570FAB87B2A47-->  <AD_ORG_ID><![CDATA[0]]></AD_ORG_ID>
<!--D8AEF63065DE4A05B38570FAB87B2A47-->  <ISACTIVE><![CDATA[Y]]></ISACTIVE>
<!--D8AEF63065DE4A05B38570FAB87B2A47-->  <VALUE><![CDATA[Process Definition test]]></VALUE>
<!--D8AEF63065DE4A05B38570FAB87B2A47-->  <NAME><![CDATA[Process Definition test]]></NAME>
<!--D8AEF63065DE4A05B38570FAB87B2A47-->  <ACCESSLEVEL><![CDATA[7]]></ACCESSLEVEL>
<!--D8AEF63065DE4A05B38570FAB87B2A47-->  <CLASSNAME><![CDATA[org.openbravo.platform.features.process.ProcessDefinitionTestActionHandler]]></CLASSNAME>
<!--D8AEF63065DE4A05B38570FAB87B2A47-->  <ISBACKGROUND><![CDATA[N]]></ISBACKGROUND>
<!--D8AEF63065DE4A05B38570FAB87B2A47-->  <AD_MODULE_ID><![CDATA[F2E7A973F06D438B85FFFB96E69670D4]]></AD_MODULE_ID>
<!--D8AEF63065DE4A05B38570FAB87B2A47-->  <UIPATTERN><![CDATA[OBUIAPP_PickAndExecute]]></UIPATTERN>
<!--D8AEF63065DE4A05B38570FAB87B2A47-->  <ISMULTIRECORD><![CDATA[N]]></ISMULTIRECORD>
<!--D8AEF63065DE4A05B38570FAB87B2A47-->  <IS_EXPLICIT_ACCESS><![CDATA[N]]></IS_EXPLICIT_ACCESS>
<!--D8AEF63065DE4A05B38570FAB87B2A47-->  <ISGRIDLEGACY><![CDATA[Y]]></ISGRIDLEGACY>
<!--D8AEF63065DE4A05B38570FAB87B2A47-->  <ISCANADDRECORDSTOSELECTOR><![CDATA[N]]></ISCANADDRECORDSTOSELECTOR>
<!--D8AEF63065DE4A05B38570FAB87B2A47--></OBUIAPP_PROCESS>

</data>
