<?xml version='1.0' encoding='UTF-8'?>
<data>
<!--F19203320E364A10BBA1FB90F3B9F1AB--><OBUIAPP_REF_WINDOW>
<!--F19203320E364A10BBA1FB90F3B9F1AB-->  <OBUIAPP_REF_WINDOW_ID><![CDATA[F19203320E364A10BBA1FB90F3B9F1AB]]></OBUIAPP_REF_WINDOW_ID>
<!--F19203320E364A10BBA1FB90F3B9F1AB-->  <AD_CLIENT_ID><![CDATA[0]]></AD_CLIENT_ID>
<!--F19203320E364A10BBA1FB90F3B9F1AB-->  <AD_ORG_ID><![CDATA[0]]></AD_ORG_ID>
<!--F19203320E364A10BBA1FB90F3B9F1AB-->  <ISACTIVE><![CDATA[Y]]></ISACTIVE>
<!--F19203320E364A10BBA1FB90F3B9F1AB-->  <AD_REFERENCE_ID><![CDATA[DD74FF1AB8014E48B3891AF51B8ED2FF]]></AD_REFERENCE_ID>
<!--F19203320E364A10BBA1FB90F3B9F1AB-->  <AD_WINDOW_ID><![CDATA[4D7CA71E6FD24FC9A84B6254F71694EE]]></AD_WINDOW_ID>
<!--F19203320E364A10BBA1FB90F3B9F1AB--></OBUIAPP_REF_WINDOW>

</data>
