<?xml version='1.0' encoding='UTF-8'?>
<data>
<!--BD988049DE2C418FA4DD444EA4D64E59--><AD_MODULE_DEPENDENCY>
<!--BD988049DE2C418FA4DD444EA4D64E59-->  <AD_MODULE_DEPENDENCY_ID><![CDATA[BD988049DE2C418FA4DD444EA4D64E59]]></AD_MODULE_DEPENDENCY_ID>
<!--BD988049DE2C418FA4DD444EA4D64E59-->  <AD_CLIENT_ID><![CDATA[0]]></AD_CLIENT_ID>
<!--BD988049DE2C418FA4DD444EA4D64E59-->  <AD_ORG_ID><![CDATA[0]]></AD_ORG_ID>
<!--BD988049DE2C418FA4DD444EA4D64E59-->  <ISACTIVE><![CDATA[Y]]></ISACTIVE>
<!--BD988049DE2C418FA4DD444EA4D64E59-->  <AD_MODULE_ID><![CDATA[C7224F68C2234AC4817BD5F8AAF66336]]></AD_MODULE_ID>
<!--BD988049DE2C418FA4DD444EA4D64E59-->  <AD_DEPENDENT_MODULE_ID><![CDATA[0138E7A89B5E4DC3932462252801FFBC]]></AD_DEPENDENT_MODULE_ID>
<!--BD988049DE2C418FA4DD444EA4D64E59-->  <STARTVERSION><![CDATA[3.0.35301]]></STARTVERSION>
<!--BD988049DE2C418FA4DD444EA4D64E59-->  <ISINCLUDED><![CDATA[N]]></ISINCLUDED>
<!--BD988049DE2C418FA4DD444EA4D64E59-->  <DEPENDANT_MODULE_NAME><![CDATA[Openbravo 3.0]]></DEPENDANT_MODULE_NAME>
<!--BD988049DE2C418FA4DD444EA4D64E59-->  <DEPENDENCY_ENFORCEMENT><![CDATA[MAJOR]]></DEPENDENCY_ENFORCEMENT>
<!--BD988049DE2C418FA4DD444EA4D64E59-->  <USER_EDITABLE_ENFORCEMENT><![CDATA[N]]></USER_EDITABLE_ENFORCEMENT>
<!--BD988049DE2C418FA4DD444EA4D64E59--></AD_MODULE_DEPENDENCY>

</data>
