<?xml version='1.0' encoding='UTF-8'?>
<data>
<!--C7224F68C2234AC4817BD5F8AAF66336--><AD_MODULE>
<!--C7224F68C2234AC4817BD5F8AAF66336-->  <AD_MODULE_ID><![CDATA[C7224F68C2234AC4817BD5F8AAF66336]]></AD_MODULE_ID>
<!--C7224F68C2234AC4817BD5F8AAF66336-->  <AD_CLIENT_ID><![CDATA[0]]></AD_CLIENT_ID>
<!--C7224F68C2234AC4817BD5F8AAF66336-->  <AD_ORG_ID><![CDATA[0]]></AD_ORG_ID>
<!--C7224F68C2234AC4817BD5F8AAF66336-->  <ISACTIVE><![CDATA[Y]]></ISACTIVE>
<!--C7224F68C2234AC4817BD5F8AAF66336-->  <NAME><![CDATA[Barcode generation in reports]]></NAME>
<!--C7224F68C2234AC4817BD5F8AAF66336-->  <VERSION><![CDATA[1.0.100]]></VERSION>
<!--C7224F68C2234AC4817BD5F8AAF66336-->  <DESCRIPTION><![CDATA[Provides ability to generate barcodes in Jasper reports.]]></DESCRIPTION>
<!--C7224F68C2234AC4817BD5F8AAF66336-->  <HELP><![CDATA[Provides the required libraries (barcode4j and barbecue) to generate barcodes in Jasper Reports.]]></HELP>
<!--C7224F68C2234AC4817BD5F8AAF66336-->  <URL><![CDATA[www.openbravo.com]]></URL>
<!--C7224F68C2234AC4817BD5F8AAF66336-->  <TYPE><![CDATA[M]]></TYPE>
<!--C7224F68C2234AC4817BD5F8AAF66336-->  <LICENSE><![CDATA[Copyright (c) 2019-2020 Openbravo S.L.U.
Licensed under the Openbravo Commercial License version 1.0
You may obtain a copy of the License at http://www.openbravo.com/legal/obcl.html or in the legal folder of this module distribution.]]></LICENSE>
<!--C7224F68C2234AC4817BD5F8AAF66336-->  <JAVAPACKAGE><![CDATA[org.openbravo.service.reporting.barcode]]></JAVAPACKAGE>
<!--C7224F68C2234AC4817BD5F8AAF66336-->  <LICENSETYPE><![CDATA[OBCL]]></LICENSETYPE>
<!--C7224F68C2234AC4817BD5F8AAF66336-->  <AUTHOR><![CDATA[Openbravo S.L.U.]]></AUTHOR>
<!--C7224F68C2234AC4817BD5F8AAF66336-->  <ISTRANSLATIONREQUIRED><![CDATA[Y]]></ISTRANSLATIONREQUIRED>
<!--C7224F68C2234AC4817BD5F8AAF66336-->  <AD_LANGUAGE><![CDATA[en_US]]></AD_LANGUAGE>
<!--C7224F68C2234AC4817BD5F8AAF66336-->  <HASCHARTOFACCOUNTS><![CDATA[N]]></HASCHARTOFACCOUNTS>
<!--C7224F68C2234AC4817BD5F8AAF66336-->  <ISTRANSLATIONMODULE><![CDATA[N]]></ISTRANSLATIONMODULE>
<!--C7224F68C2234AC4817BD5F8AAF66336-->  <HASREFERENCEDATA><![CDATA[N]]></HASREFERENCEDATA>
<!--C7224F68C2234AC4817BD5F8AAF66336-->  <UPDATEINFO><![CDATA[fixes BUG-44754: remove jar libraries causing split package problem]]></UPDATEINFO>
<!--C7224F68C2234AC4817BD5F8AAF66336-->  <ISCOMMERCIAL><![CDATA[N]]></ISCOMMERCIAL>
<!--C7224F68C2234AC4817BD5F8AAF66336-->  <ISTRIALALLOWED><![CDATA[N]]></ISTRIALALLOWED>
<!--C7224F68C2234AC4817BD5F8AAF66336--></AD_MODULE>

</data>
