<?xml version="1.0"?>
  <database name="MODIFIED TABLE C_ORDER">
    <table name="C_ORDER" primaryKey="C_ORDER_KEY">
      <column name="EM_OBPF_ABS_TIME" primaryKey="false" required="false" type="TIMESTAMP" size="7" autoIncrement="false">
        <default/>
        <onCreateDefault/>
      </column>
      <column name="EM_OBPF_ABS_DATETIME" primaryKey="false" required="false" type="TIMESTAMP" size="7" autoIncrement="false">
        <default/>
        <onCreateDefault/>
      </column>
      <column name="EM_OBPF_STDTIME" primaryKey="false" required="false" type="TIMESTAMP" size="7" autoIncrement="false">
        <default/>
        <onCreateDefault/>
      </column>
      <column name="EM_OBPF_STDDATETIME" primaryKey="false" required="false" type="TIMESTAMP" size="7" autoIncrement="false">
        <default/>
        <onCreateDefault/>
      </column>
      <column name="EM_OBPF_BPARTNER" primaryKey="false" required="false" type="VARCHAR" size="32" autoIncrement="false">
        <default/>
        <onCreateDefault/>
      </column>
      <foreign-key foreignTable="C_BPARTNER" name="EM_OBPF_BPARTNER_FK">
        <reference local="EM_OBPF_BPARTNER" foreign="C_BPARTNER_ID"/>
      </foreign-key>
    </table>
  </database>
