<?xml version='1.0' encoding='UTF-8'?>
<data>
<!--167AF44EF6B74CC0A42CDE275A8B1590--><AD_COLUMN>
<!--167AF44EF6B74CC0A42CDE275A8B1590-->  <AD_COLUMN_ID><![CDATA[167AF44EF6B74CC0A42CDE275A8B1590]]></AD_COLUMN_ID>
<!--167AF44EF6B74CC0A42CDE275A8B1590-->  <AD_CLIENT_ID><![CDATA[0]]></AD_CLIENT_ID>
<!--167AF44EF6B74CC0A42CDE275A8B1590-->  <AD_ORG_ID><![CDATA[0]]></AD_ORG_ID>
<!--167AF44EF6B74CC0A42CDE275A8B1590-->  <ISACTIVE><![CDATA[Y]]></ISACTIVE>
<!--167AF44EF6B74CC0A42CDE275A8B1590-->  <NAME><![CDATA[EM_Obexapp_Sum_Proc]]></NAME>
<!--167AF44EF6B74CC0A42CDE275A8B1590-->  <COLUMNNAME><![CDATA[EM_Obexapp_Sum_Proc]]></COLUMNNAME>
<!--167AF44EF6B74CC0A42CDE275A8B1590-->  <AD_TABLE_ID><![CDATA[259]]></AD_TABLE_ID>
<!--167AF44EF6B74CC0A42CDE275A8B1590-->  <AD_REFERENCE_ID><![CDATA[28]]></AD_REFERENCE_ID>
<!--167AF44EF6B74CC0A42CDE275A8B1590-->  <FIELDLENGTH><![CDATA[1]]></FIELDLENGTH>
<!--167AF44EF6B74CC0A42CDE275A8B1590-->  <ISKEY><![CDATA[N]]></ISKEY>
<!--167AF44EF6B74CC0A42CDE275A8B1590-->  <ISPARENT><![CDATA[N]]></ISPARENT>
<!--167AF44EF6B74CC0A42CDE275A8B1590-->  <ISMANDATORY><![CDATA[N]]></ISMANDATORY>
<!--167AF44EF6B74CC0A42CDE275A8B1590-->  <ISUPDATEABLE><![CDATA[Y]]></ISUPDATEABLE>
<!--167AF44EF6B74CC0A42CDE275A8B1590-->  <READONLYLOGIC><![CDATA[@EM_Obexapp_Total@!'' & @EM_Obexapp_Total@>4]]></READONLYLOGIC>
<!--167AF44EF6B74CC0A42CDE275A8B1590-->  <ISIDENTIFIER><![CDATA[N]]></ISIDENTIFIER>
<!--167AF44EF6B74CC0A42CDE275A8B1590-->  <SEQNO><![CDATA[600]]></SEQNO>
<!--167AF44EF6B74CC0A42CDE275A8B1590-->  <ISTRANSLATED><![CDATA[N]]></ISTRANSLATED>
<!--167AF44EF6B74CC0A42CDE275A8B1590-->  <ISENCRYPTED><![CDATA[N]]></ISENCRYPTED>
<!--167AF44EF6B74CC0A42CDE275A8B1590-->  <ISSELECTIONCOLUMN><![CDATA[N]]></ISSELECTIONCOLUMN>
<!--167AF44EF6B74CC0A42CDE275A8B1590-->  <AD_ELEMENT_ID><![CDATA[76D950EA9F614DEFA6444E9493C13520]]></AD_ELEMENT_ID>
<!--167AF44EF6B74CC0A42CDE275A8B1590-->  <ISSESSIONATTR><![CDATA[N]]></ISSESSIONATTR>
<!--167AF44EF6B74CC0A42CDE275A8B1590-->  <ISSECONDARYKEY><![CDATA[N]]></ISSECONDARYKEY>
<!--167AF44EF6B74CC0A42CDE275A8B1590-->  <ISDESENCRYPTABLE><![CDATA[N]]></ISDESENCRYPTABLE>
<!--167AF44EF6B74CC0A42CDE275A8B1590-->  <DEVELOPMENTSTATUS><![CDATA[RE]]></DEVELOPMENTSTATUS>
<!--167AF44EF6B74CC0A42CDE275A8B1590-->  <AD_MODULE_ID><![CDATA[7883BFF602B4449087A3A65A0DC72E5C]]></AD_MODULE_ID>
<!--167AF44EF6B74CC0A42CDE275A8B1590-->  <POSITION><![CDATA[76]]></POSITION>
<!--167AF44EF6B74CC0A42CDE275A8B1590-->  <ISTRANSIENT><![CDATA[N]]></ISTRANSIENT>
<!--167AF44EF6B74CC0A42CDE275A8B1590-->  <ISAUTOSAVE><![CDATA[Y]]></ISAUTOSAVE>
<!--167AF44EF6B74CC0A42CDE275A8B1590-->  <VALIDATEONNEW><![CDATA[Y]]></VALIDATEONNEW>
<!--167AF44EF6B74CC0A42CDE275A8B1590-->  <IMAGESIZEVALUESACTION><![CDATA[N]]></IMAGESIZEVALUESACTION>
<!--167AF44EF6B74CC0A42CDE275A8B1590-->  <ISUSEDSEQUENCE><![CDATA[N]]></ISUSEDSEQUENCE>
<!--167AF44EF6B74CC0A42CDE275A8B1590-->  <ALLOWSORTING><![CDATA[Y]]></ALLOWSORTING>
<!--167AF44EF6B74CC0A42CDE275A8B1590-->  <ALLOWFILTERING><![CDATA[Y]]></ALLOWFILTERING>
<!--167AF44EF6B74CC0A42CDE275A8B1590-->  <ALLOWED_CROSS_ORG_LINK><![CDATA[N]]></ALLOWED_CROSS_ORG_LINK>
<!--167AF44EF6B74CC0A42CDE275A8B1590-->  <IS_CHILD_PROPERTY_IN_PARENT><![CDATA[Y]]></IS_CHILD_PROPERTY_IN_PARENT>
<!--167AF44EF6B74CC0A42CDE275A8B1590-->  <EM_OBUIAPP_PROCESS_ID><![CDATA[6D68A14FD700446EAFB48582D655034B]]></EM_OBUIAPP_PROCESS_ID>
<!--167AF44EF6B74CC0A42CDE275A8B1590--></AD_COLUMN>

<!--1D69E6015DE741B7B553E67B794D6298--><AD_COLUMN>
<!--1D69E6015DE741B7B553E67B794D6298-->  <AD_COLUMN_ID><![CDATA[1D69E6015DE741B7B553E67B794D6298]]></AD_COLUMN_ID>
<!--1D69E6015DE741B7B553E67B794D6298-->  <AD_CLIENT_ID><![CDATA[0]]></AD_CLIENT_ID>
<!--1D69E6015DE741B7B553E67B794D6298-->  <AD_ORG_ID><![CDATA[0]]></AD_ORG_ID>
<!--1D69E6015DE741B7B553E67B794D6298-->  <ISACTIVE><![CDATA[Y]]></ISACTIVE>
<!--1D69E6015DE741B7B553E67B794D6298-->  <NAME><![CDATA[EM_Obexapp_Total]]></NAME>
<!--1D69E6015DE741B7B553E67B794D6298-->  <COLUMNNAME><![CDATA[EM_Obexapp_Total]]></COLUMNNAME>
<!--1D69E6015DE741B7B553E67B794D6298-->  <AD_TABLE_ID><![CDATA[259]]></AD_TABLE_ID>
<!--1D69E6015DE741B7B553E67B794D6298-->  <AD_REFERENCE_ID><![CDATA[11]]></AD_REFERENCE_ID>
<!--1D69E6015DE741B7B553E67B794D6298-->  <FIELDLENGTH><![CDATA[2]]></FIELDLENGTH>
<!--1D69E6015DE741B7B553E67B794D6298-->  <ISKEY><![CDATA[N]]></ISKEY>
<!--1D69E6015DE741B7B553E67B794D6298-->  <ISPARENT><![CDATA[N]]></ISPARENT>
<!--1D69E6015DE741B7B553E67B794D6298-->  <ISMANDATORY><![CDATA[N]]></ISMANDATORY>
<!--1D69E6015DE741B7B553E67B794D6298-->  <ISUPDATEABLE><![CDATA[Y]]></ISUPDATEABLE>
<!--1D69E6015DE741B7B553E67B794D6298-->  <ISIDENTIFIER><![CDATA[N]]></ISIDENTIFIER>
<!--1D69E6015DE741B7B553E67B794D6298-->  <SEQNO><![CDATA[620]]></SEQNO>
<!--1D69E6015DE741B7B553E67B794D6298-->  <ISTRANSLATED><![CDATA[N]]></ISTRANSLATED>
<!--1D69E6015DE741B7B553E67B794D6298-->  <ISENCRYPTED><![CDATA[N]]></ISENCRYPTED>
<!--1D69E6015DE741B7B553E67B794D6298-->  <ISSELECTIONCOLUMN><![CDATA[N]]></ISSELECTIONCOLUMN>
<!--1D69E6015DE741B7B553E67B794D6298-->  <AD_ELEMENT_ID><![CDATA[B0620D63B6CD46438AA7A395B526928E]]></AD_ELEMENT_ID>
<!--1D69E6015DE741B7B553E67B794D6298-->  <ISSESSIONATTR><![CDATA[N]]></ISSESSIONATTR>
<!--1D69E6015DE741B7B553E67B794D6298-->  <ISSECONDARYKEY><![CDATA[N]]></ISSECONDARYKEY>
<!--1D69E6015DE741B7B553E67B794D6298-->  <ISDESENCRYPTABLE><![CDATA[N]]></ISDESENCRYPTABLE>
<!--1D69E6015DE741B7B553E67B794D6298-->  <DEVELOPMENTSTATUS><![CDATA[RE]]></DEVELOPMENTSTATUS>
<!--1D69E6015DE741B7B553E67B794D6298-->  <AD_MODULE_ID><![CDATA[7883BFF602B4449087A3A65A0DC72E5C]]></AD_MODULE_ID>
<!--1D69E6015DE741B7B553E67B794D6298-->  <POSITION><![CDATA[78]]></POSITION>
<!--1D69E6015DE741B7B553E67B794D6298-->  <ISTRANSIENT><![CDATA[N]]></ISTRANSIENT>
<!--1D69E6015DE741B7B553E67B794D6298-->  <ISAUTOSAVE><![CDATA[Y]]></ISAUTOSAVE>
<!--1D69E6015DE741B7B553E67B794D6298-->  <VALIDATEONNEW><![CDATA[Y]]></VALIDATEONNEW>
<!--1D69E6015DE741B7B553E67B794D6298-->  <IMAGESIZEVALUESACTION><![CDATA[N]]></IMAGESIZEVALUESACTION>
<!--1D69E6015DE741B7B553E67B794D6298-->  <ISUSEDSEQUENCE><![CDATA[N]]></ISUSEDSEQUENCE>
<!--1D69E6015DE741B7B553E67B794D6298-->  <ALLOWSORTING><![CDATA[Y]]></ALLOWSORTING>
<!--1D69E6015DE741B7B553E67B794D6298-->  <ALLOWFILTERING><![CDATA[Y]]></ALLOWFILTERING>
<!--1D69E6015DE741B7B553E67B794D6298-->  <ALLOWED_CROSS_ORG_LINK><![CDATA[N]]></ALLOWED_CROSS_ORG_LINK>
<!--1D69E6015DE741B7B553E67B794D6298-->  <IS_CHILD_PROPERTY_IN_PARENT><![CDATA[Y]]></IS_CHILD_PROPERTY_IN_PARENT>
<!--1D69E6015DE741B7B553E67B794D6298--></AD_COLUMN>

<!--2243000357CA439784CF90B1139592C0--><AD_COLUMN>
<!--2243000357CA439784CF90B1139592C0-->  <AD_COLUMN_ID><![CDATA[2243000357CA439784CF90B1139592C0]]></AD_COLUMN_ID>
<!--2243000357CA439784CF90B1139592C0-->  <AD_CLIENT_ID><![CDATA[0]]></AD_CLIENT_ID>
<!--2243000357CA439784CF90B1139592C0-->  <AD_ORG_ID><![CDATA[0]]></AD_ORG_ID>
<!--2243000357CA439784CF90B1139592C0-->  <ISACTIVE><![CDATA[Y]]></ISACTIVE>
<!--2243000357CA439784CF90B1139592C0-->  <NAME><![CDATA[EM_Obexapp_Pick3]]></NAME>
<!--2243000357CA439784CF90B1139592C0-->  <COLUMNNAME><![CDATA[EM_Obexapp_Pick3]]></COLUMNNAME>
<!--2243000357CA439784CF90B1139592C0-->  <AD_TABLE_ID><![CDATA[318]]></AD_TABLE_ID>
<!--2243000357CA439784CF90B1139592C0-->  <AD_REFERENCE_ID><![CDATA[28]]></AD_REFERENCE_ID>
<!--2243000357CA439784CF90B1139592C0-->  <FIELDLENGTH><![CDATA[1]]></FIELDLENGTH>
<!--2243000357CA439784CF90B1139592C0-->  <DEFAULTVALUE><![CDATA[N]]></DEFAULTVALUE>
<!--2243000357CA439784CF90B1139592C0-->  <ISKEY><![CDATA[N]]></ISKEY>
<!--2243000357CA439784CF90B1139592C0-->  <ISPARENT><![CDATA[N]]></ISPARENT>
<!--2243000357CA439784CF90B1139592C0-->  <ISMANDATORY><![CDATA[N]]></ISMANDATORY>
<!--2243000357CA439784CF90B1139592C0-->  <ISUPDATEABLE><![CDATA[Y]]></ISUPDATEABLE>
<!--2243000357CA439784CF90B1139592C0-->  <ISIDENTIFIER><![CDATA[N]]></ISIDENTIFIER>
<!--2243000357CA439784CF90B1139592C0-->  <SEQNO><![CDATA[730]]></SEQNO>
<!--2243000357CA439784CF90B1139592C0-->  <ISTRANSLATED><![CDATA[N]]></ISTRANSLATED>
<!--2243000357CA439784CF90B1139592C0-->  <ISENCRYPTED><![CDATA[N]]></ISENCRYPTED>
<!--2243000357CA439784CF90B1139592C0-->  <ISSELECTIONCOLUMN><![CDATA[N]]></ISSELECTIONCOLUMN>
<!--2243000357CA439784CF90B1139592C0-->  <AD_ELEMENT_ID><![CDATA[98A84E0B1B3B4A55ACE97BB34DAC9255]]></AD_ELEMENT_ID>
<!--2243000357CA439784CF90B1139592C0-->  <ISSESSIONATTR><![CDATA[N]]></ISSESSIONATTR>
<!--2243000357CA439784CF90B1139592C0-->  <ISSECONDARYKEY><![CDATA[N]]></ISSECONDARYKEY>
<!--2243000357CA439784CF90B1139592C0-->  <ISDESENCRYPTABLE><![CDATA[N]]></ISDESENCRYPTABLE>
<!--2243000357CA439784CF90B1139592C0-->  <DEVELOPMENTSTATUS><![CDATA[RE]]></DEVELOPMENTSTATUS>
<!--2243000357CA439784CF90B1139592C0-->  <AD_MODULE_ID><![CDATA[7883BFF602B4449087A3A65A0DC72E5C]]></AD_MODULE_ID>
<!--2243000357CA439784CF90B1139592C0-->  <POSITION><![CDATA[68]]></POSITION>
<!--2243000357CA439784CF90B1139592C0-->  <ISTRANSIENT><![CDATA[N]]></ISTRANSIENT>
<!--2243000357CA439784CF90B1139592C0-->  <ISAUTOSAVE><![CDATA[Y]]></ISAUTOSAVE>
<!--2243000357CA439784CF90B1139592C0-->  <VALIDATEONNEW><![CDATA[Y]]></VALIDATEONNEW>
<!--2243000357CA439784CF90B1139592C0-->  <IMAGESIZEVALUESACTION><![CDATA[N]]></IMAGESIZEVALUESACTION>
<!--2243000357CA439784CF90B1139592C0-->  <ISUSEDSEQUENCE><![CDATA[N]]></ISUSEDSEQUENCE>
<!--2243000357CA439784CF90B1139592C0-->  <ALLOWSORTING><![CDATA[Y]]></ALLOWSORTING>
<!--2243000357CA439784CF90B1139592C0-->  <ALLOWFILTERING><![CDATA[Y]]></ALLOWFILTERING>
<!--2243000357CA439784CF90B1139592C0-->  <ALLOWED_CROSS_ORG_LINK><![CDATA[N]]></ALLOWED_CROSS_ORG_LINK>
<!--2243000357CA439784CF90B1139592C0-->  <IS_CHILD_PROPERTY_IN_PARENT><![CDATA[Y]]></IS_CHILD_PROPERTY_IN_PARENT>
<!--2243000357CA439784CF90B1139592C0-->  <EM_OBUIAPP_PROCESS_ID><![CDATA[04A18DEC44C54D6DAEBF9E5C6A766A1A]]></EM_OBUIAPP_PROCESS_ID>
<!--2243000357CA439784CF90B1139592C0--></AD_COLUMN>

<!--24410E90948C4738A5A0C64F158D932C--><AD_COLUMN>
<!--24410E90948C4738A5A0C64F158D932C-->  <AD_COLUMN_ID><![CDATA[24410E90948C4738A5A0C64F158D932C]]></AD_COLUMN_ID>
<!--24410E90948C4738A5A0C64F158D932C-->  <AD_CLIENT_ID><![CDATA[0]]></AD_CLIENT_ID>
<!--24410E90948C4738A5A0C64F158D932C-->  <AD_ORG_ID><![CDATA[0]]></AD_ORG_ID>
<!--24410E90948C4738A5A0C64F158D932C-->  <ISACTIVE><![CDATA[Y]]></ISACTIVE>
<!--24410E90948C4738A5A0C64F158D932C-->  <NAME><![CDATA[Updated]]></NAME>
<!--24410E90948C4738A5A0C64F158D932C-->  <DESCRIPTION><![CDATA[The date that this record was last updated]]></DESCRIPTION>
<!--24410E90948C4738A5A0C64F158D932C-->  <HELP><![CDATA[The Updated field indicates the date that this record was updated.]]></HELP>
<!--24410E90948C4738A5A0C64F158D932C-->  <COLUMNNAME><![CDATA[Updated]]></COLUMNNAME>
<!--24410E90948C4738A5A0C64F158D932C-->  <AD_TABLE_ID><![CDATA[FF8081813290114F013290159F07000E]]></AD_TABLE_ID>
<!--24410E90948C4738A5A0C64F158D932C-->  <AD_REFERENCE_ID><![CDATA[16]]></AD_REFERENCE_ID>
<!--24410E90948C4738A5A0C64F158D932C-->  <FIELDLENGTH><![CDATA[19]]></FIELDLENGTH>
<!--24410E90948C4738A5A0C64F158D932C-->  <DEFAULTVALUE><![CDATA[@#Date@]]></DEFAULTVALUE>
<!--24410E90948C4738A5A0C64F158D932C-->  <ISKEY><![CDATA[N]]></ISKEY>
<!--24410E90948C4738A5A0C64F158D932C-->  <ISPARENT><![CDATA[N]]></ISPARENT>
<!--24410E90948C4738A5A0C64F158D932C-->  <ISMANDATORY><![CDATA[Y]]></ISMANDATORY>
<!--24410E90948C4738A5A0C64F158D932C-->  <ISUPDATEABLE><![CDATA[N]]></ISUPDATEABLE>
<!--24410E90948C4738A5A0C64F158D932C-->  <ISIDENTIFIER><![CDATA[N]]></ISIDENTIFIER>
<!--24410E90948C4738A5A0C64F158D932C-->  <SEQNO><![CDATA[100]]></SEQNO>
<!--24410E90948C4738A5A0C64F158D932C-->  <ISTRANSLATED><![CDATA[N]]></ISTRANSLATED>
<!--24410E90948C4738A5A0C64F158D932C-->  <ISENCRYPTED><![CDATA[N]]></ISENCRYPTED>
<!--24410E90948C4738A5A0C64F158D932C-->  <ISSELECTIONCOLUMN><![CDATA[N]]></ISSELECTIONCOLUMN>
<!--24410E90948C4738A5A0C64F158D932C-->  <AD_ELEMENT_ID><![CDATA[607]]></AD_ELEMENT_ID>
<!--24410E90948C4738A5A0C64F158D932C-->  <ISSESSIONATTR><![CDATA[N]]></ISSESSIONATTR>
<!--24410E90948C4738A5A0C64F158D932C-->  <ISSECONDARYKEY><![CDATA[N]]></ISSECONDARYKEY>
<!--24410E90948C4738A5A0C64F158D932C-->  <ISDESENCRYPTABLE><![CDATA[N]]></ISDESENCRYPTABLE>
<!--24410E90948C4738A5A0C64F158D932C-->  <DEVELOPMENTSTATUS><![CDATA[RE]]></DEVELOPMENTSTATUS>
<!--24410E90948C4738A5A0C64F158D932C-->  <AD_MODULE_ID><![CDATA[7883BFF602B4449087A3A65A0DC72E5C]]></AD_MODULE_ID>
<!--24410E90948C4738A5A0C64F158D932C-->  <POSITION><![CDATA[10]]></POSITION>
<!--24410E90948C4738A5A0C64F158D932C-->  <ISTRANSIENT><![CDATA[N]]></ISTRANSIENT>
<!--24410E90948C4738A5A0C64F158D932C-->  <ISAUTOSAVE><![CDATA[Y]]></ISAUTOSAVE>
<!--24410E90948C4738A5A0C64F158D932C-->  <VALIDATEONNEW><![CDATA[Y]]></VALIDATEONNEW>
<!--24410E90948C4738A5A0C64F158D932C-->  <IMAGESIZEVALUESACTION><![CDATA[N]]></IMAGESIZEVALUESACTION>
<!--24410E90948C4738A5A0C64F158D932C-->  <ISUSEDSEQUENCE><![CDATA[N]]></ISUSEDSEQUENCE>
<!--24410E90948C4738A5A0C64F158D932C-->  <ALLOWSORTING><![CDATA[Y]]></ALLOWSORTING>
<!--24410E90948C4738A5A0C64F158D932C-->  <ALLOWFILTERING><![CDATA[Y]]></ALLOWFILTERING>
<!--24410E90948C4738A5A0C64F158D932C-->  <ALLOWED_CROSS_ORG_LINK><![CDATA[N]]></ALLOWED_CROSS_ORG_LINK>
<!--24410E90948C4738A5A0C64F158D932C-->  <IS_CHILD_PROPERTY_IN_PARENT><![CDATA[Y]]></IS_CHILD_PROPERTY_IN_PARENT>
<!--24410E90948C4738A5A0C64F158D932C--></AD_COLUMN>

<!--47CBEBA9DD1D4B76B8A127B96E575CBC--><AD_COLUMN>
<!--47CBEBA9DD1D4B76B8A127B96E575CBC-->  <AD_COLUMN_ID><![CDATA[47CBEBA9DD1D4B76B8A127B96E575CBC]]></AD_COLUMN_ID>
<!--47CBEBA9DD1D4B76B8A127B96E575CBC-->  <AD_CLIENT_ID><![CDATA[0]]></AD_CLIENT_ID>
<!--47CBEBA9DD1D4B76B8A127B96E575CBC-->  <AD_ORG_ID><![CDATA[0]]></AD_ORG_ID>
<!--47CBEBA9DD1D4B76B8A127B96E575CBC-->  <ISACTIVE><![CDATA[Y]]></ISACTIVE>
<!--47CBEBA9DD1D4B76B8A127B96E575CBC-->  <NAME><![CDATA[EM_OBEXAPP_RichTextExample]]></NAME>
<!--47CBEBA9DD1D4B76B8A127B96E575CBC-->  <COLUMNNAME><![CDATA[EM_OBEXAPP_RichTextExample]]></COLUMNNAME>
<!--47CBEBA9DD1D4B76B8A127B96E575CBC-->  <AD_TABLE_ID><![CDATA[259]]></AD_TABLE_ID>
<!--47CBEBA9DD1D4B76B8A127B96E575CBC-->  <AD_REFERENCE_ID><![CDATA[7CB371C13D204EB69BF370217F692999]]></AD_REFERENCE_ID>
<!--47CBEBA9DD1D4B76B8A127B96E575CBC-->  <FIELDLENGTH><![CDATA[2000]]></FIELDLENGTH>
<!--47CBEBA9DD1D4B76B8A127B96E575CBC-->  <ISKEY><![CDATA[N]]></ISKEY>
<!--47CBEBA9DD1D4B76B8A127B96E575CBC-->  <ISPARENT><![CDATA[N]]></ISPARENT>
<!--47CBEBA9DD1D4B76B8A127B96E575CBC-->  <ISMANDATORY><![CDATA[N]]></ISMANDATORY>
<!--47CBEBA9DD1D4B76B8A127B96E575CBC-->  <ISUPDATEABLE><![CDATA[Y]]></ISUPDATEABLE>
<!--47CBEBA9DD1D4B76B8A127B96E575CBC-->  <READONLYLOGIC><![CDATA[@Processed@='Y']]></READONLYLOGIC>
<!--47CBEBA9DD1D4B76B8A127B96E575CBC-->  <ISIDENTIFIER><![CDATA[N]]></ISIDENTIFIER>
<!--47CBEBA9DD1D4B76B8A127B96E575CBC-->  <SEQNO><![CDATA[660]]></SEQNO>
<!--47CBEBA9DD1D4B76B8A127B96E575CBC-->  <ISTRANSLATED><![CDATA[N]]></ISTRANSLATED>
<!--47CBEBA9DD1D4B76B8A127B96E575CBC-->  <ISENCRYPTED><![CDATA[N]]></ISENCRYPTED>
<!--47CBEBA9DD1D4B76B8A127B96E575CBC-->  <ISSELECTIONCOLUMN><![CDATA[N]]></ISSELECTIONCOLUMN>
<!--47CBEBA9DD1D4B76B8A127B96E575CBC-->  <ISSESSIONATTR><![CDATA[N]]></ISSESSIONATTR>
<!--47CBEBA9DD1D4B76B8A127B96E575CBC-->  <ISSECONDARYKEY><![CDATA[N]]></ISSECONDARYKEY>
<!--47CBEBA9DD1D4B76B8A127B96E575CBC-->  <ISDESENCRYPTABLE><![CDATA[N]]></ISDESENCRYPTABLE>
<!--47CBEBA9DD1D4B76B8A127B96E575CBC-->  <DEVELOPMENTSTATUS><![CDATA[RE]]></DEVELOPMENTSTATUS>
<!--47CBEBA9DD1D4B76B8A127B96E575CBC-->  <AD_MODULE_ID><![CDATA[7883BFF602B4449087A3A65A0DC72E5C]]></AD_MODULE_ID>
<!--47CBEBA9DD1D4B76B8A127B96E575CBC-->  <ISTRANSIENT><![CDATA[N]]></ISTRANSIENT>
<!--47CBEBA9DD1D4B76B8A127B96E575CBC-->  <ISAUTOSAVE><![CDATA[Y]]></ISAUTOSAVE>
<!--47CBEBA9DD1D4B76B8A127B96E575CBC-->  <VALIDATEONNEW><![CDATA[Y]]></VALIDATEONNEW>
<!--47CBEBA9DD1D4B76B8A127B96E575CBC-->  <IMAGESIZEVALUESACTION><![CDATA[N]]></IMAGESIZEVALUESACTION>
<!--47CBEBA9DD1D4B76B8A127B96E575CBC-->  <ISUSEDSEQUENCE><![CDATA[N]]></ISUSEDSEQUENCE>
<!--47CBEBA9DD1D4B76B8A127B96E575CBC-->  <ALLOWSORTING><![CDATA[Y]]></ALLOWSORTING>
<!--47CBEBA9DD1D4B76B8A127B96E575CBC-->  <ALLOWFILTERING><![CDATA[Y]]></ALLOWFILTERING>
<!--47CBEBA9DD1D4B76B8A127B96E575CBC-->  <ALLOWED_CROSS_ORG_LINK><![CDATA[N]]></ALLOWED_CROSS_ORG_LINK>
<!--47CBEBA9DD1D4B76B8A127B96E575CBC-->  <IS_CHILD_PROPERTY_IN_PARENT><![CDATA[Y]]></IS_CHILD_PROPERTY_IN_PARENT>
<!--47CBEBA9DD1D4B76B8A127B96E575CBC--></AD_COLUMN>

<!--4A9DD9785415465998BD8F447E7DF147--><AD_COLUMN>
<!--4A9DD9785415465998BD8F447E7DF147-->  <AD_COLUMN_ID><![CDATA[4A9DD9785415465998BD8F447E7DF147]]></AD_COLUMN_ID>
<!--4A9DD9785415465998BD8F447E7DF147-->  <AD_CLIENT_ID><![CDATA[0]]></AD_CLIENT_ID>
<!--4A9DD9785415465998BD8F447E7DF147-->  <AD_ORG_ID><![CDATA[0]]></AD_ORG_ID>
<!--4A9DD9785415465998BD8F447E7DF147-->  <ISACTIVE><![CDATA[Y]]></ISACTIVE>
<!--4A9DD9785415465998BD8F447E7DF147-->  <NAME><![CDATA[Search Key]]></NAME>
<!--4A9DD9785415465998BD8F447E7DF147-->  <DESCRIPTION><![CDATA[A fast method for finding a particular record.]]></DESCRIPTION>
<!--4A9DD9785415465998BD8F447E7DF147-->  <HELP><![CDATA[A search key allows for a fast method of finding a particular record. If you leave the search key empty, the system automatically creates a numeric number originating from a document sequence defined in the  "Document Sequence" window. The sequence naming convention follows a rule "DocumentNo_TableName", where TableName is the actual name of the database table (e.g. C_Order).

Usually, company's internal identifiers for various records (products, customers, etc) are stored here.]]></HELP>
<!--4A9DD9785415465998BD8F447E7DF147-->  <COLUMNNAME><![CDATA[Value]]></COLUMNNAME>
<!--4A9DD9785415465998BD8F447E7DF147-->  <AD_TABLE_ID><![CDATA[FF8081813290114F013290159F07000E]]></AD_TABLE_ID>
<!--4A9DD9785415465998BD8F447E7DF147-->  <AD_REFERENCE_ID><![CDATA[10]]></AD_REFERENCE_ID>
<!--4A9DD9785415465998BD8F447E7DF147-->  <FIELDLENGTH><![CDATA[60]]></FIELDLENGTH>
<!--4A9DD9785415465998BD8F447E7DF147-->  <ISKEY><![CDATA[N]]></ISKEY>
<!--4A9DD9785415465998BD8F447E7DF147-->  <ISPARENT><![CDATA[N]]></ISPARENT>
<!--4A9DD9785415465998BD8F447E7DF147-->  <ISMANDATORY><![CDATA[N]]></ISMANDATORY>
<!--4A9DD9785415465998BD8F447E7DF147-->  <ISUPDATEABLE><![CDATA[Y]]></ISUPDATEABLE>
<!--4A9DD9785415465998BD8F447E7DF147-->  <ISIDENTIFIER><![CDATA[N]]></ISIDENTIFIER>
<!--4A9DD9785415465998BD8F447E7DF147-->  <SEQNO><![CDATA[60]]></SEQNO>
<!--4A9DD9785415465998BD8F447E7DF147-->  <ISTRANSLATED><![CDATA[N]]></ISTRANSLATED>
<!--4A9DD9785415465998BD8F447E7DF147-->  <ISENCRYPTED><![CDATA[N]]></ISENCRYPTED>
<!--4A9DD9785415465998BD8F447E7DF147-->  <ISSELECTIONCOLUMN><![CDATA[N]]></ISSELECTIONCOLUMN>
<!--4A9DD9785415465998BD8F447E7DF147-->  <AD_ELEMENT_ID><![CDATA[620]]></AD_ELEMENT_ID>
<!--4A9DD9785415465998BD8F447E7DF147-->  <ISSESSIONATTR><![CDATA[N]]></ISSESSIONATTR>
<!--4A9DD9785415465998BD8F447E7DF147-->  <ISSECONDARYKEY><![CDATA[N]]></ISSECONDARYKEY>
<!--4A9DD9785415465998BD8F447E7DF147-->  <ISDESENCRYPTABLE><![CDATA[N]]></ISDESENCRYPTABLE>
<!--4A9DD9785415465998BD8F447E7DF147-->  <DEVELOPMENTSTATUS><![CDATA[RE]]></DEVELOPMENTSTATUS>
<!--4A9DD9785415465998BD8F447E7DF147-->  <AD_MODULE_ID><![CDATA[7883BFF602B4449087A3A65A0DC72E5C]]></AD_MODULE_ID>
<!--4A9DD9785415465998BD8F447E7DF147-->  <POSITION><![CDATA[6]]></POSITION>
<!--4A9DD9785415465998BD8F447E7DF147-->  <ISTRANSIENT><![CDATA[N]]></ISTRANSIENT>
<!--4A9DD9785415465998BD8F447E7DF147-->  <ISAUTOSAVE><![CDATA[Y]]></ISAUTOSAVE>
<!--4A9DD9785415465998BD8F447E7DF147-->  <VALIDATEONNEW><![CDATA[Y]]></VALIDATEONNEW>
<!--4A9DD9785415465998BD8F447E7DF147-->  <IMAGESIZEVALUESACTION><![CDATA[N]]></IMAGESIZEVALUESACTION>
<!--4A9DD9785415465998BD8F447E7DF147-->  <ISUSEDSEQUENCE><![CDATA[N]]></ISUSEDSEQUENCE>
<!--4A9DD9785415465998BD8F447E7DF147-->  <ALLOWSORTING><![CDATA[Y]]></ALLOWSORTING>
<!--4A9DD9785415465998BD8F447E7DF147-->  <ALLOWFILTERING><![CDATA[Y]]></ALLOWFILTERING>
<!--4A9DD9785415465998BD8F447E7DF147-->  <ALLOWED_CROSS_ORG_LINK><![CDATA[N]]></ALLOWED_CROSS_ORG_LINK>
<!--4A9DD9785415465998BD8F447E7DF147-->  <IS_CHILD_PROPERTY_IN_PARENT><![CDATA[Y]]></IS_CHILD_PROPERTY_IN_PARENT>
<!--4A9DD9785415465998BD8F447E7DF147--></AD_COLUMN>

<!--4F7DE44964FD413A814EE9FDB235A95E--><AD_COLUMN>
<!--4F7DE44964FD413A814EE9FDB235A95E-->  <AD_COLUMN_ID><![CDATA[4F7DE44964FD413A814EE9FDB235A95E]]></AD_COLUMN_ID>
<!--4F7DE44964FD413A814EE9FDB235A95E-->  <AD_CLIENT_ID><![CDATA[0]]></AD_CLIENT_ID>
<!--4F7DE44964FD413A814EE9FDB235A95E-->  <AD_ORG_ID><![CDATA[0]]></AD_ORG_ID>
<!--4F7DE44964FD413A814EE9FDB235A95E-->  <ISACTIVE><![CDATA[Y]]></ISACTIVE>
<!--4F7DE44964FD413A814EE9FDB235A95E-->  <NAME><![CDATA[Name]]></NAME>
<!--4F7DE44964FD413A814EE9FDB235A95E-->  <DESCRIPTION><![CDATA[A non-unique identifier for a record/document often used as a search tool.]]></DESCRIPTION>
<!--4F7DE44964FD413A814EE9FDB235A95E-->  <HELP><![CDATA[A more descriptive identifier (that does need to be unique) of a record/document that is used as a default search option along with the search key (that is unique and mostly shorter). It is up to 60 characters in length.]]></HELP>
<!--4F7DE44964FD413A814EE9FDB235A95E-->  <COLUMNNAME><![CDATA[Name]]></COLUMNNAME>
<!--4F7DE44964FD413A814EE9FDB235A95E-->  <AD_TABLE_ID><![CDATA[FF8081813290114F013290159F07000E]]></AD_TABLE_ID>
<!--4F7DE44964FD413A814EE9FDB235A95E-->  <AD_REFERENCE_ID><![CDATA[10]]></AD_REFERENCE_ID>
<!--4F7DE44964FD413A814EE9FDB235A95E-->  <FIELDLENGTH><![CDATA[60]]></FIELDLENGTH>
<!--4F7DE44964FD413A814EE9FDB235A95E-->  <ISKEY><![CDATA[N]]></ISKEY>
<!--4F7DE44964FD413A814EE9FDB235A95E-->  <ISPARENT><![CDATA[N]]></ISPARENT>
<!--4F7DE44964FD413A814EE9FDB235A95E-->  <ISMANDATORY><![CDATA[Y]]></ISMANDATORY>
<!--4F7DE44964FD413A814EE9FDB235A95E-->  <ISUPDATEABLE><![CDATA[Y]]></ISUPDATEABLE>
<!--4F7DE44964FD413A814EE9FDB235A95E-->  <ISIDENTIFIER><![CDATA[Y]]></ISIDENTIFIER>
<!--4F7DE44964FD413A814EE9FDB235A95E-->  <SEQNO><![CDATA[40]]></SEQNO>
<!--4F7DE44964FD413A814EE9FDB235A95E-->  <ISTRANSLATED><![CDATA[N]]></ISTRANSLATED>
<!--4F7DE44964FD413A814EE9FDB235A95E-->  <ISENCRYPTED><![CDATA[N]]></ISENCRYPTED>
<!--4F7DE44964FD413A814EE9FDB235A95E-->  <ISSELECTIONCOLUMN><![CDATA[N]]></ISSELECTIONCOLUMN>
<!--4F7DE44964FD413A814EE9FDB235A95E-->  <AD_ELEMENT_ID><![CDATA[469]]></AD_ELEMENT_ID>
<!--4F7DE44964FD413A814EE9FDB235A95E-->  <ISSESSIONATTR><![CDATA[N]]></ISSESSIONATTR>
<!--4F7DE44964FD413A814EE9FDB235A95E-->  <ISSECONDARYKEY><![CDATA[N]]></ISSECONDARYKEY>
<!--4F7DE44964FD413A814EE9FDB235A95E-->  <ISDESENCRYPTABLE><![CDATA[N]]></ISDESENCRYPTABLE>
<!--4F7DE44964FD413A814EE9FDB235A95E-->  <DEVELOPMENTSTATUS><![CDATA[RE]]></DEVELOPMENTSTATUS>
<!--4F7DE44964FD413A814EE9FDB235A95E-->  <AD_MODULE_ID><![CDATA[7883BFF602B4449087A3A65A0DC72E5C]]></AD_MODULE_ID>
<!--4F7DE44964FD413A814EE9FDB235A95E-->  <POSITION><![CDATA[4]]></POSITION>
<!--4F7DE44964FD413A814EE9FDB235A95E-->  <ISTRANSIENT><![CDATA[N]]></ISTRANSIENT>
<!--4F7DE44964FD413A814EE9FDB235A95E-->  <ISAUTOSAVE><![CDATA[Y]]></ISAUTOSAVE>
<!--4F7DE44964FD413A814EE9FDB235A95E-->  <VALIDATEONNEW><![CDATA[Y]]></VALIDATEONNEW>
<!--4F7DE44964FD413A814EE9FDB235A95E-->  <IMAGESIZEVALUESACTION><![CDATA[N]]></IMAGESIZEVALUESACTION>
<!--4F7DE44964FD413A814EE9FDB235A95E-->  <ISUSEDSEQUENCE><![CDATA[N]]></ISUSEDSEQUENCE>
<!--4F7DE44964FD413A814EE9FDB235A95E-->  <ALLOWSORTING><![CDATA[Y]]></ALLOWSORTING>
<!--4F7DE44964FD413A814EE9FDB235A95E-->  <ALLOWFILTERING><![CDATA[Y]]></ALLOWFILTERING>
<!--4F7DE44964FD413A814EE9FDB235A95E-->  <ALLOWED_CROSS_ORG_LINK><![CDATA[N]]></ALLOWED_CROSS_ORG_LINK>
<!--4F7DE44964FD413A814EE9FDB235A95E-->  <IS_CHILD_PROPERTY_IN_PARENT><![CDATA[Y]]></IS_CHILD_PROPERTY_IN_PARENT>
<!--4F7DE44964FD413A814EE9FDB235A95E--></AD_COLUMN>

<!--57C8E580BD714CF59DC6BC5AC68D05D4--><AD_COLUMN>
<!--57C8E580BD714CF59DC6BC5AC68D05D4-->  <AD_COLUMN_ID><![CDATA[57C8E580BD714CF59DC6BC5AC68D05D4]]></AD_COLUMN_ID>
<!--57C8E580BD714CF59DC6BC5AC68D05D4-->  <AD_CLIENT_ID><![CDATA[0]]></AD_CLIENT_ID>
<!--57C8E580BD714CF59DC6BC5AC68D05D4-->  <AD_ORG_ID><![CDATA[0]]></AD_ORG_ID>
<!--57C8E580BD714CF59DC6BC5AC68D05D4-->  <ISACTIVE><![CDATA[Y]]></ISACTIVE>
<!--57C8E580BD714CF59DC6BC5AC68D05D4-->  <NAME><![CDATA[EM_Obexapp_Subs_Proc]]></NAME>
<!--57C8E580BD714CF59DC6BC5AC68D05D4-->  <COLUMNNAME><![CDATA[EM_Obexapp_Subs_Proc]]></COLUMNNAME>
<!--57C8E580BD714CF59DC6BC5AC68D05D4-->  <AD_TABLE_ID><![CDATA[259]]></AD_TABLE_ID>
<!--57C8E580BD714CF59DC6BC5AC68D05D4-->  <AD_REFERENCE_ID><![CDATA[28]]></AD_REFERENCE_ID>
<!--57C8E580BD714CF59DC6BC5AC68D05D4-->  <FIELDLENGTH><![CDATA[1]]></FIELDLENGTH>
<!--57C8E580BD714CF59DC6BC5AC68D05D4-->  <ISKEY><![CDATA[N]]></ISKEY>
<!--57C8E580BD714CF59DC6BC5AC68D05D4-->  <ISPARENT><![CDATA[N]]></ISPARENT>
<!--57C8E580BD714CF59DC6BC5AC68D05D4-->  <ISMANDATORY><![CDATA[N]]></ISMANDATORY>
<!--57C8E580BD714CF59DC6BC5AC68D05D4-->  <ISUPDATEABLE><![CDATA[Y]]></ISUPDATEABLE>
<!--57C8E580BD714CF59DC6BC5AC68D05D4-->  <ISIDENTIFIER><![CDATA[N]]></ISIDENTIFIER>
<!--57C8E580BD714CF59DC6BC5AC68D05D4-->  <SEQNO><![CDATA[610]]></SEQNO>
<!--57C8E580BD714CF59DC6BC5AC68D05D4-->  <ISTRANSLATED><![CDATA[N]]></ISTRANSLATED>
<!--57C8E580BD714CF59DC6BC5AC68D05D4-->  <ISENCRYPTED><![CDATA[N]]></ISENCRYPTED>
<!--57C8E580BD714CF59DC6BC5AC68D05D4-->  <ISSELECTIONCOLUMN><![CDATA[N]]></ISSELECTIONCOLUMN>
<!--57C8E580BD714CF59DC6BC5AC68D05D4-->  <AD_ELEMENT_ID><![CDATA[2CF7DFF20305492193C3AF6D5D3BC1C5]]></AD_ELEMENT_ID>
<!--57C8E580BD714CF59DC6BC5AC68D05D4-->  <ISSESSIONATTR><![CDATA[N]]></ISSESSIONATTR>
<!--57C8E580BD714CF59DC6BC5AC68D05D4-->  <ISSECONDARYKEY><![CDATA[N]]></ISSECONDARYKEY>
<!--57C8E580BD714CF59DC6BC5AC68D05D4-->  <ISDESENCRYPTABLE><![CDATA[N]]></ISDESENCRYPTABLE>
<!--57C8E580BD714CF59DC6BC5AC68D05D4-->  <DEVELOPMENTSTATUS><![CDATA[RE]]></DEVELOPMENTSTATUS>
<!--57C8E580BD714CF59DC6BC5AC68D05D4-->  <AD_MODULE_ID><![CDATA[7883BFF602B4449087A3A65A0DC72E5C]]></AD_MODULE_ID>
<!--57C8E580BD714CF59DC6BC5AC68D05D4-->  <POSITION><![CDATA[77]]></POSITION>
<!--57C8E580BD714CF59DC6BC5AC68D05D4-->  <ISTRANSIENT><![CDATA[N]]></ISTRANSIENT>
<!--57C8E580BD714CF59DC6BC5AC68D05D4-->  <ISAUTOSAVE><![CDATA[Y]]></ISAUTOSAVE>
<!--57C8E580BD714CF59DC6BC5AC68D05D4-->  <VALIDATEONNEW><![CDATA[Y]]></VALIDATEONNEW>
<!--57C8E580BD714CF59DC6BC5AC68D05D4-->  <IMAGESIZEVALUESACTION><![CDATA[N]]></IMAGESIZEVALUESACTION>
<!--57C8E580BD714CF59DC6BC5AC68D05D4-->  <ISUSEDSEQUENCE><![CDATA[N]]></ISUSEDSEQUENCE>
<!--57C8E580BD714CF59DC6BC5AC68D05D4-->  <ALLOWSORTING><![CDATA[Y]]></ALLOWSORTING>
<!--57C8E580BD714CF59DC6BC5AC68D05D4-->  <ALLOWFILTERING><![CDATA[Y]]></ALLOWFILTERING>
<!--57C8E580BD714CF59DC6BC5AC68D05D4-->  <ALLOWED_CROSS_ORG_LINK><![CDATA[N]]></ALLOWED_CROSS_ORG_LINK>
<!--57C8E580BD714CF59DC6BC5AC68D05D4-->  <IS_CHILD_PROPERTY_IN_PARENT><![CDATA[Y]]></IS_CHILD_PROPERTY_IN_PARENT>
<!--57C8E580BD714CF59DC6BC5AC68D05D4-->  <EM_OBUIAPP_PROCESS_ID><![CDATA[0E5A0C665ECF497A983E78A281A4F152]]></EM_OBUIAPP_PROCESS_ID>
<!--57C8E580BD714CF59DC6BC5AC68D05D4--></AD_COLUMN>

<!--5A71F47F952D4916B9487D51074DDF8D--><AD_COLUMN>
<!--5A71F47F952D4916B9487D51074DDF8D-->  <AD_COLUMN_ID><![CDATA[5A71F47F952D4916B9487D51074DDF8D]]></AD_COLUMN_ID>
<!--5A71F47F952D4916B9487D51074DDF8D-->  <AD_CLIENT_ID><![CDATA[0]]></AD_CLIENT_ID>
<!--5A71F47F952D4916B9487D51074DDF8D-->  <AD_ORG_ID><![CDATA[0]]></AD_ORG_ID>
<!--5A71F47F952D4916B9487D51074DDF8D-->  <ISACTIVE><![CDATA[Y]]></ISACTIVE>
<!--5A71F47F952D4916B9487D51074DDF8D-->  <NAME><![CDATA[EM_Obexapp_Callout]]></NAME>
<!--5A71F47F952D4916B9487D51074DDF8D-->  <COLUMNNAME><![CDATA[EM_Obexapp_Callout]]></COLUMNNAME>
<!--5A71F47F952D4916B9487D51074DDF8D-->  <AD_TABLE_ID><![CDATA[539]]></AD_TABLE_ID>
<!--5A71F47F952D4916B9487D51074DDF8D-->  <AD_REFERENCE_ID><![CDATA[10]]></AD_REFERENCE_ID>
<!--5A71F47F952D4916B9487D51074DDF8D-->  <FIELDLENGTH><![CDATA[60]]></FIELDLENGTH>
<!--5A71F47F952D4916B9487D51074DDF8D-->  <ISKEY><![CDATA[N]]></ISKEY>
<!--5A71F47F952D4916B9487D51074DDF8D-->  <ISPARENT><![CDATA[N]]></ISPARENT>
<!--5A71F47F952D4916B9487D51074DDF8D-->  <ISMANDATORY><![CDATA[N]]></ISMANDATORY>
<!--5A71F47F952D4916B9487D51074DDF8D-->  <ISUPDATEABLE><![CDATA[Y]]></ISUPDATEABLE>
<!--5A71F47F952D4916B9487D51074DDF8D-->  <ISIDENTIFIER><![CDATA[N]]></ISIDENTIFIER>
<!--5A71F47F952D4916B9487D51074DDF8D-->  <SEQNO><![CDATA[420]]></SEQNO>
<!--5A71F47F952D4916B9487D51074DDF8D-->  <ISTRANSLATED><![CDATA[N]]></ISTRANSLATED>
<!--5A71F47F952D4916B9487D51074DDF8D-->  <ISENCRYPTED><![CDATA[N]]></ISENCRYPTED>
<!--5A71F47F952D4916B9487D51074DDF8D-->  <ISSELECTIONCOLUMN><![CDATA[N]]></ISSELECTIONCOLUMN>
<!--5A71F47F952D4916B9487D51074DDF8D-->  <AD_ELEMENT_ID><![CDATA[579DCCACA5864CE2B57294FADA667D05]]></AD_ELEMENT_ID>
<!--5A71F47F952D4916B9487D51074DDF8D-->  <ISSESSIONATTR><![CDATA[N]]></ISSESSIONATTR>
<!--5A71F47F952D4916B9487D51074DDF8D-->  <ISSECONDARYKEY><![CDATA[N]]></ISSECONDARYKEY>
<!--5A71F47F952D4916B9487D51074DDF8D-->  <ISDESENCRYPTABLE><![CDATA[N]]></ISDESENCRYPTABLE>
<!--5A71F47F952D4916B9487D51074DDF8D-->  <AD_CALLOUT_ID><![CDATA[EF2F199B8E4B4D02992BEE5941195450]]></AD_CALLOUT_ID>
<!--5A71F47F952D4916B9487D51074DDF8D-->  <DEVELOPMENTSTATUS><![CDATA[RE]]></DEVELOPMENTSTATUS>
<!--5A71F47F952D4916B9487D51074DDF8D-->  <AD_MODULE_ID><![CDATA[7883BFF602B4449087A3A65A0DC72E5C]]></AD_MODULE_ID>
<!--5A71F47F952D4916B9487D51074DDF8D-->  <POSITION><![CDATA[64]]></POSITION>
<!--5A71F47F952D4916B9487D51074DDF8D-->  <ISTRANSIENT><![CDATA[N]]></ISTRANSIENT>
<!--5A71F47F952D4916B9487D51074DDF8D-->  <ISAUTOSAVE><![CDATA[Y]]></ISAUTOSAVE>
<!--5A71F47F952D4916B9487D51074DDF8D-->  <VALIDATEONNEW><![CDATA[Y]]></VALIDATEONNEW>
<!--5A71F47F952D4916B9487D51074DDF8D-->  <IMAGESIZEVALUESACTION><![CDATA[N]]></IMAGESIZEVALUESACTION>
<!--5A71F47F952D4916B9487D51074DDF8D-->  <ISUSEDSEQUENCE><![CDATA[N]]></ISUSEDSEQUENCE>
<!--5A71F47F952D4916B9487D51074DDF8D-->  <ALLOWSORTING><![CDATA[Y]]></ALLOWSORTING>
<!--5A71F47F952D4916B9487D51074DDF8D-->  <ALLOWFILTERING><![CDATA[Y]]></ALLOWFILTERING>
<!--5A71F47F952D4916B9487D51074DDF8D-->  <ALLOWED_CROSS_ORG_LINK><![CDATA[N]]></ALLOWED_CROSS_ORG_LINK>
<!--5A71F47F952D4916B9487D51074DDF8D-->  <IS_CHILD_PROPERTY_IN_PARENT><![CDATA[Y]]></IS_CHILD_PROPERTY_IN_PARENT>
<!--5A71F47F952D4916B9487D51074DDF8D--></AD_COLUMN>

<!--685449D567934ABB9E7136E3736EF658--><AD_COLUMN>
<!--685449D567934ABB9E7136E3736EF658-->  <AD_COLUMN_ID><![CDATA[685449D567934ABB9E7136E3736EF658]]></AD_COLUMN_ID>
<!--685449D567934ABB9E7136E3736EF658-->  <AD_CLIENT_ID><![CDATA[0]]></AD_CLIENT_ID>
<!--685449D567934ABB9E7136E3736EF658-->  <AD_ORG_ID><![CDATA[0]]></AD_ORG_ID>
<!--685449D567934ABB9E7136E3736EF658-->  <ISACTIVE><![CDATA[Y]]></ISACTIVE>
<!--685449D567934ABB9E7136E3736EF658-->  <NAME><![CDATA[Obexapp_Note_ID]]></NAME>
<!--685449D567934ABB9E7136E3736EF658-->  <COLUMNNAME><![CDATA[Obexapp_Note_ID]]></COLUMNNAME>
<!--685449D567934ABB9E7136E3736EF658-->  <AD_TABLE_ID><![CDATA[FF8081813290114F013290159F07000E]]></AD_TABLE_ID>
<!--685449D567934ABB9E7136E3736EF658-->  <AD_REFERENCE_ID><![CDATA[13]]></AD_REFERENCE_ID>
<!--685449D567934ABB9E7136E3736EF658-->  <FIELDLENGTH><![CDATA[32]]></FIELDLENGTH>
<!--685449D567934ABB9E7136E3736EF658-->  <ISKEY><![CDATA[Y]]></ISKEY>
<!--685449D567934ABB9E7136E3736EF658-->  <ISPARENT><![CDATA[N]]></ISPARENT>
<!--685449D567934ABB9E7136E3736EF658-->  <ISMANDATORY><![CDATA[Y]]></ISMANDATORY>
<!--685449D567934ABB9E7136E3736EF658-->  <ISUPDATEABLE><![CDATA[N]]></ISUPDATEABLE>
<!--685449D567934ABB9E7136E3736EF658-->  <ISIDENTIFIER><![CDATA[N]]></ISIDENTIFIER>
<!--685449D567934ABB9E7136E3736EF658-->  <SEQNO><![CDATA[10]]></SEQNO>
<!--685449D567934ABB9E7136E3736EF658-->  <ISTRANSLATED><![CDATA[N]]></ISTRANSLATED>
<!--685449D567934ABB9E7136E3736EF658-->  <ISENCRYPTED><![CDATA[N]]></ISENCRYPTED>
<!--685449D567934ABB9E7136E3736EF658-->  <ISSELECTIONCOLUMN><![CDATA[N]]></ISSELECTIONCOLUMN>
<!--685449D567934ABB9E7136E3736EF658-->  <AD_ELEMENT_ID><![CDATA[ADDA67BE42A64A4D81979C75E0B6A9DC]]></AD_ELEMENT_ID>
<!--685449D567934ABB9E7136E3736EF658-->  <ISSESSIONATTR><![CDATA[N]]></ISSESSIONATTR>
<!--685449D567934ABB9E7136E3736EF658-->  <ISSECONDARYKEY><![CDATA[N]]></ISSECONDARYKEY>
<!--685449D567934ABB9E7136E3736EF658-->  <ISDESENCRYPTABLE><![CDATA[N]]></ISDESENCRYPTABLE>
<!--685449D567934ABB9E7136E3736EF658-->  <DEVELOPMENTSTATUS><![CDATA[RE]]></DEVELOPMENTSTATUS>
<!--685449D567934ABB9E7136E3736EF658-->  <AD_MODULE_ID><![CDATA[7883BFF602B4449087A3A65A0DC72E5C]]></AD_MODULE_ID>
<!--685449D567934ABB9E7136E3736EF658-->  <POSITION><![CDATA[1]]></POSITION>
<!--685449D567934ABB9E7136E3736EF658-->  <ISTRANSIENT><![CDATA[N]]></ISTRANSIENT>
<!--685449D567934ABB9E7136E3736EF658-->  <ISAUTOSAVE><![CDATA[Y]]></ISAUTOSAVE>
<!--685449D567934ABB9E7136E3736EF658-->  <VALIDATEONNEW><![CDATA[Y]]></VALIDATEONNEW>
<!--685449D567934ABB9E7136E3736EF658-->  <IMAGESIZEVALUESACTION><![CDATA[N]]></IMAGESIZEVALUESACTION>
<!--685449D567934ABB9E7136E3736EF658-->  <ISUSEDSEQUENCE><![CDATA[N]]></ISUSEDSEQUENCE>
<!--685449D567934ABB9E7136E3736EF658-->  <ALLOWSORTING><![CDATA[Y]]></ALLOWSORTING>
<!--685449D567934ABB9E7136E3736EF658-->  <ALLOWFILTERING><![CDATA[Y]]></ALLOWFILTERING>
<!--685449D567934ABB9E7136E3736EF658-->  <ALLOWED_CROSS_ORG_LINK><![CDATA[N]]></ALLOWED_CROSS_ORG_LINK>
<!--685449D567934ABB9E7136E3736EF658-->  <IS_CHILD_PROPERTY_IN_PARENT><![CDATA[Y]]></IS_CHILD_PROPERTY_IN_PARENT>
<!--685449D567934ABB9E7136E3736EF658--></AD_COLUMN>

<!--6FCF20281832412592009500A71EEA91--><AD_COLUMN>
<!--6FCF20281832412592009500A71EEA91-->  <AD_COLUMN_ID><![CDATA[6FCF20281832412592009500A71EEA91]]></AD_COLUMN_ID>
<!--6FCF20281832412592009500A71EEA91-->  <AD_CLIENT_ID><![CDATA[0]]></AD_CLIENT_ID>
<!--6FCF20281832412592009500A71EEA91-->  <AD_ORG_ID><![CDATA[0]]></AD_ORG_ID>
<!--6FCF20281832412592009500A71EEA91-->  <ISACTIVE><![CDATA[Y]]></ISACTIVE>
<!--6FCF20281832412592009500A71EEA91-->  <NAME><![CDATA[Active]]></NAME>
<!--6FCF20281832412592009500A71EEA91-->  <DESCRIPTION><![CDATA[A flag indicating whether this record is available for use or de-activated.]]></DESCRIPTION>
<!--6FCF20281832412592009500A71EEA91-->  <HELP><![CDATA[There are two methods of making records unavailable in the system: One is to delete the record, the other is to de-activate the record. A de-activated record is not available for selection, but available for reporting. There are two reasons for de-activating and not deleting records: 
(1) The system requires the record for auditing purposes.
(2) The record is referenced by other records. E.g., you cannot delete a Business Partner, if there are existing invoices for it. By de-activating the Business Partner you prevent it from being used in future transactions.]]></HELP>
<!--6FCF20281832412592009500A71EEA91-->  <COLUMNNAME><![CDATA[Isactive]]></COLUMNNAME>
<!--6FCF20281832412592009500A71EEA91-->  <AD_TABLE_ID><![CDATA[FF8081813290114F013290159F07000E]]></AD_TABLE_ID>
<!--6FCF20281832412592009500A71EEA91-->  <AD_REFERENCE_ID><![CDATA[20]]></AD_REFERENCE_ID>
<!--6FCF20281832412592009500A71EEA91-->  <FIELDLENGTH><![CDATA[1]]></FIELDLENGTH>
<!--6FCF20281832412592009500A71EEA91-->  <DEFAULTVALUE><![CDATA[Y]]></DEFAULTVALUE>
<!--6FCF20281832412592009500A71EEA91-->  <ISKEY><![CDATA[N]]></ISKEY>
<!--6FCF20281832412592009500A71EEA91-->  <ISPARENT><![CDATA[N]]></ISPARENT>
<!--6FCF20281832412592009500A71EEA91-->  <ISMANDATORY><![CDATA[Y]]></ISMANDATORY>
<!--6FCF20281832412592009500A71EEA91-->  <ISUPDATEABLE><![CDATA[Y]]></ISUPDATEABLE>
<!--6FCF20281832412592009500A71EEA91-->  <ISIDENTIFIER><![CDATA[N]]></ISIDENTIFIER>
<!--6FCF20281832412592009500A71EEA91-->  <SEQNO><![CDATA[70]]></SEQNO>
<!--6FCF20281832412592009500A71EEA91-->  <ISTRANSLATED><![CDATA[N]]></ISTRANSLATED>
<!--6FCF20281832412592009500A71EEA91-->  <ISENCRYPTED><![CDATA[N]]></ISENCRYPTED>
<!--6FCF20281832412592009500A71EEA91-->  <ISSELECTIONCOLUMN><![CDATA[N]]></ISSELECTIONCOLUMN>
<!--6FCF20281832412592009500A71EEA91-->  <AD_ELEMENT_ID><![CDATA[348]]></AD_ELEMENT_ID>
<!--6FCF20281832412592009500A71EEA91-->  <ISSESSIONATTR><![CDATA[N]]></ISSESSIONATTR>
<!--6FCF20281832412592009500A71EEA91-->  <ISSECONDARYKEY><![CDATA[N]]></ISSECONDARYKEY>
<!--6FCF20281832412592009500A71EEA91-->  <ISDESENCRYPTABLE><![CDATA[N]]></ISDESENCRYPTABLE>
<!--6FCF20281832412592009500A71EEA91-->  <DEVELOPMENTSTATUS><![CDATA[RE]]></DEVELOPMENTSTATUS>
<!--6FCF20281832412592009500A71EEA91-->  <AD_MODULE_ID><![CDATA[7883BFF602B4449087A3A65A0DC72E5C]]></AD_MODULE_ID>
<!--6FCF20281832412592009500A71EEA91-->  <POSITION><![CDATA[7]]></POSITION>
<!--6FCF20281832412592009500A71EEA91-->  <ISTRANSIENT><![CDATA[N]]></ISTRANSIENT>
<!--6FCF20281832412592009500A71EEA91-->  <ISAUTOSAVE><![CDATA[Y]]></ISAUTOSAVE>
<!--6FCF20281832412592009500A71EEA91-->  <VALIDATEONNEW><![CDATA[Y]]></VALIDATEONNEW>
<!--6FCF20281832412592009500A71EEA91-->  <IMAGESIZEVALUESACTION><![CDATA[N]]></IMAGESIZEVALUESACTION>
<!--6FCF20281832412592009500A71EEA91-->  <ISUSEDSEQUENCE><![CDATA[N]]></ISUSEDSEQUENCE>
<!--6FCF20281832412592009500A71EEA91-->  <ALLOWSORTING><![CDATA[Y]]></ALLOWSORTING>
<!--6FCF20281832412592009500A71EEA91-->  <ALLOWFILTERING><![CDATA[Y]]></ALLOWFILTERING>
<!--6FCF20281832412592009500A71EEA91-->  <ALLOWED_CROSS_ORG_LINK><![CDATA[N]]></ALLOWED_CROSS_ORG_LINK>
<!--6FCF20281832412592009500A71EEA91-->  <IS_CHILD_PROPERTY_IN_PARENT><![CDATA[Y]]></IS_CHILD_PROPERTY_IN_PARENT>
<!--6FCF20281832412592009500A71EEA91--></AD_COLUMN>

<!--7CD6C46840004645A1ED098E516E0D9B--><AD_COLUMN>
<!--7CD6C46840004645A1ED098E516E0D9B-->  <AD_COLUMN_ID><![CDATA[7CD6C46840004645A1ED098E516E0D9B]]></AD_COLUMN_ID>
<!--7CD6C46840004645A1ED098E516E0D9B-->  <AD_CLIENT_ID><![CDATA[0]]></AD_CLIENT_ID>
<!--7CD6C46840004645A1ED098E516E0D9B-->  <AD_ORG_ID><![CDATA[0]]></AD_ORG_ID>
<!--7CD6C46840004645A1ED098E516E0D9B-->  <ISACTIVE><![CDATA[Y]]></ISACTIVE>
<!--7CD6C46840004645A1ED098E516E0D9B-->  <NAME><![CDATA[EM_OBEXAPP_MaskExample]]></NAME>
<!--7CD6C46840004645A1ED098E516E0D9B-->  <COLUMNNAME><![CDATA[EM_OBEXAPP_MaskExample]]></COLUMNNAME>
<!--7CD6C46840004645A1ED098E516E0D9B-->  <AD_TABLE_ID><![CDATA[259]]></AD_TABLE_ID>
<!--7CD6C46840004645A1ED098E516E0D9B-->  <AD_REFERENCE_ID><![CDATA[52529102938F41D5B84D3DE1F8892249]]></AD_REFERENCE_ID>
<!--7CD6C46840004645A1ED098E516E0D9B-->  <AD_REFERENCE_VALUE_ID><![CDATA[EDBE45F5796846B5B8467D2500714345]]></AD_REFERENCE_VALUE_ID>
<!--7CD6C46840004645A1ED098E516E0D9B-->  <FIELDLENGTH><![CDATA[255]]></FIELDLENGTH>
<!--7CD6C46840004645A1ED098E516E0D9B-->  <ISKEY><![CDATA[N]]></ISKEY>
<!--7CD6C46840004645A1ED098E516E0D9B-->  <ISPARENT><![CDATA[N]]></ISPARENT>
<!--7CD6C46840004645A1ED098E516E0D9B-->  <ISMANDATORY><![CDATA[N]]></ISMANDATORY>
<!--7CD6C46840004645A1ED098E516E0D9B-->  <ISUPDATEABLE><![CDATA[Y]]></ISUPDATEABLE>
<!--7CD6C46840004645A1ED098E516E0D9B-->  <READONLYLOGIC><![CDATA[@Processed@='Y']]></READONLYLOGIC>
<!--7CD6C46840004645A1ED098E516E0D9B-->  <ISIDENTIFIER><![CDATA[N]]></ISIDENTIFIER>
<!--7CD6C46840004645A1ED098E516E0D9B-->  <SEQNO><![CDATA[650]]></SEQNO>
<!--7CD6C46840004645A1ED098E516E0D9B-->  <ISTRANSLATED><![CDATA[N]]></ISTRANSLATED>
<!--7CD6C46840004645A1ED098E516E0D9B-->  <ISENCRYPTED><![CDATA[N]]></ISENCRYPTED>
<!--7CD6C46840004645A1ED098E516E0D9B-->  <ISSELECTIONCOLUMN><![CDATA[N]]></ISSELECTIONCOLUMN>
<!--7CD6C46840004645A1ED098E516E0D9B-->  <ISSESSIONATTR><![CDATA[N]]></ISSESSIONATTR>
<!--7CD6C46840004645A1ED098E516E0D9B-->  <ISSECONDARYKEY><![CDATA[N]]></ISSECONDARYKEY>
<!--7CD6C46840004645A1ED098E516E0D9B-->  <ISDESENCRYPTABLE><![CDATA[N]]></ISDESENCRYPTABLE>
<!--7CD6C46840004645A1ED098E516E0D9B-->  <DEVELOPMENTSTATUS><![CDATA[RE]]></DEVELOPMENTSTATUS>
<!--7CD6C46840004645A1ED098E516E0D9B-->  <AD_MODULE_ID><![CDATA[7883BFF602B4449087A3A65A0DC72E5C]]></AD_MODULE_ID>
<!--7CD6C46840004645A1ED098E516E0D9B-->  <ISTRANSIENT><![CDATA[N]]></ISTRANSIENT>
<!--7CD6C46840004645A1ED098E516E0D9B-->  <ISAUTOSAVE><![CDATA[Y]]></ISAUTOSAVE>
<!--7CD6C46840004645A1ED098E516E0D9B-->  <VALIDATEONNEW><![CDATA[Y]]></VALIDATEONNEW>
<!--7CD6C46840004645A1ED098E516E0D9B-->  <IMAGESIZEVALUESACTION><![CDATA[N]]></IMAGESIZEVALUESACTION>
<!--7CD6C46840004645A1ED098E516E0D9B-->  <ISUSEDSEQUENCE><![CDATA[N]]></ISUSEDSEQUENCE>
<!--7CD6C46840004645A1ED098E516E0D9B-->  <ALLOWSORTING><![CDATA[Y]]></ALLOWSORTING>
<!--7CD6C46840004645A1ED098E516E0D9B-->  <ALLOWFILTERING><![CDATA[Y]]></ALLOWFILTERING>
<!--7CD6C46840004645A1ED098E516E0D9B-->  <ALLOWED_CROSS_ORG_LINK><![CDATA[N]]></ALLOWED_CROSS_ORG_LINK>
<!--7CD6C46840004645A1ED098E516E0D9B-->  <IS_CHILD_PROPERTY_IN_PARENT><![CDATA[Y]]></IS_CHILD_PROPERTY_IN_PARENT>
<!--7CD6C46840004645A1ED098E516E0D9B--></AD_COLUMN>

<!--8032513767044B79BDA1F2A27FDED29B--><AD_COLUMN>
<!--8032513767044B79BDA1F2A27FDED29B-->  <AD_COLUMN_ID><![CDATA[8032513767044B79BDA1F2A27FDED29B]]></AD_COLUMN_ID>
<!--8032513767044B79BDA1F2A27FDED29B-->  <AD_CLIENT_ID><![CDATA[0]]></AD_CLIENT_ID>
<!--8032513767044B79BDA1F2A27FDED29B-->  <AD_ORG_ID><![CDATA[0]]></AD_ORG_ID>
<!--8032513767044B79BDA1F2A27FDED29B-->  <ISACTIVE><![CDATA[Y]]></ISACTIVE>
<!--8032513767044B79BDA1F2A27FDED29B-->  <NAME><![CDATA[Description]]></NAME>
<!--8032513767044B79BDA1F2A27FDED29B-->  <DESCRIPTION><![CDATA[A space to write additional related information.]]></DESCRIPTION>
<!--8032513767044B79BDA1F2A27FDED29B-->  <HELP><![CDATA[A description is limited to 255 characters.]]></HELP>
<!--8032513767044B79BDA1F2A27FDED29B-->  <COLUMNNAME><![CDATA[Description]]></COLUMNNAME>
<!--8032513767044B79BDA1F2A27FDED29B-->  <AD_TABLE_ID><![CDATA[FF8081813290114F013290159F07000E]]></AD_TABLE_ID>
<!--8032513767044B79BDA1F2A27FDED29B-->  <AD_REFERENCE_ID><![CDATA[10]]></AD_REFERENCE_ID>
<!--8032513767044B79BDA1F2A27FDED29B-->  <FIELDLENGTH><![CDATA[60]]></FIELDLENGTH>
<!--8032513767044B79BDA1F2A27FDED29B-->  <ISKEY><![CDATA[N]]></ISKEY>
<!--8032513767044B79BDA1F2A27FDED29B-->  <ISPARENT><![CDATA[N]]></ISPARENT>
<!--8032513767044B79BDA1F2A27FDED29B-->  <ISMANDATORY><![CDATA[N]]></ISMANDATORY>
<!--8032513767044B79BDA1F2A27FDED29B-->  <ISUPDATEABLE><![CDATA[Y]]></ISUPDATEABLE>
<!--8032513767044B79BDA1F2A27FDED29B-->  <ISIDENTIFIER><![CDATA[N]]></ISIDENTIFIER>
<!--8032513767044B79BDA1F2A27FDED29B-->  <SEQNO><![CDATA[50]]></SEQNO>
<!--8032513767044B79BDA1F2A27FDED29B-->  <ISTRANSLATED><![CDATA[N]]></ISTRANSLATED>
<!--8032513767044B79BDA1F2A27FDED29B-->  <ISENCRYPTED><![CDATA[N]]></ISENCRYPTED>
<!--8032513767044B79BDA1F2A27FDED29B-->  <ISSELECTIONCOLUMN><![CDATA[N]]></ISSELECTIONCOLUMN>
<!--8032513767044B79BDA1F2A27FDED29B-->  <AD_ELEMENT_ID><![CDATA[275]]></AD_ELEMENT_ID>
<!--8032513767044B79BDA1F2A27FDED29B-->  <ISSESSIONATTR><![CDATA[N]]></ISSESSIONATTR>
<!--8032513767044B79BDA1F2A27FDED29B-->  <ISSECONDARYKEY><![CDATA[N]]></ISSECONDARYKEY>
<!--8032513767044B79BDA1F2A27FDED29B-->  <ISDESENCRYPTABLE><![CDATA[N]]></ISDESENCRYPTABLE>
<!--8032513767044B79BDA1F2A27FDED29B-->  <DEVELOPMENTSTATUS><![CDATA[RE]]></DEVELOPMENTSTATUS>
<!--8032513767044B79BDA1F2A27FDED29B-->  <AD_MODULE_ID><![CDATA[7883BFF602B4449087A3A65A0DC72E5C]]></AD_MODULE_ID>
<!--8032513767044B79BDA1F2A27FDED29B-->  <POSITION><![CDATA[5]]></POSITION>
<!--8032513767044B79BDA1F2A27FDED29B-->  <ISTRANSIENT><![CDATA[N]]></ISTRANSIENT>
<!--8032513767044B79BDA1F2A27FDED29B-->  <ISAUTOSAVE><![CDATA[Y]]></ISAUTOSAVE>
<!--8032513767044B79BDA1F2A27FDED29B-->  <VALIDATEONNEW><![CDATA[Y]]></VALIDATEONNEW>
<!--8032513767044B79BDA1F2A27FDED29B-->  <IMAGESIZEVALUESACTION><![CDATA[N]]></IMAGESIZEVALUESACTION>
<!--8032513767044B79BDA1F2A27FDED29B-->  <ISUSEDSEQUENCE><![CDATA[N]]></ISUSEDSEQUENCE>
<!--8032513767044B79BDA1F2A27FDED29B-->  <ALLOWSORTING><![CDATA[Y]]></ALLOWSORTING>
<!--8032513767044B79BDA1F2A27FDED29B-->  <ALLOWFILTERING><![CDATA[Y]]></ALLOWFILTERING>
<!--8032513767044B79BDA1F2A27FDED29B-->  <ALLOWED_CROSS_ORG_LINK><![CDATA[N]]></ALLOWED_CROSS_ORG_LINK>
<!--8032513767044B79BDA1F2A27FDED29B-->  <IS_CHILD_PROPERTY_IN_PARENT><![CDATA[Y]]></IS_CHILD_PROPERTY_IN_PARENT>
<!--8032513767044B79BDA1F2A27FDED29B--></AD_COLUMN>

<!--8D0EE3B14FD645C0A067D273BC8BE90E--><AD_COLUMN>
<!--8D0EE3B14FD645C0A067D273BC8BE90E-->  <AD_COLUMN_ID><![CDATA[8D0EE3B14FD645C0A067D273BC8BE90E]]></AD_COLUMN_ID>
<!--8D0EE3B14FD645C0A067D273BC8BE90E-->  <AD_CLIENT_ID><![CDATA[0]]></AD_CLIENT_ID>
<!--8D0EE3B14FD645C0A067D273BC8BE90E-->  <AD_ORG_ID><![CDATA[0]]></AD_ORG_ID>
<!--8D0EE3B14FD645C0A067D273BC8BE90E-->  <ISACTIVE><![CDATA[Y]]></ISACTIVE>
<!--8D0EE3B14FD645C0A067D273BC8BE90E-->  <NAME><![CDATA[Client]]></NAME>
<!--8D0EE3B14FD645C0A067D273BC8BE90E-->  <DESCRIPTION><![CDATA[Client for this installation.]]></DESCRIPTION>
<!--8D0EE3B14FD645C0A067D273BC8BE90E-->  <HELP><![CDATA[A Client is a company or a legal entity. You cannot share data between Clients.]]></HELP>
<!--8D0EE3B14FD645C0A067D273BC8BE90E-->  <COLUMNNAME><![CDATA[AD_Client_ID]]></COLUMNNAME>
<!--8D0EE3B14FD645C0A067D273BC8BE90E-->  <AD_TABLE_ID><![CDATA[FF8081813290114F013290159F07000E]]></AD_TABLE_ID>
<!--8D0EE3B14FD645C0A067D273BC8BE90E-->  <AD_REFERENCE_ID><![CDATA[19]]></AD_REFERENCE_ID>
<!--8D0EE3B14FD645C0A067D273BC8BE90E-->  <FIELDLENGTH><![CDATA[32]]></FIELDLENGTH>
<!--8D0EE3B14FD645C0A067D273BC8BE90E-->  <DEFAULTVALUE><![CDATA[@AD_CLIENT_ID@]]></DEFAULTVALUE>
<!--8D0EE3B14FD645C0A067D273BC8BE90E-->  <ISKEY><![CDATA[N]]></ISKEY>
<!--8D0EE3B14FD645C0A067D273BC8BE90E-->  <ISPARENT><![CDATA[N]]></ISPARENT>
<!--8D0EE3B14FD645C0A067D273BC8BE90E-->  <ISMANDATORY><![CDATA[Y]]></ISMANDATORY>
<!--8D0EE3B14FD645C0A067D273BC8BE90E-->  <ISUPDATEABLE><![CDATA[N]]></ISUPDATEABLE>
<!--8D0EE3B14FD645C0A067D273BC8BE90E-->  <ISIDENTIFIER><![CDATA[N]]></ISIDENTIFIER>
<!--8D0EE3B14FD645C0A067D273BC8BE90E-->  <SEQNO><![CDATA[20]]></SEQNO>
<!--8D0EE3B14FD645C0A067D273BC8BE90E-->  <ISTRANSLATED><![CDATA[N]]></ISTRANSLATED>
<!--8D0EE3B14FD645C0A067D273BC8BE90E-->  <ISENCRYPTED><![CDATA[N]]></ISENCRYPTED>
<!--8D0EE3B14FD645C0A067D273BC8BE90E-->  <ISSELECTIONCOLUMN><![CDATA[N]]></ISSELECTIONCOLUMN>
<!--8D0EE3B14FD645C0A067D273BC8BE90E-->  <AD_ELEMENT_ID><![CDATA[102]]></AD_ELEMENT_ID>
<!--8D0EE3B14FD645C0A067D273BC8BE90E-->  <ISSESSIONATTR><![CDATA[Y]]></ISSESSIONATTR>
<!--8D0EE3B14FD645C0A067D273BC8BE90E-->  <ISSECONDARYKEY><![CDATA[N]]></ISSECONDARYKEY>
<!--8D0EE3B14FD645C0A067D273BC8BE90E-->  <ISDESENCRYPTABLE><![CDATA[N]]></ISDESENCRYPTABLE>
<!--8D0EE3B14FD645C0A067D273BC8BE90E-->  <DEVELOPMENTSTATUS><![CDATA[RE]]></DEVELOPMENTSTATUS>
<!--8D0EE3B14FD645C0A067D273BC8BE90E-->  <AD_MODULE_ID><![CDATA[7883BFF602B4449087A3A65A0DC72E5C]]></AD_MODULE_ID>
<!--8D0EE3B14FD645C0A067D273BC8BE90E-->  <POSITION><![CDATA[2]]></POSITION>
<!--8D0EE3B14FD645C0A067D273BC8BE90E-->  <ISTRANSIENT><![CDATA[N]]></ISTRANSIENT>
<!--8D0EE3B14FD645C0A067D273BC8BE90E-->  <ISAUTOSAVE><![CDATA[Y]]></ISAUTOSAVE>
<!--8D0EE3B14FD645C0A067D273BC8BE90E-->  <VALIDATEONNEW><![CDATA[Y]]></VALIDATEONNEW>
<!--8D0EE3B14FD645C0A067D273BC8BE90E-->  <IMAGESIZEVALUESACTION><![CDATA[N]]></IMAGESIZEVALUESACTION>
<!--8D0EE3B14FD645C0A067D273BC8BE90E-->  <ISUSEDSEQUENCE><![CDATA[N]]></ISUSEDSEQUENCE>
<!--8D0EE3B14FD645C0A067D273BC8BE90E-->  <ALLOWSORTING><![CDATA[Y]]></ALLOWSORTING>
<!--8D0EE3B14FD645C0A067D273BC8BE90E-->  <ALLOWFILTERING><![CDATA[Y]]></ALLOWFILTERING>
<!--8D0EE3B14FD645C0A067D273BC8BE90E-->  <ALLOWED_CROSS_ORG_LINK><![CDATA[N]]></ALLOWED_CROSS_ORG_LINK>
<!--8D0EE3B14FD645C0A067D273BC8BE90E-->  <IS_CHILD_PROPERTY_IN_PARENT><![CDATA[Y]]></IS_CHILD_PROPERTY_IN_PARENT>
<!--8D0EE3B14FD645C0A067D273BC8BE90E--></AD_COLUMN>

<!--9661842F36134273B3B2004FED10D092--><AD_COLUMN>
<!--9661842F36134273B3B2004FED10D092-->  <AD_COLUMN_ID><![CDATA[9661842F36134273B3B2004FED10D092]]></AD_COLUMN_ID>
<!--9661842F36134273B3B2004FED10D092-->  <AD_CLIENT_ID><![CDATA[0]]></AD_CLIENT_ID>
<!--9661842F36134273B3B2004FED10D092-->  <AD_ORG_ID><![CDATA[0]]></AD_ORG_ID>
<!--9661842F36134273B3B2004FED10D092-->  <ISACTIVE><![CDATA[Y]]></ISACTIVE>
<!--9661842F36134273B3B2004FED10D092-->  <NAME><![CDATA[EM_OBEXAPP_Pick1]]></NAME>
<!--9661842F36134273B3B2004FED10D092-->  <COLUMNNAME><![CDATA[EM_OBEXAPP_Pick1]]></COLUMNNAME>
<!--9661842F36134273B3B2004FED10D092-->  <AD_TABLE_ID><![CDATA[259]]></AD_TABLE_ID>
<!--9661842F36134273B3B2004FED10D092-->  <AD_REFERENCE_ID><![CDATA[28]]></AD_REFERENCE_ID>
<!--9661842F36134273B3B2004FED10D092-->  <FIELDLENGTH><![CDATA[1]]></FIELDLENGTH>
<!--9661842F36134273B3B2004FED10D092-->  <DEFAULTVALUE><![CDATA[N]]></DEFAULTVALUE>
<!--9661842F36134273B3B2004FED10D092-->  <ISKEY><![CDATA[N]]></ISKEY>
<!--9661842F36134273B3B2004FED10D092-->  <ISPARENT><![CDATA[N]]></ISPARENT>
<!--9661842F36134273B3B2004FED10D092-->  <ISMANDATORY><![CDATA[N]]></ISMANDATORY>
<!--9661842F36134273B3B2004FED10D092-->  <ISUPDATEABLE><![CDATA[Y]]></ISUPDATEABLE>
<!--9661842F36134273B3B2004FED10D092-->  <ISIDENTIFIER><![CDATA[N]]></ISIDENTIFIER>
<!--9661842F36134273B3B2004FED10D092-->  <SEQNO><![CDATA[530]]></SEQNO>
<!--9661842F36134273B3B2004FED10D092-->  <ISTRANSLATED><![CDATA[N]]></ISTRANSLATED>
<!--9661842F36134273B3B2004FED10D092-->  <ISENCRYPTED><![CDATA[N]]></ISENCRYPTED>
<!--9661842F36134273B3B2004FED10D092-->  <ISSELECTIONCOLUMN><![CDATA[N]]></ISSELECTIONCOLUMN>
<!--9661842F36134273B3B2004FED10D092-->  <AD_ELEMENT_ID><![CDATA[4652BE5F2E9346F5BD568C416F019617]]></AD_ELEMENT_ID>
<!--9661842F36134273B3B2004FED10D092-->  <ISSESSIONATTR><![CDATA[N]]></ISSESSIONATTR>
<!--9661842F36134273B3B2004FED10D092-->  <ISSECONDARYKEY><![CDATA[N]]></ISSECONDARYKEY>
<!--9661842F36134273B3B2004FED10D092-->  <ISDESENCRYPTABLE><![CDATA[N]]></ISDESENCRYPTABLE>
<!--9661842F36134273B3B2004FED10D092-->  <DEVELOPMENTSTATUS><![CDATA[RE]]></DEVELOPMENTSTATUS>
<!--9661842F36134273B3B2004FED10D092-->  <AD_MODULE_ID><![CDATA[7883BFF602B4449087A3A65A0DC72E5C]]></AD_MODULE_ID>
<!--9661842F36134273B3B2004FED10D092-->  <POSITION><![CDATA[74]]></POSITION>
<!--9661842F36134273B3B2004FED10D092-->  <ISTRANSIENT><![CDATA[N]]></ISTRANSIENT>
<!--9661842F36134273B3B2004FED10D092-->  <ISAUTOSAVE><![CDATA[Y]]></ISAUTOSAVE>
<!--9661842F36134273B3B2004FED10D092-->  <VALIDATEONNEW><![CDATA[Y]]></VALIDATEONNEW>
<!--9661842F36134273B3B2004FED10D092-->  <IMAGESIZEVALUESACTION><![CDATA[N]]></IMAGESIZEVALUESACTION>
<!--9661842F36134273B3B2004FED10D092-->  <ISUSEDSEQUENCE><![CDATA[N]]></ISUSEDSEQUENCE>
<!--9661842F36134273B3B2004FED10D092-->  <ALLOWSORTING><![CDATA[Y]]></ALLOWSORTING>
<!--9661842F36134273B3B2004FED10D092-->  <ALLOWFILTERING><![CDATA[Y]]></ALLOWFILTERING>
<!--9661842F36134273B3B2004FED10D092-->  <ALLOWED_CROSS_ORG_LINK><![CDATA[N]]></ALLOWED_CROSS_ORG_LINK>
<!--9661842F36134273B3B2004FED10D092-->  <IS_CHILD_PROPERTY_IN_PARENT><![CDATA[Y]]></IS_CHILD_PROPERTY_IN_PARENT>
<!--9661842F36134273B3B2004FED10D092-->  <EM_OBUIAPP_PROCESS_ID><![CDATA[DA584304D0C844799646A06D247CE410]]></EM_OBUIAPP_PROCESS_ID>
<!--9661842F36134273B3B2004FED10D092--></AD_COLUMN>

<!--ACDF654FD3304B8AB09436F9156FE552--><AD_COLUMN>
<!--ACDF654FD3304B8AB09436F9156FE552-->  <AD_COLUMN_ID><![CDATA[ACDF654FD3304B8AB09436F9156FE552]]></AD_COLUMN_ID>
<!--ACDF654FD3304B8AB09436F9156FE552-->  <AD_CLIENT_ID><![CDATA[0]]></AD_CLIENT_ID>
<!--ACDF654FD3304B8AB09436F9156FE552-->  <AD_ORG_ID><![CDATA[0]]></AD_ORG_ID>
<!--ACDF654FD3304B8AB09436F9156FE552-->  <ISACTIVE><![CDATA[Y]]></ISACTIVE>
<!--ACDF654FD3304B8AB09436F9156FE552-->  <NAME><![CDATA[Organization]]></NAME>
<!--ACDF654FD3304B8AB09436F9156FE552-->  <DESCRIPTION><![CDATA[Organizational entity within client]]></DESCRIPTION>
<!--ACDF654FD3304B8AB09436F9156FE552-->  <HELP><![CDATA[An organization is a unit of your client or legal entity - examples are store, department. You can share data between organizations.]]></HELP>
<!--ACDF654FD3304B8AB09436F9156FE552-->  <COLUMNNAME><![CDATA[AD_Org_ID]]></COLUMNNAME>
<!--ACDF654FD3304B8AB09436F9156FE552-->  <AD_TABLE_ID><![CDATA[FF8081813290114F013290159F07000E]]></AD_TABLE_ID>
<!--ACDF654FD3304B8AB09436F9156FE552-->  <AD_REFERENCE_ID><![CDATA[19]]></AD_REFERENCE_ID>
<!--ACDF654FD3304B8AB09436F9156FE552-->  <FIELDLENGTH><![CDATA[32]]></FIELDLENGTH>
<!--ACDF654FD3304B8AB09436F9156FE552-->  <DEFAULTVALUE><![CDATA[@AD_ORG_ID@]]></DEFAULTVALUE>
<!--ACDF654FD3304B8AB09436F9156FE552-->  <ISKEY><![CDATA[N]]></ISKEY>
<!--ACDF654FD3304B8AB09436F9156FE552-->  <ISPARENT><![CDATA[N]]></ISPARENT>
<!--ACDF654FD3304B8AB09436F9156FE552-->  <ISMANDATORY><![CDATA[Y]]></ISMANDATORY>
<!--ACDF654FD3304B8AB09436F9156FE552-->  <ISUPDATEABLE><![CDATA[N]]></ISUPDATEABLE>
<!--ACDF654FD3304B8AB09436F9156FE552-->  <ISIDENTIFIER><![CDATA[N]]></ISIDENTIFIER>
<!--ACDF654FD3304B8AB09436F9156FE552-->  <SEQNO><![CDATA[30]]></SEQNO>
<!--ACDF654FD3304B8AB09436F9156FE552-->  <ISTRANSLATED><![CDATA[N]]></ISTRANSLATED>
<!--ACDF654FD3304B8AB09436F9156FE552-->  <ISENCRYPTED><![CDATA[N]]></ISENCRYPTED>
<!--ACDF654FD3304B8AB09436F9156FE552-->  <ISSELECTIONCOLUMN><![CDATA[N]]></ISSELECTIONCOLUMN>
<!--ACDF654FD3304B8AB09436F9156FE552-->  <AD_ELEMENT_ID><![CDATA[113]]></AD_ELEMENT_ID>
<!--ACDF654FD3304B8AB09436F9156FE552-->  <ISSESSIONATTR><![CDATA[Y]]></ISSESSIONATTR>
<!--ACDF654FD3304B8AB09436F9156FE552-->  <ISSECONDARYKEY><![CDATA[N]]></ISSECONDARYKEY>
<!--ACDF654FD3304B8AB09436F9156FE552-->  <ISDESENCRYPTABLE><![CDATA[N]]></ISDESENCRYPTABLE>
<!--ACDF654FD3304B8AB09436F9156FE552-->  <DEVELOPMENTSTATUS><![CDATA[RE]]></DEVELOPMENTSTATUS>
<!--ACDF654FD3304B8AB09436F9156FE552-->  <AD_MODULE_ID><![CDATA[7883BFF602B4449087A3A65A0DC72E5C]]></AD_MODULE_ID>
<!--ACDF654FD3304B8AB09436F9156FE552-->  <POSITION><![CDATA[3]]></POSITION>
<!--ACDF654FD3304B8AB09436F9156FE552-->  <ISTRANSIENT><![CDATA[N]]></ISTRANSIENT>
<!--ACDF654FD3304B8AB09436F9156FE552-->  <ISAUTOSAVE><![CDATA[Y]]></ISAUTOSAVE>
<!--ACDF654FD3304B8AB09436F9156FE552-->  <VALIDATEONNEW><![CDATA[Y]]></VALIDATEONNEW>
<!--ACDF654FD3304B8AB09436F9156FE552-->  <IMAGESIZEVALUESACTION><![CDATA[N]]></IMAGESIZEVALUESACTION>
<!--ACDF654FD3304B8AB09436F9156FE552-->  <ISUSEDSEQUENCE><![CDATA[N]]></ISUSEDSEQUENCE>
<!--ACDF654FD3304B8AB09436F9156FE552-->  <ALLOWSORTING><![CDATA[Y]]></ALLOWSORTING>
<!--ACDF654FD3304B8AB09436F9156FE552-->  <ALLOWFILTERING><![CDATA[Y]]></ALLOWFILTERING>
<!--ACDF654FD3304B8AB09436F9156FE552-->  <ALLOWED_CROSS_ORG_LINK><![CDATA[N]]></ALLOWED_CROSS_ORG_LINK>
<!--ACDF654FD3304B8AB09436F9156FE552-->  <IS_CHILD_PROPERTY_IN_PARENT><![CDATA[Y]]></IS_CHILD_PROPERTY_IN_PARENT>
<!--ACDF654FD3304B8AB09436F9156FE552--></AD_COLUMN>

<!--B3C01F43185B4C70A98B2DA21FEDD55F--><AD_COLUMN>
<!--B3C01F43185B4C70A98B2DA21FEDD55F-->  <AD_COLUMN_ID><![CDATA[B3C01F43185B4C70A98B2DA21FEDD55F]]></AD_COLUMN_ID>
<!--B3C01F43185B4C70A98B2DA21FEDD55F-->  <AD_CLIENT_ID><![CDATA[0]]></AD_CLIENT_ID>
<!--B3C01F43185B4C70A98B2DA21FEDD55F-->  <AD_ORG_ID><![CDATA[0]]></AD_ORG_ID>
<!--B3C01F43185B4C70A98B2DA21FEDD55F-->  <ISACTIVE><![CDATA[Y]]></ISACTIVE>
<!--B3C01F43185B4C70A98B2DA21FEDD55F-->  <NAME><![CDATA[EM_OBEXAPP_Pick2]]></NAME>
<!--B3C01F43185B4C70A98B2DA21FEDD55F-->  <COLUMNNAME><![CDATA[EM_OBEXAPP_Pick2]]></COLUMNNAME>
<!--B3C01F43185B4C70A98B2DA21FEDD55F-->  <AD_TABLE_ID><![CDATA[259]]></AD_TABLE_ID>
<!--B3C01F43185B4C70A98B2DA21FEDD55F-->  <AD_REFERENCE_ID><![CDATA[28]]></AD_REFERENCE_ID>
<!--B3C01F43185B4C70A98B2DA21FEDD55F-->  <FIELDLENGTH><![CDATA[1]]></FIELDLENGTH>
<!--B3C01F43185B4C70A98B2DA21FEDD55F-->  <DEFAULTVALUE><![CDATA[N]]></DEFAULTVALUE>
<!--B3C01F43185B4C70A98B2DA21FEDD55F-->  <ISKEY><![CDATA[N]]></ISKEY>
<!--B3C01F43185B4C70A98B2DA21FEDD55F-->  <ISPARENT><![CDATA[N]]></ISPARENT>
<!--B3C01F43185B4C70A98B2DA21FEDD55F-->  <ISMANDATORY><![CDATA[N]]></ISMANDATORY>
<!--B3C01F43185B4C70A98B2DA21FEDD55F-->  <ISUPDATEABLE><![CDATA[Y]]></ISUPDATEABLE>
<!--B3C01F43185B4C70A98B2DA21FEDD55F-->  <ISIDENTIFIER><![CDATA[N]]></ISIDENTIFIER>
<!--B3C01F43185B4C70A98B2DA21FEDD55F-->  <SEQNO><![CDATA[540]]></SEQNO>
<!--B3C01F43185B4C70A98B2DA21FEDD55F-->  <ISTRANSLATED><![CDATA[N]]></ISTRANSLATED>
<!--B3C01F43185B4C70A98B2DA21FEDD55F-->  <ISENCRYPTED><![CDATA[N]]></ISENCRYPTED>
<!--B3C01F43185B4C70A98B2DA21FEDD55F-->  <ISSELECTIONCOLUMN><![CDATA[N]]></ISSELECTIONCOLUMN>
<!--B3C01F43185B4C70A98B2DA21FEDD55F-->  <AD_ELEMENT_ID><![CDATA[07DC9293758B4634B94C9DB6A9D54427]]></AD_ELEMENT_ID>
<!--B3C01F43185B4C70A98B2DA21FEDD55F-->  <ISSESSIONATTR><![CDATA[N]]></ISSESSIONATTR>
<!--B3C01F43185B4C70A98B2DA21FEDD55F-->  <ISSECONDARYKEY><![CDATA[N]]></ISSECONDARYKEY>
<!--B3C01F43185B4C70A98B2DA21FEDD55F-->  <ISDESENCRYPTABLE><![CDATA[N]]></ISDESENCRYPTABLE>
<!--B3C01F43185B4C70A98B2DA21FEDD55F-->  <DEVELOPMENTSTATUS><![CDATA[RE]]></DEVELOPMENTSTATUS>
<!--B3C01F43185B4C70A98B2DA21FEDD55F-->  <AD_MODULE_ID><![CDATA[7883BFF602B4449087A3A65A0DC72E5C]]></AD_MODULE_ID>
<!--B3C01F43185B4C70A98B2DA21FEDD55F-->  <POSITION><![CDATA[75]]></POSITION>
<!--B3C01F43185B4C70A98B2DA21FEDD55F-->  <ISTRANSIENT><![CDATA[N]]></ISTRANSIENT>
<!--B3C01F43185B4C70A98B2DA21FEDD55F-->  <ISAUTOSAVE><![CDATA[Y]]></ISAUTOSAVE>
<!--B3C01F43185B4C70A98B2DA21FEDD55F-->  <VALIDATEONNEW><![CDATA[Y]]></VALIDATEONNEW>
<!--B3C01F43185B4C70A98B2DA21FEDD55F-->  <IMAGESIZEVALUESACTION><![CDATA[N]]></IMAGESIZEVALUESACTION>
<!--B3C01F43185B4C70A98B2DA21FEDD55F-->  <ISUSEDSEQUENCE><![CDATA[N]]></ISUSEDSEQUENCE>
<!--B3C01F43185B4C70A98B2DA21FEDD55F-->  <ALLOWSORTING><![CDATA[Y]]></ALLOWSORTING>
<!--B3C01F43185B4C70A98B2DA21FEDD55F-->  <ALLOWFILTERING><![CDATA[Y]]></ALLOWFILTERING>
<!--B3C01F43185B4C70A98B2DA21FEDD55F-->  <ALLOWED_CROSS_ORG_LINK><![CDATA[N]]></ALLOWED_CROSS_ORG_LINK>
<!--B3C01F43185B4C70A98B2DA21FEDD55F-->  <IS_CHILD_PROPERTY_IN_PARENT><![CDATA[Y]]></IS_CHILD_PROPERTY_IN_PARENT>
<!--B3C01F43185B4C70A98B2DA21FEDD55F-->  <EM_OBUIAPP_PROCESS_ID><![CDATA[83095B09D23C42F6A9607B976A4942D9]]></EM_OBUIAPP_PROCESS_ID>
<!--B3C01F43185B4C70A98B2DA21FEDD55F--></AD_COLUMN>

<!--BD152DD301A04AAAB6826FFB014686BA--><AD_COLUMN>
<!--BD152DD301A04AAAB6826FFB014686BA-->  <AD_COLUMN_ID><![CDATA[BD152DD301A04AAAB6826FFB014686BA]]></AD_COLUMN_ID>
<!--BD152DD301A04AAAB6826FFB014686BA-->  <AD_CLIENT_ID><![CDATA[0]]></AD_CLIENT_ID>
<!--BD152DD301A04AAAB6826FFB014686BA-->  <AD_ORG_ID><![CDATA[0]]></AD_ORG_ID>
<!--BD152DD301A04AAAB6826FFB014686BA-->  <ISACTIVE><![CDATA[Y]]></ISACTIVE>
<!--BD152DD301A04AAAB6826FFB014686BA-->  <NAME><![CDATA[Created By]]></NAME>
<!--BD152DD301A04AAAB6826FFB014686BA-->  <DESCRIPTION><![CDATA[User who created this records]]></DESCRIPTION>
<!--BD152DD301A04AAAB6826FFB014686BA-->  <HELP><![CDATA[The Created By field indicates the user who created this record.]]></HELP>
<!--BD152DD301A04AAAB6826FFB014686BA-->  <COLUMNNAME><![CDATA[Createdby]]></COLUMNNAME>
<!--BD152DD301A04AAAB6826FFB014686BA-->  <AD_TABLE_ID><![CDATA[FF8081813290114F013290159F07000E]]></AD_TABLE_ID>
<!--BD152DD301A04AAAB6826FFB014686BA-->  <AD_REFERENCE_ID><![CDATA[30]]></AD_REFERENCE_ID>
<!--BD152DD301A04AAAB6826FFB014686BA-->  <FIELDLENGTH><![CDATA[32]]></FIELDLENGTH>
<!--BD152DD301A04AAAB6826FFB014686BA-->  <ISKEY><![CDATA[N]]></ISKEY>
<!--BD152DD301A04AAAB6826FFB014686BA-->  <ISPARENT><![CDATA[N]]></ISPARENT>
<!--BD152DD301A04AAAB6826FFB014686BA-->  <ISMANDATORY><![CDATA[Y]]></ISMANDATORY>
<!--BD152DD301A04AAAB6826FFB014686BA-->  <ISUPDATEABLE><![CDATA[N]]></ISUPDATEABLE>
<!--BD152DD301A04AAAB6826FFB014686BA-->  <ISIDENTIFIER><![CDATA[N]]></ISIDENTIFIER>
<!--BD152DD301A04AAAB6826FFB014686BA-->  <SEQNO><![CDATA[90]]></SEQNO>
<!--BD152DD301A04AAAB6826FFB014686BA-->  <ISTRANSLATED><![CDATA[N]]></ISTRANSLATED>
<!--BD152DD301A04AAAB6826FFB014686BA-->  <ISENCRYPTED><![CDATA[N]]></ISENCRYPTED>
<!--BD152DD301A04AAAB6826FFB014686BA-->  <ISSELECTIONCOLUMN><![CDATA[N]]></ISSELECTIONCOLUMN>
<!--BD152DD301A04AAAB6826FFB014686BA-->  <AD_ELEMENT_ID><![CDATA[246]]></AD_ELEMENT_ID>
<!--BD152DD301A04AAAB6826FFB014686BA-->  <ISSESSIONATTR><![CDATA[N]]></ISSESSIONATTR>
<!--BD152DD301A04AAAB6826FFB014686BA-->  <ISSECONDARYKEY><![CDATA[N]]></ISSECONDARYKEY>
<!--BD152DD301A04AAAB6826FFB014686BA-->  <ISDESENCRYPTABLE><![CDATA[N]]></ISDESENCRYPTABLE>
<!--BD152DD301A04AAAB6826FFB014686BA-->  <DEVELOPMENTSTATUS><![CDATA[RE]]></DEVELOPMENTSTATUS>
<!--BD152DD301A04AAAB6826FFB014686BA-->  <AD_MODULE_ID><![CDATA[7883BFF602B4449087A3A65A0DC72E5C]]></AD_MODULE_ID>
<!--BD152DD301A04AAAB6826FFB014686BA-->  <POSITION><![CDATA[9]]></POSITION>
<!--BD152DD301A04AAAB6826FFB014686BA-->  <ISTRANSIENT><![CDATA[N]]></ISTRANSIENT>
<!--BD152DD301A04AAAB6826FFB014686BA-->  <ISAUTOSAVE><![CDATA[Y]]></ISAUTOSAVE>
<!--BD152DD301A04AAAB6826FFB014686BA-->  <VALIDATEONNEW><![CDATA[Y]]></VALIDATEONNEW>
<!--BD152DD301A04AAAB6826FFB014686BA-->  <IMAGESIZEVALUESACTION><![CDATA[N]]></IMAGESIZEVALUESACTION>
<!--BD152DD301A04AAAB6826FFB014686BA-->  <ISUSEDSEQUENCE><![CDATA[N]]></ISUSEDSEQUENCE>
<!--BD152DD301A04AAAB6826FFB014686BA-->  <ALLOWSORTING><![CDATA[Y]]></ALLOWSORTING>
<!--BD152DD301A04AAAB6826FFB014686BA-->  <ALLOWFILTERING><![CDATA[Y]]></ALLOWFILTERING>
<!--BD152DD301A04AAAB6826FFB014686BA-->  <ALLOWED_CROSS_ORG_LINK><![CDATA[N]]></ALLOWED_CROSS_ORG_LINK>
<!--BD152DD301A04AAAB6826FFB014686BA-->  <IS_CHILD_PROPERTY_IN_PARENT><![CDATA[Y]]></IS_CHILD_PROPERTY_IN_PARENT>
<!--BD152DD301A04AAAB6826FFB014686BA--></AD_COLUMN>

<!--CC394FFA894944D9ACAB2C41207FF4CF--><AD_COLUMN>
<!--CC394FFA894944D9ACAB2C41207FF4CF-->  <AD_COLUMN_ID><![CDATA[CC394FFA894944D9ACAB2C41207FF4CF]]></AD_COLUMN_ID>
<!--CC394FFA894944D9ACAB2C41207FF4CF-->  <AD_CLIENT_ID><![CDATA[0]]></AD_CLIENT_ID>
<!--CC394FFA894944D9ACAB2C41207FF4CF-->  <AD_ORG_ID><![CDATA[0]]></AD_ORG_ID>
<!--CC394FFA894944D9ACAB2C41207FF4CF-->  <ISACTIVE><![CDATA[Y]]></ISACTIVE>
<!--CC394FFA894944D9ACAB2C41207FF4CF-->  <NAME><![CDATA[EM_OBEXAPP_lineQuantity]]></NAME>
<!--CC394FFA894944D9ACAB2C41207FF4CF-->  <COLUMNNAME><![CDATA[EM_OBEXAPP_lineQuantity]]></COLUMNNAME>
<!--CC394FFA894944D9ACAB2C41207FF4CF-->  <AD_TABLE_ID><![CDATA[259]]></AD_TABLE_ID>
<!--CC394FFA894944D9ACAB2C41207FF4CF-->  <AD_REFERENCE_ID><![CDATA[12]]></AD_REFERENCE_ID>
<!--CC394FFA894944D9ACAB2C41207FF4CF-->  <FIELDLENGTH><![CDATA[22]]></FIELDLENGTH>
<!--CC394FFA894944D9ACAB2C41207FF4CF-->  <ISKEY><![CDATA[N]]></ISKEY>
<!--CC394FFA894944D9ACAB2C41207FF4CF-->  <ISPARENT><![CDATA[N]]></ISPARENT>
<!--CC394FFA894944D9ACAB2C41207FF4CF-->  <ISMANDATORY><![CDATA[N]]></ISMANDATORY>
<!--CC394FFA894944D9ACAB2C41207FF4CF-->  <ISUPDATEABLE><![CDATA[Y]]></ISUPDATEABLE>
<!--CC394FFA894944D9ACAB2C41207FF4CF-->  <ISIDENTIFIER><![CDATA[N]]></ISIDENTIFIER>
<!--CC394FFA894944D9ACAB2C41207FF4CF-->  <SEQNO><![CDATA[630]]></SEQNO>
<!--CC394FFA894944D9ACAB2C41207FF4CF-->  <ISTRANSLATED><![CDATA[N]]></ISTRANSLATED>
<!--CC394FFA894944D9ACAB2C41207FF4CF-->  <ISENCRYPTED><![CDATA[N]]></ISENCRYPTED>
<!--CC394FFA894944D9ACAB2C41207FF4CF-->  <ISSELECTIONCOLUMN><![CDATA[N]]></ISSELECTIONCOLUMN>
<!--CC394FFA894944D9ACAB2C41207FF4CF-->  <AD_ELEMENT_ID><![CDATA[D40D043E2C4D4429BAB237D0614B1BC5]]></AD_ELEMENT_ID>
<!--CC394FFA894944D9ACAB2C41207FF4CF-->  <ISSESSIONATTR><![CDATA[N]]></ISSESSIONATTR>
<!--CC394FFA894944D9ACAB2C41207FF4CF-->  <ISSECONDARYKEY><![CDATA[N]]></ISSECONDARYKEY>
<!--CC394FFA894944D9ACAB2C41207FF4CF-->  <ISDESENCRYPTABLE><![CDATA[N]]></ISDESENCRYPTABLE>
<!--CC394FFA894944D9ACAB2C41207FF4CF-->  <DEVELOPMENTSTATUS><![CDATA[RE]]></DEVELOPMENTSTATUS>
<!--CC394FFA894944D9ACAB2C41207FF4CF-->  <AD_MODULE_ID><![CDATA[7883BFF602B4449087A3A65A0DC72E5C]]></AD_MODULE_ID>
<!--CC394FFA894944D9ACAB2C41207FF4CF-->  <ISTRANSIENT><![CDATA[N]]></ISTRANSIENT>
<!--CC394FFA894944D9ACAB2C41207FF4CF-->  <ISAUTOSAVE><![CDATA[Y]]></ISAUTOSAVE>
<!--CC394FFA894944D9ACAB2C41207FF4CF-->  <VALIDATEONNEW><![CDATA[Y]]></VALIDATEONNEW>
<!--CC394FFA894944D9ACAB2C41207FF4CF-->  <IMAGESIZEVALUESACTION><![CDATA[N]]></IMAGESIZEVALUESACTION>
<!--CC394FFA894944D9ACAB2C41207FF4CF-->  <ISUSEDSEQUENCE><![CDATA[N]]></ISUSEDSEQUENCE>
<!--CC394FFA894944D9ACAB2C41207FF4CF-->  <SQLLOGIC><![CDATA[(select sum(ol.qtyOrdered) from c_orderline ol where ol.c_order_id=c_order_id)]]></SQLLOGIC>
<!--CC394FFA894944D9ACAB2C41207FF4CF-->  <ALLOWSORTING><![CDATA[Y]]></ALLOWSORTING>
<!--CC394FFA894944D9ACAB2C41207FF4CF-->  <ALLOWFILTERING><![CDATA[Y]]></ALLOWFILTERING>
<!--CC394FFA894944D9ACAB2C41207FF4CF-->  <ALLOWED_CROSS_ORG_LINK><![CDATA[N]]></ALLOWED_CROSS_ORG_LINK>
<!--CC394FFA894944D9ACAB2C41207FF4CF-->  <IS_CHILD_PROPERTY_IN_PARENT><![CDATA[Y]]></IS_CHILD_PROPERTY_IN_PARENT>
<!--CC394FFA894944D9ACAB2C41207FF4CF--></AD_COLUMN>

<!--DF957504D4314D6BAEA0E968C96B366E--><AD_COLUMN>
<!--DF957504D4314D6BAEA0E968C96B366E-->  <AD_COLUMN_ID><![CDATA[DF957504D4314D6BAEA0E968C96B366E]]></AD_COLUMN_ID>
<!--DF957504D4314D6BAEA0E968C96B366E-->  <AD_CLIENT_ID><![CDATA[0]]></AD_CLIENT_ID>
<!--DF957504D4314D6BAEA0E968C96B366E-->  <AD_ORG_ID><![CDATA[0]]></AD_ORG_ID>
<!--DF957504D4314D6BAEA0E968C96B366E-->  <ISACTIVE><![CDATA[Y]]></ISACTIVE>
<!--DF957504D4314D6BAEA0E968C96B366E-->  <NAME><![CDATA[Creation Date]]></NAME>
<!--DF957504D4314D6BAEA0E968C96B366E-->  <DESCRIPTION><![CDATA[The date that this record is completed.]]></DESCRIPTION>
<!--DF957504D4314D6BAEA0E968C96B366E-->  <HELP><![CDATA[The Created field indicates the date that this record was created.]]></HELP>
<!--DF957504D4314D6BAEA0E968C96B366E-->  <COLUMNNAME><![CDATA[Created]]></COLUMNNAME>
<!--DF957504D4314D6BAEA0E968C96B366E-->  <AD_TABLE_ID><![CDATA[FF8081813290114F013290159F07000E]]></AD_TABLE_ID>
<!--DF957504D4314D6BAEA0E968C96B366E-->  <AD_REFERENCE_ID><![CDATA[16]]></AD_REFERENCE_ID>
<!--DF957504D4314D6BAEA0E968C96B366E-->  <FIELDLENGTH><![CDATA[19]]></FIELDLENGTH>
<!--DF957504D4314D6BAEA0E968C96B366E-->  <DEFAULTVALUE><![CDATA[@#Date@]]></DEFAULTVALUE>
<!--DF957504D4314D6BAEA0E968C96B366E-->  <ISKEY><![CDATA[N]]></ISKEY>
<!--DF957504D4314D6BAEA0E968C96B366E-->  <ISPARENT><![CDATA[N]]></ISPARENT>
<!--DF957504D4314D6BAEA0E968C96B366E-->  <ISMANDATORY><![CDATA[Y]]></ISMANDATORY>
<!--DF957504D4314D6BAEA0E968C96B366E-->  <ISUPDATEABLE><![CDATA[N]]></ISUPDATEABLE>
<!--DF957504D4314D6BAEA0E968C96B366E-->  <ISIDENTIFIER><![CDATA[N]]></ISIDENTIFIER>
<!--DF957504D4314D6BAEA0E968C96B366E-->  <SEQNO><![CDATA[80]]></SEQNO>
<!--DF957504D4314D6BAEA0E968C96B366E-->  <ISTRANSLATED><![CDATA[N]]></ISTRANSLATED>
<!--DF957504D4314D6BAEA0E968C96B366E-->  <ISENCRYPTED><![CDATA[N]]></ISENCRYPTED>
<!--DF957504D4314D6BAEA0E968C96B366E-->  <ISSELECTIONCOLUMN><![CDATA[N]]></ISSELECTIONCOLUMN>
<!--DF957504D4314D6BAEA0E968C96B366E-->  <AD_ELEMENT_ID><![CDATA[245]]></AD_ELEMENT_ID>
<!--DF957504D4314D6BAEA0E968C96B366E-->  <ISSESSIONATTR><![CDATA[N]]></ISSESSIONATTR>
<!--DF957504D4314D6BAEA0E968C96B366E-->  <ISSECONDARYKEY><![CDATA[N]]></ISSECONDARYKEY>
<!--DF957504D4314D6BAEA0E968C96B366E-->  <ISDESENCRYPTABLE><![CDATA[N]]></ISDESENCRYPTABLE>
<!--DF957504D4314D6BAEA0E968C96B366E-->  <DEVELOPMENTSTATUS><![CDATA[RE]]></DEVELOPMENTSTATUS>
<!--DF957504D4314D6BAEA0E968C96B366E-->  <AD_MODULE_ID><![CDATA[7883BFF602B4449087A3A65A0DC72E5C]]></AD_MODULE_ID>
<!--DF957504D4314D6BAEA0E968C96B366E-->  <POSITION><![CDATA[8]]></POSITION>
<!--DF957504D4314D6BAEA0E968C96B366E-->  <ISTRANSIENT><![CDATA[N]]></ISTRANSIENT>
<!--DF957504D4314D6BAEA0E968C96B366E-->  <ISAUTOSAVE><![CDATA[Y]]></ISAUTOSAVE>
<!--DF957504D4314D6BAEA0E968C96B366E-->  <VALIDATEONNEW><![CDATA[Y]]></VALIDATEONNEW>
<!--DF957504D4314D6BAEA0E968C96B366E-->  <IMAGESIZEVALUESACTION><![CDATA[N]]></IMAGESIZEVALUESACTION>
<!--DF957504D4314D6BAEA0E968C96B366E-->  <ISUSEDSEQUENCE><![CDATA[N]]></ISUSEDSEQUENCE>
<!--DF957504D4314D6BAEA0E968C96B366E-->  <ALLOWSORTING><![CDATA[Y]]></ALLOWSORTING>
<!--DF957504D4314D6BAEA0E968C96B366E-->  <ALLOWFILTERING><![CDATA[Y]]></ALLOWFILTERING>
<!--DF957504D4314D6BAEA0E968C96B366E-->  <ALLOWED_CROSS_ORG_LINK><![CDATA[N]]></ALLOWED_CROSS_ORG_LINK>
<!--DF957504D4314D6BAEA0E968C96B366E-->  <IS_CHILD_PROPERTY_IN_PARENT><![CDATA[Y]]></IS_CHILD_PROPERTY_IN_PARENT>
<!--DF957504D4314D6BAEA0E968C96B366E--></AD_COLUMN>

<!--E608795E2DB14A6084B034C37FFF7945--><AD_COLUMN>
<!--E608795E2DB14A6084B034C37FFF7945-->  <AD_COLUMN_ID><![CDATA[E608795E2DB14A6084B034C37FFF7945]]></AD_COLUMN_ID>
<!--E608795E2DB14A6084B034C37FFF7945-->  <AD_CLIENT_ID><![CDATA[0]]></AD_CLIENT_ID>
<!--E608795E2DB14A6084B034C37FFF7945-->  <AD_ORG_ID><![CDATA[0]]></AD_ORG_ID>
<!--E608795E2DB14A6084B034C37FFF7945-->  <ISACTIVE><![CDATA[Y]]></ISACTIVE>
<!--E608795E2DB14A6084B034C37FFF7945-->  <NAME><![CDATA[Updated By]]></NAME>
<!--E608795E2DB14A6084B034C37FFF7945-->  <DESCRIPTION><![CDATA[User who updated this records]]></DESCRIPTION>
<!--E608795E2DB14A6084B034C37FFF7945-->  <HELP><![CDATA[The Updated By field indicates the user who updated this record.]]></HELP>
<!--E608795E2DB14A6084B034C37FFF7945-->  <COLUMNNAME><![CDATA[Updatedby]]></COLUMNNAME>
<!--E608795E2DB14A6084B034C37FFF7945-->  <AD_TABLE_ID><![CDATA[FF8081813290114F013290159F07000E]]></AD_TABLE_ID>
<!--E608795E2DB14A6084B034C37FFF7945-->  <AD_REFERENCE_ID><![CDATA[30]]></AD_REFERENCE_ID>
<!--E608795E2DB14A6084B034C37FFF7945-->  <FIELDLENGTH><![CDATA[32]]></FIELDLENGTH>
<!--E608795E2DB14A6084B034C37FFF7945-->  <ISKEY><![CDATA[N]]></ISKEY>
<!--E608795E2DB14A6084B034C37FFF7945-->  <ISPARENT><![CDATA[N]]></ISPARENT>
<!--E608795E2DB14A6084B034C37FFF7945-->  <ISMANDATORY><![CDATA[Y]]></ISMANDATORY>
<!--E608795E2DB14A6084B034C37FFF7945-->  <ISUPDATEABLE><![CDATA[N]]></ISUPDATEABLE>
<!--E608795E2DB14A6084B034C37FFF7945-->  <ISIDENTIFIER><![CDATA[N]]></ISIDENTIFIER>
<!--E608795E2DB14A6084B034C37FFF7945-->  <SEQNO><![CDATA[110]]></SEQNO>
<!--E608795E2DB14A6084B034C37FFF7945-->  <ISTRANSLATED><![CDATA[N]]></ISTRANSLATED>
<!--E608795E2DB14A6084B034C37FFF7945-->  <ISENCRYPTED><![CDATA[N]]></ISENCRYPTED>
<!--E608795E2DB14A6084B034C37FFF7945-->  <ISSELECTIONCOLUMN><![CDATA[N]]></ISSELECTIONCOLUMN>
<!--E608795E2DB14A6084B034C37FFF7945-->  <AD_ELEMENT_ID><![CDATA[608]]></AD_ELEMENT_ID>
<!--E608795E2DB14A6084B034C37FFF7945-->  <ISSESSIONATTR><![CDATA[N]]></ISSESSIONATTR>
<!--E608795E2DB14A6084B034C37FFF7945-->  <ISSECONDARYKEY><![CDATA[N]]></ISSECONDARYKEY>
<!--E608795E2DB14A6084B034C37FFF7945-->  <ISDESENCRYPTABLE><![CDATA[N]]></ISDESENCRYPTABLE>
<!--E608795E2DB14A6084B034C37FFF7945-->  <DEVELOPMENTSTATUS><![CDATA[RE]]></DEVELOPMENTSTATUS>
<!--E608795E2DB14A6084B034C37FFF7945-->  <AD_MODULE_ID><![CDATA[7883BFF602B4449087A3A65A0DC72E5C]]></AD_MODULE_ID>
<!--E608795E2DB14A6084B034C37FFF7945-->  <POSITION><![CDATA[11]]></POSITION>
<!--E608795E2DB14A6084B034C37FFF7945-->  <ISTRANSIENT><![CDATA[N]]></ISTRANSIENT>
<!--E608795E2DB14A6084B034C37FFF7945-->  <ISAUTOSAVE><![CDATA[Y]]></ISAUTOSAVE>
<!--E608795E2DB14A6084B034C37FFF7945-->  <VALIDATEONNEW><![CDATA[Y]]></VALIDATEONNEW>
<!--E608795E2DB14A6084B034C37FFF7945-->  <IMAGESIZEVALUESACTION><![CDATA[N]]></IMAGESIZEVALUESACTION>
<!--E608795E2DB14A6084B034C37FFF7945-->  <ISUSEDSEQUENCE><![CDATA[N]]></ISUSEDSEQUENCE>
<!--E608795E2DB14A6084B034C37FFF7945-->  <ALLOWSORTING><![CDATA[Y]]></ALLOWSORTING>
<!--E608795E2DB14A6084B034C37FFF7945-->  <ALLOWFILTERING><![CDATA[Y]]></ALLOWFILTERING>
<!--E608795E2DB14A6084B034C37FFF7945-->  <ALLOWED_CROSS_ORG_LINK><![CDATA[N]]></ALLOWED_CROSS_ORG_LINK>
<!--E608795E2DB14A6084B034C37FFF7945-->  <IS_CHILD_PROPERTY_IN_PARENT><![CDATA[Y]]></IS_CHILD_PROPERTY_IN_PARENT>
<!--E608795E2DB14A6084B034C37FFF7945--></AD_COLUMN>

<!--F7D03A94D3B0436B8B00876050213E75--><AD_COLUMN>
<!--F7D03A94D3B0436B8B00876050213E75-->  <AD_COLUMN_ID><![CDATA[F7D03A94D3B0436B8B00876050213E75]]></AD_COLUMN_ID>
<!--F7D03A94D3B0436B8B00876050213E75-->  <AD_CLIENT_ID><![CDATA[0]]></AD_CLIENT_ID>
<!--F7D03A94D3B0436B8B00876050213E75-->  <AD_ORG_ID><![CDATA[0]]></AD_ORG_ID>
<!--F7D03A94D3B0436B8B00876050213E75-->  <ISACTIVE><![CDATA[Y]]></ISACTIVE>
<!--F7D03A94D3B0436B8B00876050213E75-->  <NAME><![CDATA[EM_OBEXAPP_productName]]></NAME>
<!--F7D03A94D3B0436B8B00876050213E75-->  <COLUMNNAME><![CDATA[EM_OBEXAPP_productName]]></COLUMNNAME>
<!--F7D03A94D3B0436B8B00876050213E75-->  <AD_TABLE_ID><![CDATA[FF8080812E381D1E012E3898C5DD0010]]></AD_TABLE_ID>
<!--F7D03A94D3B0436B8B00876050213E75-->  <AD_REFERENCE_ID><![CDATA[10]]></AD_REFERENCE_ID>
<!--F7D03A94D3B0436B8B00876050213E75-->  <FIELDLENGTH><![CDATA[0]]></FIELDLENGTH>
<!--F7D03A94D3B0436B8B00876050213E75-->  <ISKEY><![CDATA[N]]></ISKEY>
<!--F7D03A94D3B0436B8B00876050213E75-->  <ISPARENT><![CDATA[N]]></ISPARENT>
<!--F7D03A94D3B0436B8B00876050213E75-->  <ISMANDATORY><![CDATA[N]]></ISMANDATORY>
<!--F7D03A94D3B0436B8B00876050213E75-->  <ISUPDATEABLE><![CDATA[Y]]></ISUPDATEABLE>
<!--F7D03A94D3B0436B8B00876050213E75-->  <ISIDENTIFIER><![CDATA[N]]></ISIDENTIFIER>
<!--F7D03A94D3B0436B8B00876050213E75-->  <SEQNO><![CDATA[190]]></SEQNO>
<!--F7D03A94D3B0436B8B00876050213E75-->  <ISTRANSLATED><![CDATA[N]]></ISTRANSLATED>
<!--F7D03A94D3B0436B8B00876050213E75-->  <ISENCRYPTED><![CDATA[N]]></ISENCRYPTED>
<!--F7D03A94D3B0436B8B00876050213E75-->  <ISSELECTIONCOLUMN><![CDATA[N]]></ISSELECTIONCOLUMN>
<!--F7D03A94D3B0436B8B00876050213E75-->  <ISSESSIONATTR><![CDATA[N]]></ISSESSIONATTR>
<!--F7D03A94D3B0436B8B00876050213E75-->  <ISSECONDARYKEY><![CDATA[N]]></ISSECONDARYKEY>
<!--F7D03A94D3B0436B8B00876050213E75-->  <ISDESENCRYPTABLE><![CDATA[N]]></ISDESENCRYPTABLE>
<!--F7D03A94D3B0436B8B00876050213E75-->  <DEVELOPMENTSTATUS><![CDATA[RE]]></DEVELOPMENTSTATUS>
<!--F7D03A94D3B0436B8B00876050213E75-->  <AD_MODULE_ID><![CDATA[7883BFF602B4449087A3A65A0DC72E5C]]></AD_MODULE_ID>
<!--F7D03A94D3B0436B8B00876050213E75-->  <ISTRANSIENT><![CDATA[N]]></ISTRANSIENT>
<!--F7D03A94D3B0436B8B00876050213E75-->  <ISAUTOSAVE><![CDATA[Y]]></ISAUTOSAVE>
<!--F7D03A94D3B0436B8B00876050213E75-->  <VALIDATEONNEW><![CDATA[Y]]></VALIDATEONNEW>
<!--F7D03A94D3B0436B8B00876050213E75-->  <IMAGESIZEVALUESACTION><![CDATA[N]]></IMAGESIZEVALUESACTION>
<!--F7D03A94D3B0436B8B00876050213E75-->  <ISUSEDSEQUENCE><![CDATA[N]]></ISUSEDSEQUENCE>
<!--F7D03A94D3B0436B8B00876050213E75-->  <SQLLOGIC><![CDATA[(select p.name from m_product p where p.m_product_id = m_product_id)]]></SQLLOGIC>
<!--F7D03A94D3B0436B8B00876050213E75-->  <ALLOWSORTING><![CDATA[Y]]></ALLOWSORTING>
<!--F7D03A94D3B0436B8B00876050213E75-->  <ALLOWFILTERING><![CDATA[Y]]></ALLOWFILTERING>
<!--F7D03A94D3B0436B8B00876050213E75-->  <ALLOWED_CROSS_ORG_LINK><![CDATA[N]]></ALLOWED_CROSS_ORG_LINK>
<!--F7D03A94D3B0436B8B00876050213E75-->  <IS_CHILD_PROPERTY_IN_PARENT><![CDATA[Y]]></IS_CHILD_PROPERTY_IN_PARENT>
<!--F7D03A94D3B0436B8B00876050213E75--></AD_COLUMN>

</data>
