<?xml version='1.0' encoding='UTF-8'?>
<data>
<!--B41314FE18BC4813BA00C47A6F482C5B--><AD_CALLOUT>
<!--B41314FE18BC4813BA00C47A6F482C5B-->  <AD_CALLOUT_ID><![CDATA[B41314FE18BC4813BA00C47A6F482C5B]]></AD_CALLOUT_ID>
<!--B41314FE18BC4813BA00C47A6F482C5B-->  <AD_CLIENT_ID><![CDATA[0]]></AD_CLIENT_ID>
<!--B41314FE18BC4813BA00C47A6F482C5B-->  <AD_ORG_ID><![CDATA[0]]></AD_ORG_ID>
<!--B41314FE18BC4813BA00C47A6F482C5B-->  <ISACTIVE><![CDATA[Y]]></ISACTIVE>
<!--B41314FE18BC4813BA00C47A6F482C5B-->  <NAME><![CDATA[OBEXAPP_Assets_Name]]></NAME>
<!--B41314FE18BC4813BA00C47A6F482C5B-->  <DESCRIPTION><![CDATA[This callout is a basic example of SimpleCallout for showing new feature: Extends callouts. This callout is used in Assets window.]]></DESCRIPTION>
<!--B41314FE18BC4813BA00C47A6F482C5B-->  <AD_MODULE_ID><![CDATA[7883BFF602B4449087A3A65A0DC72E5C]]></AD_MODULE_ID>
<!--B41314FE18BC4813BA00C47A6F482C5B--></AD_CALLOUT>

<!--EF2F199B8E4B4D02992BEE5941195450--><AD_CALLOUT>
<!--EF2F199B8E4B4D02992BEE5941195450-->  <AD_CALLOUT_ID><![CDATA[EF2F199B8E4B4D02992BEE5941195450]]></AD_CALLOUT_ID>
<!--EF2F199B8E4B4D02992BEE5941195450-->  <AD_CLIENT_ID><![CDATA[0]]></AD_CLIENT_ID>
<!--EF2F199B8E4B4D02992BEE5941195450-->  <AD_ORG_ID><![CDATA[0]]></AD_ORG_ID>
<!--EF2F199B8E4B4D02992BEE5941195450-->  <ISACTIVE><![CDATA[Y]]></ISACTIVE>
<!--EF2F199B8E4B4D02992BEE5941195450-->  <NAME><![CDATA[OBEXAPP_Assets_Desc]]></NAME>
<!--EF2F199B8E4B4D02992BEE5941195450-->  <DESCRIPTION><![CDATA[This callout extends OBEXAPP_Assets_Name for showing new feature: Extends callouts. This callout is used in Assets window.

]]></DESCRIPTION>
<!--EF2F199B8E4B4D02992BEE5941195450-->  <AD_MODULE_ID><![CDATA[7883BFF602B4449087A3A65A0DC72E5C]]></AD_MODULE_ID>
<!--EF2F199B8E4B4D02992BEE5941195450--></AD_CALLOUT>

</data>
