<?xml version='1.0' encoding='UTF-8'?>
<data>
<!--05B7A1B0DACF42DE9B9FC2B2BA644D47--><AD_DATASET>
<!--05B7A1B0DACF42DE9B9FC2B2BA644D47-->  <AD_DATASET_ID><![CDATA[05B7A1B0DACF42DE9B9FC2B2BA644D47]]></AD_DATASET_ID>
<!--05B7A1B0DACF42DE9B9FC2B2BA644D47-->  <AD_CLIENT_ID><![CDATA[0]]></AD_CLIENT_ID>
<!--05B7A1B0DACF42DE9B9FC2B2BA644D47-->  <AD_ORG_ID><![CDATA[0]]></AD_ORG_ID>
<!--05B7A1B0DACF42DE9B9FC2B2BA644D47-->  <ISACTIVE><![CDATA[Y]]></ISACTIVE>
<!--05B7A1B0DACF42DE9B9FC2B2BA644D47-->  <VALUE><![CDATA[OBEXAPP Data]]></VALUE>
<!--05B7A1B0DACF42DE9B9FC2B2BA644D47-->  <NAME><![CDATA[Example Data]]></NAME>
<!--05B7A1B0DACF42DE9B9FC2B2BA644D47-->  <DESCRIPTION><![CDATA[Contains example data for the client application example module]]></DESCRIPTION>
<!--05B7A1B0DACF42DE9B9FC2B2BA644D47-->  <AD_MODULE_ID><![CDATA[7883BFF602B4449087A3A65A0DC72E5C]]></AD_MODULE_ID>
<!--05B7A1B0DACF42DE9B9FC2B2BA644D47-->  <EXPORT><![CDATA[N]]></EXPORT>
<!--05B7A1B0DACF42DE9B9FC2B2BA644D47-->  <ACCESSLEVEL><![CDATA[6]]></ACCESSLEVEL>
<!--05B7A1B0DACF42DE9B9FC2B2BA644D47-->  <EXPORTALLOWED><![CDATA[Y]]></EXPORTALLOWED>
<!--05B7A1B0DACF42DE9B9FC2B2BA644D47-->  <ISDEFAULTVALUESDATASET><![CDATA[N]]></ISDEFAULTVALUESDATASET>
<!--05B7A1B0DACF42DE9B9FC2B2BA644D47--></AD_DATASET>

</data>
