<?xml version='1.0' encoding='UTF-8'?>
<data>
<!--70D6322AC5194ED1A07FE520C2DFC90F--><AD_DATASET_TABLE>
<!--70D6322AC5194ED1A07FE520C2DFC90F-->  <AD_DATASET_TABLE_ID><![CDATA[70D6322AC5194ED1A07FE520C2DFC90F]]></AD_DATASET_TABLE_ID>
<!--70D6322AC5194ED1A07FE520C2DFC90F-->  <AD_CLIENT_ID><![CDATA[0]]></AD_CLIENT_ID>
<!--70D6322AC5194ED1A07FE520C2DFC90F-->  <AD_ORG_ID><![CDATA[0]]></AD_ORG_ID>
<!--70D6322AC5194ED1A07FE520C2DFC90F-->  <ISACTIVE><![CDATA[Y]]></ISACTIVE>
<!--70D6322AC5194ED1A07FE520C2DFC90F-->  <AD_DATASET_ID><![CDATA[05B7A1B0DACF42DE9B9FC2B2BA644D47]]></AD_DATASET_ID>
<!--70D6322AC5194ED1A07FE520C2DFC90F-->  <AD_TABLE_ID><![CDATA[E6F29F8A30BC4603B1D1195051C4F3A6]]></AD_TABLE_ID>
<!--70D6322AC5194ED1A07FE520C2DFC90F-->  <INCLUDEALLCOLUMNS><![CDATA[Y]]></INCLUDEALLCOLUMNS>
<!--70D6322AC5194ED1A07FE520C2DFC90F-->  <EXCLUDEAUDITINFO><![CDATA[N]]></EXCLUDEAUDITINFO>
<!--70D6322AC5194ED1A07FE520C2DFC90F-->  <ISBUSINESSOBJECT><![CDATA[N]]></ISBUSINESSOBJECT>
<!--70D6322AC5194ED1A07FE520C2DFC90F-->  <AD_MODULE_ID><![CDATA[7883BFF602B4449087A3A65A0DC72E5C]]></AD_MODULE_ID>
<!--70D6322AC5194ED1A07FE520C2DFC90F--></AD_DATASET_TABLE>

<!--AE33AFE7BA174A90ADF28BBD8A56978F--><AD_DATASET_TABLE>
<!--AE33AFE7BA174A90ADF28BBD8A56978F-->  <AD_DATASET_TABLE_ID><![CDATA[AE33AFE7BA174A90ADF28BBD8A56978F]]></AD_DATASET_TABLE_ID>
<!--AE33AFE7BA174A90ADF28BBD8A56978F-->  <AD_CLIENT_ID><![CDATA[0]]></AD_CLIENT_ID>
<!--AE33AFE7BA174A90ADF28BBD8A56978F-->  <AD_ORG_ID><![CDATA[0]]></AD_ORG_ID>
<!--AE33AFE7BA174A90ADF28BBD8A56978F-->  <ISACTIVE><![CDATA[Y]]></ISACTIVE>
<!--AE33AFE7BA174A90ADF28BBD8A56978F-->  <AD_DATASET_ID><![CDATA[05B7A1B0DACF42DE9B9FC2B2BA644D47]]></AD_DATASET_ID>
<!--AE33AFE7BA174A90ADF28BBD8A56978F-->  <AD_TABLE_ID><![CDATA[DEADAC2161894A56A041B81A74B02D9E]]></AD_TABLE_ID>
<!--AE33AFE7BA174A90ADF28BBD8A56978F-->  <INCLUDEALLCOLUMNS><![CDATA[Y]]></INCLUDEALLCOLUMNS>
<!--AE33AFE7BA174A90ADF28BBD8A56978F-->  <EXCLUDEAUDITINFO><![CDATA[Y]]></EXCLUDEAUDITINFO>
<!--AE33AFE7BA174A90ADF28BBD8A56978F-->  <ISBUSINESSOBJECT><![CDATA[N]]></ISBUSINESSOBJECT>
<!--AE33AFE7BA174A90ADF28BBD8A56978F-->  <AD_MODULE_ID><![CDATA[7883BFF602B4449087A3A65A0DC72E5C]]></AD_MODULE_ID>
<!--AE33AFE7BA174A90ADF28BBD8A56978F--></AD_DATASET_TABLE>

</data>
