<?xml version='1.0' encoding='UTF-8'?>
<data>
<!--04817F1D8DAF415580090E22FD5410A4--><AD_ELEMENT>
<!--04817F1D8DAF415580090E22FD5410A4-->  <AD_ELEMENT_ID><![CDATA[04817F1D8DAF415580090E22FD5410A4]]></AD_ELEMENT_ID>
<!--04817F1D8DAF415580090E22FD5410A4-->  <AD_CLIENT_ID><![CDATA[0]]></AD_CLIENT_ID>
<!--04817F1D8DAF415580090E22FD5410A4-->  <AD_ORG_ID><![CDATA[0]]></AD_ORG_ID>
<!--04817F1D8DAF415580090E22FD5410A4-->  <ISACTIVE><![CDATA[Y]]></ISACTIVE>
<!--04817F1D8DAF415580090E22FD5410A4-->  <COLUMNNAME><![CDATA[window]]></COLUMNNAME>
<!--04817F1D8DAF415580090E22FD5410A4-->  <NAME><![CDATA[Pick and Execute Example 1]]></NAME>
<!--04817F1D8DAF415580090E22FD5410A4-->  <PRINTNAME><![CDATA[Pick and Execute Example 1]]></PRINTNAME>
<!--04817F1D8DAF415580090E22FD5410A4-->  <AD_MODULE_ID><![CDATA[7883BFF602B4449087A3A65A0DC72E5C]]></AD_MODULE_ID>
<!--04817F1D8DAF415580090E22FD5410A4-->  <ISGLOSSARY><![CDATA[N]]></ISGLOSSARY>
<!--04817F1D8DAF415580090E22FD5410A4--></AD_ELEMENT>

<!--07DC9293758B4634B94C9DB6A9D54427--><AD_ELEMENT>
<!--07DC9293758B4634B94C9DB6A9D54427-->  <AD_ELEMENT_ID><![CDATA[07DC9293758B4634B94C9DB6A9D54427]]></AD_ELEMENT_ID>
<!--07DC9293758B4634B94C9DB6A9D54427-->  <AD_CLIENT_ID><![CDATA[0]]></AD_CLIENT_ID>
<!--07DC9293758B4634B94C9DB6A9D54427-->  <AD_ORG_ID><![CDATA[0]]></AD_ORG_ID>
<!--07DC9293758B4634B94C9DB6A9D54427-->  <ISACTIVE><![CDATA[Y]]></ISACTIVE>
<!--07DC9293758B4634B94C9DB6A9D54427-->  <COLUMNNAME><![CDATA[EM_OBEXAPP_Pick2]]></COLUMNNAME>
<!--07DC9293758B4634B94C9DB6A9D54427-->  <NAME><![CDATA[Pick Example 2]]></NAME>
<!--07DC9293758B4634B94C9DB6A9D54427-->  <PRINTNAME><![CDATA[Pick Example 2]]></PRINTNAME>
<!--07DC9293758B4634B94C9DB6A9D54427-->  <AD_MODULE_ID><![CDATA[7883BFF602B4449087A3A65A0DC72E5C]]></AD_MODULE_ID>
<!--07DC9293758B4634B94C9DB6A9D54427-->  <ISGLOSSARY><![CDATA[N]]></ISGLOSSARY>
<!--07DC9293758B4634B94C9DB6A9D54427--></AD_ELEMENT>

<!--2CF7DFF20305492193C3AF6D5D3BC1C5--><AD_ELEMENT>
<!--2CF7DFF20305492193C3AF6D5D3BC1C5-->  <AD_ELEMENT_ID><![CDATA[2CF7DFF20305492193C3AF6D5D3BC1C5]]></AD_ELEMENT_ID>
<!--2CF7DFF20305492193C3AF6D5D3BC1C5-->  <AD_CLIENT_ID><![CDATA[0]]></AD_CLIENT_ID>
<!--2CF7DFF20305492193C3AF6D5D3BC1C5-->  <AD_ORG_ID><![CDATA[0]]></AD_ORG_ID>
<!--2CF7DFF20305492193C3AF6D5D3BC1C5-->  <ISACTIVE><![CDATA[Y]]></ISACTIVE>
<!--2CF7DFF20305492193C3AF6D5D3BC1C5-->  <COLUMNNAME><![CDATA[EM_Obexapp_Subs_Proc]]></COLUMNNAME>
<!--2CF7DFF20305492193C3AF6D5D3BC1C5-->  <NAME><![CDATA[Subtract]]></NAME>
<!--2CF7DFF20305492193C3AF6D5D3BC1C5-->  <PRINTNAME><![CDATA[EM_Obexapp_Subs_Proc]]></PRINTNAME>
<!--2CF7DFF20305492193C3AF6D5D3BC1C5-->  <AD_MODULE_ID><![CDATA[7883BFF602B4449087A3A65A0DC72E5C]]></AD_MODULE_ID>
<!--2CF7DFF20305492193C3AF6D5D3BC1C5-->  <ISGLOSSARY><![CDATA[N]]></ISGLOSSARY>
<!--2CF7DFF20305492193C3AF6D5D3BC1C5--></AD_ELEMENT>

<!--4652BE5F2E9346F5BD568C416F019617--><AD_ELEMENT>
<!--4652BE5F2E9346F5BD568C416F019617-->  <AD_ELEMENT_ID><![CDATA[4652BE5F2E9346F5BD568C416F019617]]></AD_ELEMENT_ID>
<!--4652BE5F2E9346F5BD568C416F019617-->  <AD_CLIENT_ID><![CDATA[0]]></AD_CLIENT_ID>
<!--4652BE5F2E9346F5BD568C416F019617-->  <AD_ORG_ID><![CDATA[0]]></AD_ORG_ID>
<!--4652BE5F2E9346F5BD568C416F019617-->  <ISACTIVE><![CDATA[Y]]></ISACTIVE>
<!--4652BE5F2E9346F5BD568C416F019617-->  <COLUMNNAME><![CDATA[EM_Obexapp_Pick1]]></COLUMNNAME>
<!--4652BE5F2E9346F5BD568C416F019617-->  <NAME><![CDATA[Pick Example 1]]></NAME>
<!--4652BE5F2E9346F5BD568C416F019617-->  <PRINTNAME><![CDATA[Pick Example 1]]></PRINTNAME>
<!--4652BE5F2E9346F5BD568C416F019617-->  <AD_MODULE_ID><![CDATA[7883BFF602B4449087A3A65A0DC72E5C]]></AD_MODULE_ID>
<!--4652BE5F2E9346F5BD568C416F019617-->  <ISGLOSSARY><![CDATA[N]]></ISGLOSSARY>
<!--4652BE5F2E9346F5BD568C416F019617--></AD_ELEMENT>

<!--4BC9526BA83C42208537525934A60EC5--><AD_ELEMENT>
<!--4BC9526BA83C42208537525934A60EC5-->  <AD_ELEMENT_ID><![CDATA[4BC9526BA83C42208537525934A60EC5]]></AD_ELEMENT_ID>
<!--4BC9526BA83C42208537525934A60EC5-->  <AD_CLIENT_ID><![CDATA[0]]></AD_CLIENT_ID>
<!--4BC9526BA83C42208537525934A60EC5-->  <AD_ORG_ID><![CDATA[0]]></AD_ORG_ID>
<!--4BC9526BA83C42208537525934A60EC5-->  <ISACTIVE><![CDATA[Y]]></ISACTIVE>
<!--4BC9526BA83C42208537525934A60EC5-->  <COLUMNNAME><![CDATA[EM_OBEXAPP_productName]]></COLUMNNAME>
<!--4BC9526BA83C42208537525934A60EC5-->  <NAME><![CDATA[EM_OBEXAPP_productName]]></NAME>
<!--4BC9526BA83C42208537525934A60EC5-->  <PRINTNAME><![CDATA[EM_OBEXAPP_productName]]></PRINTNAME>
<!--4BC9526BA83C42208537525934A60EC5-->  <AD_MODULE_ID><![CDATA[7883BFF602B4449087A3A65A0DC72E5C]]></AD_MODULE_ID>
<!--4BC9526BA83C42208537525934A60EC5-->  <ISGLOSSARY><![CDATA[N]]></ISGLOSSARY>
<!--4BC9526BA83C42208537525934A60EC5--></AD_ELEMENT>

<!--579DCCACA5864CE2B57294FADA667D05--><AD_ELEMENT>
<!--579DCCACA5864CE2B57294FADA667D05-->  <AD_ELEMENT_ID><![CDATA[579DCCACA5864CE2B57294FADA667D05]]></AD_ELEMENT_ID>
<!--579DCCACA5864CE2B57294FADA667D05-->  <AD_CLIENT_ID><![CDATA[0]]></AD_CLIENT_ID>
<!--579DCCACA5864CE2B57294FADA667D05-->  <AD_ORG_ID><![CDATA[0]]></AD_ORG_ID>
<!--579DCCACA5864CE2B57294FADA667D05-->  <ISACTIVE><![CDATA[Y]]></ISACTIVE>
<!--579DCCACA5864CE2B57294FADA667D05-->  <COLUMNNAME><![CDATA[EM_Obexapp_Callout]]></COLUMNNAME>
<!--579DCCACA5864CE2B57294FADA667D05-->  <NAME><![CDATA[EM_Obexapp_Callout]]></NAME>
<!--579DCCACA5864CE2B57294FADA667D05-->  <PRINTNAME><![CDATA[Callout Test]]></PRINTNAME>
<!--579DCCACA5864CE2B57294FADA667D05-->  <AD_MODULE_ID><![CDATA[7883BFF602B4449087A3A65A0DC72E5C]]></AD_MODULE_ID>
<!--579DCCACA5864CE2B57294FADA667D05-->  <ISGLOSSARY><![CDATA[N]]></ISGLOSSARY>
<!--579DCCACA5864CE2B57294FADA667D05--></AD_ELEMENT>

<!--76D950EA9F614DEFA6444E9493C13520--><AD_ELEMENT>
<!--76D950EA9F614DEFA6444E9493C13520-->  <AD_ELEMENT_ID><![CDATA[76D950EA9F614DEFA6444E9493C13520]]></AD_ELEMENT_ID>
<!--76D950EA9F614DEFA6444E9493C13520-->  <AD_CLIENT_ID><![CDATA[0]]></AD_CLIENT_ID>
<!--76D950EA9F614DEFA6444E9493C13520-->  <AD_ORG_ID><![CDATA[0]]></AD_ORG_ID>
<!--76D950EA9F614DEFA6444E9493C13520-->  <ISACTIVE><![CDATA[Y]]></ISACTIVE>
<!--76D950EA9F614DEFA6444E9493C13520-->  <COLUMNNAME><![CDATA[EM_Obexapp_Sum_Proc]]></COLUMNNAME>
<!--76D950EA9F614DEFA6444E9493C13520-->  <NAME><![CDATA[Sum]]></NAME>
<!--76D950EA9F614DEFA6444E9493C13520-->  <PRINTNAME><![CDATA[EM_Obexapp_Sum_Proc]]></PRINTNAME>
<!--76D950EA9F614DEFA6444E9493C13520-->  <AD_MODULE_ID><![CDATA[7883BFF602B4449087A3A65A0DC72E5C]]></AD_MODULE_ID>
<!--76D950EA9F614DEFA6444E9493C13520-->  <ISGLOSSARY><![CDATA[N]]></ISGLOSSARY>
<!--76D950EA9F614DEFA6444E9493C13520--></AD_ELEMENT>

<!--98A84E0B1B3B4A55ACE97BB34DAC9255--><AD_ELEMENT>
<!--98A84E0B1B3B4A55ACE97BB34DAC9255-->  <AD_ELEMENT_ID><![CDATA[98A84E0B1B3B4A55ACE97BB34DAC9255]]></AD_ELEMENT_ID>
<!--98A84E0B1B3B4A55ACE97BB34DAC9255-->  <AD_CLIENT_ID><![CDATA[0]]></AD_CLIENT_ID>
<!--98A84E0B1B3B4A55ACE97BB34DAC9255-->  <AD_ORG_ID><![CDATA[0]]></AD_ORG_ID>
<!--98A84E0B1B3B4A55ACE97BB34DAC9255-->  <ISACTIVE><![CDATA[Y]]></ISACTIVE>
<!--98A84E0B1B3B4A55ACE97BB34DAC9255-->  <COLUMNNAME><![CDATA[EM_Obexapp_Pick3]]></COLUMNNAME>
<!--98A84E0B1B3B4A55ACE97BB34DAC9255-->  <NAME><![CDATA[Pick Example 3]]></NAME>
<!--98A84E0B1B3B4A55ACE97BB34DAC9255-->  <PRINTNAME><![CDATA[Pick Example 3]]></PRINTNAME>
<!--98A84E0B1B3B4A55ACE97BB34DAC9255-->  <AD_MODULE_ID><![CDATA[7883BFF602B4449087A3A65A0DC72E5C]]></AD_MODULE_ID>
<!--98A84E0B1B3B4A55ACE97BB34DAC9255-->  <ISGLOSSARY><![CDATA[N]]></ISGLOSSARY>
<!--98A84E0B1B3B4A55ACE97BB34DAC9255--></AD_ELEMENT>

<!--ADDA67BE42A64A4D81979C75E0B6A9DC--><AD_ELEMENT>
<!--ADDA67BE42A64A4D81979C75E0B6A9DC-->  <AD_ELEMENT_ID><![CDATA[ADDA67BE42A64A4D81979C75E0B6A9DC]]></AD_ELEMENT_ID>
<!--ADDA67BE42A64A4D81979C75E0B6A9DC-->  <AD_CLIENT_ID><![CDATA[0]]></AD_CLIENT_ID>
<!--ADDA67BE42A64A4D81979C75E0B6A9DC-->  <AD_ORG_ID><![CDATA[0]]></AD_ORG_ID>
<!--ADDA67BE42A64A4D81979C75E0B6A9DC-->  <ISACTIVE><![CDATA[Y]]></ISACTIVE>
<!--ADDA67BE42A64A4D81979C75E0B6A9DC-->  <COLUMNNAME><![CDATA[Obexapp_Note_ID]]></COLUMNNAME>
<!--ADDA67BE42A64A4D81979C75E0B6A9DC-->  <NAME><![CDATA[Obexapp_Note_ID]]></NAME>
<!--ADDA67BE42A64A4D81979C75E0B6A9DC-->  <PRINTNAME><![CDATA[Obexapp_Note_ID]]></PRINTNAME>
<!--ADDA67BE42A64A4D81979C75E0B6A9DC-->  <AD_MODULE_ID><![CDATA[7883BFF602B4449087A3A65A0DC72E5C]]></AD_MODULE_ID>
<!--ADDA67BE42A64A4D81979C75E0B6A9DC-->  <ISGLOSSARY><![CDATA[N]]></ISGLOSSARY>
<!--ADDA67BE42A64A4D81979C75E0B6A9DC--></AD_ELEMENT>

<!--B0620D63B6CD46438AA7A395B526928E--><AD_ELEMENT>
<!--B0620D63B6CD46438AA7A395B526928E-->  <AD_ELEMENT_ID><![CDATA[B0620D63B6CD46438AA7A395B526928E]]></AD_ELEMENT_ID>
<!--B0620D63B6CD46438AA7A395B526928E-->  <AD_CLIENT_ID><![CDATA[0]]></AD_CLIENT_ID>
<!--B0620D63B6CD46438AA7A395B526928E-->  <AD_ORG_ID><![CDATA[0]]></AD_ORG_ID>
<!--B0620D63B6CD46438AA7A395B526928E-->  <ISACTIVE><![CDATA[Y]]></ISACTIVE>
<!--B0620D63B6CD46438AA7A395B526928E-->  <COLUMNNAME><![CDATA[EM_Obexapp_Total]]></COLUMNNAME>
<!--B0620D63B6CD46438AA7A395B526928E-->  <NAME><![CDATA[Example Total]]></NAME>
<!--B0620D63B6CD46438AA7A395B526928E-->  <PRINTNAME><![CDATA[EM_Obexapp_Total]]></PRINTNAME>
<!--B0620D63B6CD46438AA7A395B526928E-->  <AD_MODULE_ID><![CDATA[7883BFF602B4449087A3A65A0DC72E5C]]></AD_MODULE_ID>
<!--B0620D63B6CD46438AA7A395B526928E-->  <ISGLOSSARY><![CDATA[N]]></ISGLOSSARY>
<!--B0620D63B6CD46438AA7A395B526928E--></AD_ELEMENT>

<!--B6034C3A8A6049EF911910CE7305380E--><AD_ELEMENT>
<!--B6034C3A8A6049EF911910CE7305380E-->  <AD_ELEMENT_ID><![CDATA[B6034C3A8A6049EF911910CE7305380E]]></AD_ELEMENT_ID>
<!--B6034C3A8A6049EF911910CE7305380E-->  <AD_CLIENT_ID><![CDATA[0]]></AD_CLIENT_ID>
<!--B6034C3A8A6049EF911910CE7305380E-->  <AD_ORG_ID><![CDATA[0]]></AD_ORG_ID>
<!--B6034C3A8A6049EF911910CE7305380E-->  <ISACTIVE><![CDATA[Y]]></ISACTIVE>
<!--B6034C3A8A6049EF911910CE7305380E-->  <COLUMNNAME><![CDATA[buttonList]]></COLUMNNAME>
<!--B6034C3A8A6049EF911910CE7305380E-->  <NAME><![CDATA[Button List]]></NAME>
<!--B6034C3A8A6049EF911910CE7305380E-->  <PRINTNAME><![CDATA[Button List]]></PRINTNAME>
<!--B6034C3A8A6049EF911910CE7305380E-->  <AD_MODULE_ID><![CDATA[7883BFF602B4449087A3A65A0DC72E5C]]></AD_MODULE_ID>
<!--B6034C3A8A6049EF911910CE7305380E-->  <ISGLOSSARY><![CDATA[N]]></ISGLOSSARY>
<!--B6034C3A8A6049EF911910CE7305380E--></AD_ELEMENT>

<!--D40D043E2C4D4429BAB237D0614B1BC5--><AD_ELEMENT>
<!--D40D043E2C4D4429BAB237D0614B1BC5-->  <AD_ELEMENT_ID><![CDATA[D40D043E2C4D4429BAB237D0614B1BC5]]></AD_ELEMENT_ID>
<!--D40D043E2C4D4429BAB237D0614B1BC5-->  <AD_CLIENT_ID><![CDATA[0]]></AD_CLIENT_ID>
<!--D40D043E2C4D4429BAB237D0614B1BC5-->  <AD_ORG_ID><![CDATA[0]]></AD_ORG_ID>
<!--D40D043E2C4D4429BAB237D0614B1BC5-->  <ISACTIVE><![CDATA[Y]]></ISACTIVE>
<!--D40D043E2C4D4429BAB237D0614B1BC5-->  <COLUMNNAME><![CDATA[EM_OBEXAPP_lineQuantity]]></COLUMNNAME>
<!--D40D043E2C4D4429BAB237D0614B1BC5-->  <NAME><![CDATA[EM_OBEXAPP_lineQuantity]]></NAME>
<!--D40D043E2C4D4429BAB237D0614B1BC5-->  <PRINTNAME><![CDATA[EM_OBEXAPP_lineQuantity]]></PRINTNAME>
<!--D40D043E2C4D4429BAB237D0614B1BC5-->  <AD_MODULE_ID><![CDATA[7883BFF602B4449087A3A65A0DC72E5C]]></AD_MODULE_ID>
<!--D40D043E2C4D4429BAB237D0614B1BC5-->  <ISGLOSSARY><![CDATA[N]]></ISGLOSSARY>
<!--D40D043E2C4D4429BAB237D0614B1BC5--></AD_ELEMENT>

</data>
