<?xml version='1.0' encoding='UTF-8'?>
<data>
<!--466B173B74B94D7BB6681732388E474A--><AD_MENU>
<!--466B173B74B94D7BB6681732388E474A-->  <AD_MENU_ID><![CDATA[466B173B74B94D7BB6681732388E474A]]></AD_MENU_ID>
<!--466B173B74B94D7BB6681732388E474A-->  <AD_CLIENT_ID><![CDATA[0]]></AD_CLIENT_ID>
<!--466B173B74B94D7BB6681732388E474A-->  <AD_ORG_ID><![CDATA[0]]></AD_ORG_ID>
<!--466B173B74B94D7BB6681732388E474A-->  <ISACTIVE><![CDATA[Y]]></ISACTIVE>
<!--466B173B74B94D7BB6681732388E474A-->  <NAME><![CDATA[Invoice Lines]]></NAME>
<!--466B173B74B94D7BB6681732388E474A-->  <ISSUMMARY><![CDATA[N]]></ISSUMMARY>
<!--466B173B74B94D7BB6681732388E474A-->  <ACTION><![CDATA[W]]></ACTION>
<!--466B173B74B94D7BB6681732388E474A-->  <AD_WINDOW_ID><![CDATA[8B359CBC69B74CDDAD1ABC43046E2F33]]></AD_WINDOW_ID>
<!--466B173B74B94D7BB6681732388E474A-->  <AD_MODULE_ID><![CDATA[7883BFF602B4449087A3A65A0DC72E5C]]></AD_MODULE_ID>
<!--466B173B74B94D7BB6681732388E474A-->  <OPENLINKINBROWSER><![CDATA[N]]></OPENLINKINBROWSER>
<!--466B173B74B94D7BB6681732388E474A--></AD_MENU>

<!--4ECFF933AC5A4BBE994F77F28366C0D2--><AD_MENU>
<!--4ECFF933AC5A4BBE994F77F28366C0D2-->  <AD_MENU_ID><![CDATA[4ECFF933AC5A4BBE994F77F28366C0D2]]></AD_MENU_ID>
<!--4ECFF933AC5A4BBE994F77F28366C0D2-->  <AD_CLIENT_ID><![CDATA[0]]></AD_CLIENT_ID>
<!--4ECFF933AC5A4BBE994F77F28366C0D2-->  <AD_ORG_ID><![CDATA[0]]></AD_ORG_ID>
<!--4ECFF933AC5A4BBE994F77F28366C0D2-->  <ISACTIVE><![CDATA[Y]]></ISACTIVE>
<!--4ECFF933AC5A4BBE994F77F28366C0D2-->  <NAME><![CDATA[Hello View Button]]></NAME>
<!--4ECFF933AC5A4BBE994F77F28366C0D2-->  <DESCRIPTION><![CDATA[Shows an example of a hello view button]]></DESCRIPTION>
<!--4ECFF933AC5A4BBE994F77F28366C0D2-->  <ISSUMMARY><![CDATA[N]]></ISSUMMARY>
<!--4ECFF933AC5A4BBE994F77F28366C0D2-->  <ACTION><![CDATA[OBUIAPP_OpenView]]></ACTION>
<!--4ECFF933AC5A4BBE994F77F28366C0D2-->  <AD_MODULE_ID><![CDATA[7883BFF602B4449087A3A65A0DC72E5C]]></AD_MODULE_ID>
<!--4ECFF933AC5A4BBE994F77F28366C0D2-->  <OPENLINKINBROWSER><![CDATA[N]]></OPENLINKINBROWSER>
<!--4ECFF933AC5A4BBE994F77F28366C0D2-->  <EM_OBUIAPP_VIEW_IMPL_ID><![CDATA[AF338C068E604FA4ABF2850A2F942801]]></EM_OBUIAPP_VIEW_IMPL_ID>
<!--4ECFF933AC5A4BBE994F77F28366C0D2--></AD_MENU>

<!--5B74834032A2498FAD2B4D5A0C5D2610--><AD_MENU>
<!--5B74834032A2498FAD2B4D5A0C5D2610-->  <AD_MENU_ID><![CDATA[5B74834032A2498FAD2B4D5A0C5D2610]]></AD_MENU_ID>
<!--5B74834032A2498FAD2B4D5A0C5D2610-->  <AD_CLIENT_ID><![CDATA[0]]></AD_CLIENT_ID>
<!--5B74834032A2498FAD2B4D5A0C5D2610-->  <AD_ORG_ID><![CDATA[0]]></AD_ORG_ID>
<!--5B74834032A2498FAD2B4D5A0C5D2610-->  <ISACTIVE><![CDATA[Y]]></ISACTIVE>
<!--5B74834032A2498FAD2B4D5A0C5D2610-->  <NAME><![CDATA[Example Param Process]]></NAME>
<!--5B74834032A2498FAD2B4D5A0C5D2610-->  <ISSUMMARY><![CDATA[N]]></ISSUMMARY>
<!--5B74834032A2498FAD2B4D5A0C5D2610-->  <ACTION><![CDATA[OBUIAPP_Process]]></ACTION>
<!--5B74834032A2498FAD2B4D5A0C5D2610-->  <AD_MODULE_ID><![CDATA[7883BFF602B4449087A3A65A0DC72E5C]]></AD_MODULE_ID>
<!--5B74834032A2498FAD2B4D5A0C5D2610-->  <OPENLINKINBROWSER><![CDATA[N]]></OPENLINKINBROWSER>
<!--5B74834032A2498FAD2B4D5A0C5D2610-->  <EM_OBUIAPP_PROCESS_ID><![CDATA[8531AA22C252484FB7C0C14BF7B9FE94]]></EM_OBUIAPP_PROCESS_ID>
<!--5B74834032A2498FAD2B4D5A0C5D2610--></AD_MENU>

<!--ADAB9549CBD241738E18519061841FF2--><AD_MENU>
<!--ADAB9549CBD241738E18519061841FF2-->  <AD_MENU_ID><![CDATA[ADAB9549CBD241738E18519061841FF2]]></AD_MENU_ID>
<!--ADAB9549CBD241738E18519061841FF2-->  <AD_CLIENT_ID><![CDATA[0]]></AD_CLIENT_ID>
<!--ADAB9549CBD241738E18519061841FF2-->  <AD_ORG_ID><![CDATA[0]]></AD_ORG_ID>
<!--ADAB9549CBD241738E18519061841FF2-->  <ISACTIVE><![CDATA[Y]]></ISACTIVE>
<!--ADAB9549CBD241738E18519061841FF2-->  <NAME><![CDATA[P&E Window Example]]></NAME>
<!--ADAB9549CBD241738E18519061841FF2-->  <ISSUMMARY><![CDATA[N]]></ISSUMMARY>
<!--ADAB9549CBD241738E18519061841FF2-->  <ACTION><![CDATA[OBUIAPP_Process]]></ACTION>
<!--ADAB9549CBD241738E18519061841FF2-->  <AD_MODULE_ID><![CDATA[7883BFF602B4449087A3A65A0DC72E5C]]></AD_MODULE_ID>
<!--ADAB9549CBD241738E18519061841FF2-->  <OPENLINKINBROWSER><![CDATA[N]]></OPENLINKINBROWSER>
<!--ADAB9549CBD241738E18519061841FF2-->  <EM_OBUIAPP_PROCESS_ID><![CDATA[04A18DEC44C54D6DAEBF9E5C6A766A1A]]></EM_OBUIAPP_PROCESS_ID>
<!--ADAB9549CBD241738E18519061841FF2--></AD_MENU>

<!--FF80818131AE1B250131AF799849003C--><AD_MENU>
<!--FF80818131AE1B250131AF799849003C-->  <AD_MENU_ID><![CDATA[FF80818131AE1B250131AF799849003C]]></AD_MENU_ID>
<!--FF80818131AE1B250131AF799849003C-->  <AD_CLIENT_ID><![CDATA[0]]></AD_CLIENT_ID>
<!--FF80818131AE1B250131AF799849003C-->  <AD_ORG_ID><![CDATA[0]]></AD_ORG_ID>
<!--FF80818131AE1B250131AF799849003C-->  <ISACTIVE><![CDATA[Y]]></ISACTIVE>
<!--FF80818131AE1B250131AF799849003C-->  <NAME><![CDATA[Simple Main View]]></NAME>
<!--FF80818131AE1B250131AF799849003C-->  <DESCRIPTION><![CDATA[Example of a main view]]></DESCRIPTION>
<!--FF80818131AE1B250131AF799849003C-->  <ISSUMMARY><![CDATA[N]]></ISSUMMARY>
<!--FF80818131AE1B250131AF799849003C-->  <ACTION><![CDATA[OBUIAPP_OpenView]]></ACTION>
<!--FF80818131AE1B250131AF799849003C-->  <AD_MODULE_ID><![CDATA[7883BFF602B4449087A3A65A0DC72E5C]]></AD_MODULE_ID>
<!--FF80818131AE1B250131AF799849003C-->  <OPENLINKINBROWSER><![CDATA[N]]></OPENLINKINBROWSER>
<!--FF80818131AE1B250131AF799849003C-->  <EM_OBUIAPP_VIEW_IMPL_ID><![CDATA[FF80818131AE1B250131AF7920130038]]></EM_OBUIAPP_VIEW_IMPL_ID>
<!--FF80818131AE1B250131AF799849003C--></AD_MENU>

<!--FF80818131AE1B250131AF7B42D4004D--><AD_MENU>
<!--FF80818131AE1B250131AF7B42D4004D-->  <AD_MENU_ID><![CDATA[FF80818131AE1B250131AF7B42D4004D]]></AD_MENU_ID>
<!--FF80818131AE1B250131AF7B42D4004D-->  <AD_CLIENT_ID><![CDATA[0]]></AD_CLIENT_ID>
<!--FF80818131AE1B250131AF7B42D4004D-->  <AD_ORG_ID><![CDATA[0]]></AD_ORG_ID>
<!--FF80818131AE1B250131AF7B42D4004D-->  <ISACTIVE><![CDATA[Y]]></ISACTIVE>
<!--FF80818131AE1B250131AF7B42D4004D-->  <NAME><![CDATA[Application Examples]]></NAME>
<!--FF80818131AE1B250131AF7B42D4004D-->  <DESCRIPTION><![CDATA[Main Folder with application examples]]></DESCRIPTION>
<!--FF80818131AE1B250131AF7B42D4004D-->  <ISSUMMARY><![CDATA[Y]]></ISSUMMARY>
<!--FF80818131AE1B250131AF7B42D4004D-->  <AD_MODULE_ID><![CDATA[7883BFF602B4449087A3A65A0DC72E5C]]></AD_MODULE_ID>
<!--FF80818131AE1B250131AF7B42D4004D-->  <OPENLINKINBROWSER><![CDATA[N]]></OPENLINKINBROWSER>
<!--FF80818131AE1B250131AF7B42D4004D--></AD_MENU>

<!--FF80818131B41A4C0131B43E1CE70018--><AD_MENU>
<!--FF80818131B41A4C0131B43E1CE70018-->  <AD_MENU_ID><![CDATA[FF80818131B41A4C0131B43E1CE70018]]></AD_MENU_ID>
<!--FF80818131B41A4C0131B43E1CE70018-->  <AD_CLIENT_ID><![CDATA[0]]></AD_CLIENT_ID>
<!--FF80818131B41A4C0131B43E1CE70018-->  <AD_ORG_ID><![CDATA[0]]></AD_ORG_ID>
<!--FF80818131B41A4C0131B43E1CE70018-->  <ISACTIVE><![CDATA[Y]]></ISACTIVE>
<!--FF80818131B41A4C0131B43E1CE70018-->  <NAME><![CDATA[Hello World Label]]></NAME>
<!--FF80818131B41A4C0131B43E1CE70018-->  <DESCRIPTION><![CDATA[Simple view with a label]]></DESCRIPTION>
<!--FF80818131B41A4C0131B43E1CE70018-->  <ISSUMMARY><![CDATA[N]]></ISSUMMARY>
<!--FF80818131B41A4C0131B43E1CE70018-->  <ACTION><![CDATA[OBUIAPP_OpenView]]></ACTION>
<!--FF80818131B41A4C0131B43E1CE70018-->  <AD_MODULE_ID><![CDATA[7883BFF602B4449087A3A65A0DC72E5C]]></AD_MODULE_ID>
<!--FF80818131B41A4C0131B43E1CE70018-->  <OPENLINKINBROWSER><![CDATA[N]]></OPENLINKINBROWSER>
<!--FF80818131B41A4C0131B43E1CE70018-->  <EM_OBUIAPP_VIEW_IMPL_ID><![CDATA[7883BFF602B4449087A3A65A0DC72E5B]]></EM_OBUIAPP_VIEW_IMPL_ID>
<!--FF80818131B41A4C0131B43E1CE70018--></AD_MENU>

<!--FF80818131B41A4C0131B43E80C8001D--><AD_MENU>
<!--FF80818131B41A4C0131B43E80C8001D-->  <AD_MENU_ID><![CDATA[FF80818131B41A4C0131B43E80C8001D]]></AD_MENU_ID>
<!--FF80818131B41A4C0131B43E80C8001D-->  <AD_CLIENT_ID><![CDATA[0]]></AD_CLIENT_ID>
<!--FF80818131B41A4C0131B43E80C8001D-->  <AD_ORG_ID><![CDATA[0]]></AD_ORG_ID>
<!--FF80818131B41A4C0131B43E80C8001D-->  <ISACTIVE><![CDATA[Y]]></ISACTIVE>
<!--FF80818131B41A4C0131B43E80C8001D-->  <NAME><![CDATA[Hello World View]]></NAME>
<!--FF80818131B41A4C0131B43E80C8001D-->  <DESCRIPTION><![CDATA[Hello World View]]></DESCRIPTION>
<!--FF80818131B41A4C0131B43E80C8001D-->  <ISSUMMARY><![CDATA[N]]></ISSUMMARY>
<!--FF80818131B41A4C0131B43E80C8001D-->  <ACTION><![CDATA[OBUIAPP_OpenView]]></ACTION>
<!--FF80818131B41A4C0131B43E80C8001D-->  <AD_MODULE_ID><![CDATA[7883BFF602B4449087A3A65A0DC72E5C]]></AD_MODULE_ID>
<!--FF80818131B41A4C0131B43E80C8001D-->  <OPENLINKINBROWSER><![CDATA[N]]></OPENLINKINBROWSER>
<!--FF80818131B41A4C0131B43E80C8001D-->  <EM_OBUIAPP_VIEW_IMPL_ID><![CDATA[118334A957224769A85B2DAE9F41CE96]]></EM_OBUIAPP_VIEW_IMPL_ID>
<!--FF80818131B41A4C0131B43E80C8001D--></AD_MENU>

<!--FF8081813290114F0132901FA749002A--><AD_MENU>
<!--FF8081813290114F0132901FA749002A-->  <AD_MENU_ID><![CDATA[FF8081813290114F0132901FA749002A]]></AD_MENU_ID>
<!--FF8081813290114F0132901FA749002A-->  <AD_CLIENT_ID><![CDATA[0]]></AD_CLIENT_ID>
<!--FF8081813290114F0132901FA749002A-->  <AD_ORG_ID><![CDATA[0]]></AD_ORG_ID>
<!--FF8081813290114F0132901FA749002A-->  <ISACTIVE><![CDATA[Y]]></ISACTIVE>
<!--FF8081813290114F0132901FA749002A-->  <NAME><![CDATA[Application Example]]></NAME>
<!--FF8081813290114F0132901FA749002A-->  <DESCRIPTION><![CDATA[Example showing client side callouts ]]></DESCRIPTION>
<!--FF8081813290114F0132901FA749002A-->  <ISSUMMARY><![CDATA[N]]></ISSUMMARY>
<!--FF8081813290114F0132901FA749002A-->  <ACTION><![CDATA[W]]></ACTION>
<!--FF8081813290114F0132901FA749002A-->  <AD_WINDOW_ID><![CDATA[FF8081813290114F0132901E61DE0017]]></AD_WINDOW_ID>
<!--FF8081813290114F0132901FA749002A-->  <AD_MODULE_ID><![CDATA[7883BFF602B4449087A3A65A0DC72E5C]]></AD_MODULE_ID>
<!--FF8081813290114F0132901FA749002A-->  <OPENLINKINBROWSER><![CDATA[N]]></OPENLINKINBROWSER>
<!--FF8081813290114F0132901FA749002A--></AD_MENU>

</data>
