<?xml version='1.0' encoding='UTF-8'?>
<data>
<!--A29DD1FCFCF84784B3BFF55127632D5A--><AD_MODULE_DBPREFIX>
<!--A29DD1FCFCF84784B3BFF55127632D5A-->  <AD_MODULE_DBPREFIX_ID><![CDATA[A29DD1FCFCF84784B3BFF55127632D5A]]></AD_MODULE_DBPREFIX_ID>
<!--A29DD1FCFCF84784B3BFF55127632D5A-->  <AD_CLIENT_ID><![CDATA[0]]></AD_CLIENT_ID>
<!--A29DD1FCFCF84784B3BFF55127632D5A-->  <AD_ORG_ID><![CDATA[0]]></AD_ORG_ID>
<!--A29DD1FCFCF84784B3BFF55127632D5A-->  <ISACTIVE><![CDATA[Y]]></ISACTIVE>
<!--A29DD1FCFCF84784B3BFF55127632D5A-->  <AD_MODULE_ID><![CDATA[7883BFF602B4449087A3A65A0DC72E5C]]></AD_MODULE_ID>
<!--A29DD1FCFCF84784B3BFF55127632D5A-->  <NAME><![CDATA[OBEXAPP]]></NAME>
<!--A29DD1FCFCF84784B3BFF55127632D5A--></AD_MODULE_DBPREFIX>

</data>
