<?xml version='1.0' encoding='UTF-8'?>
<data>
<!--122BE9B0F6E8401B94E5CFB3E322FED4--><AD_MESSAGE>
<!--122BE9B0F6E8401B94E5CFB3E322FED4-->  <AD_MESSAGE_ID><![CDATA[122BE9B0F6E8401B94E5CFB3E322FED4]]></AD_MESSAGE_ID>
<!--122BE9B0F6E8401B94E5CFB3E322FED4-->  <AD_CLIENT_ID><![CDATA[0]]></AD_CLIENT_ID>
<!--122BE9B0F6E8401B94E5CFB3E322FED4-->  <AD_ORG_ID><![CDATA[0]]></AD_ORG_ID>
<!--122BE9B0F6E8401B94E5CFB3E322FED4-->  <ISACTIVE><![CDATA[Y]]></ISACTIVE>
<!--122BE9B0F6E8401B94E5CFB3E322FED4-->  <VALUE><![CDATA[OBEXAPP_OpenViewTabTitle]]></VALUE>
<!--122BE9B0F6E8401B94E5CFB3E322FED4-->  <MSGTEXT><![CDATA[Example View]]></MSGTEXT>
<!--122BE9B0F6E8401B94E5CFB3E322FED4-->  <MSGTYPE><![CDATA[I]]></MSGTYPE>
<!--122BE9B0F6E8401B94E5CFB3E322FED4-->  <AD_MODULE_ID><![CDATA[7883BFF602B4449087A3A65A0DC72E5C]]></AD_MODULE_ID>
<!--122BE9B0F6E8401B94E5CFB3E322FED4-->  <ISINCLUDEINI18N><![CDATA[N]]></ISINCLUDEINI18N>
<!--122BE9B0F6E8401B94E5CFB3E322FED4--></AD_MESSAGE>

<!--28556CB51F3D45AB8EC401CDE8E9FADD--><AD_MESSAGE>
<!--28556CB51F3D45AB8EC401CDE8E9FADD-->  <AD_MESSAGE_ID><![CDATA[28556CB51F3D45AB8EC401CDE8E9FADD]]></AD_MESSAGE_ID>
<!--28556CB51F3D45AB8EC401CDE8E9FADD-->  <AD_CLIENT_ID><![CDATA[0]]></AD_CLIENT_ID>
<!--28556CB51F3D45AB8EC401CDE8E9FADD-->  <AD_ORG_ID><![CDATA[0]]></AD_ORG_ID>
<!--28556CB51F3D45AB8EC401CDE8E9FADD-->  <ISACTIVE><![CDATA[Y]]></ISACTIVE>
<!--28556CB51F3D45AB8EC401CDE8E9FADD-->  <VALUE><![CDATA[OBEXAPP_TestViewContents]]></VALUE>
<!--28556CB51F3D45AB8EC401CDE8E9FADD-->  <MSGTEXT><![CDATA[This window can be dragged around in the tab. It is to show that any Smartclient canvas can be used as the content of a tab. ]]></MSGTEXT>
<!--28556CB51F3D45AB8EC401CDE8E9FADD-->  <MSGTYPE><![CDATA[I]]></MSGTYPE>
<!--28556CB51F3D45AB8EC401CDE8E9FADD-->  <AD_MODULE_ID><![CDATA[7883BFF602B4449087A3A65A0DC72E5C]]></AD_MODULE_ID>
<!--28556CB51F3D45AB8EC401CDE8E9FADD-->  <ISINCLUDEINI18N><![CDATA[N]]></ISINCLUDEINI18N>
<!--28556CB51F3D45AB8EC401CDE8E9FADD--></AD_MESSAGE>

<!--8B44111B7F6F401AAA9558C1560F9E61--><AD_MESSAGE>
<!--8B44111B7F6F401AAA9558C1560F9E61-->  <AD_MESSAGE_ID><![CDATA[8B44111B7F6F401AAA9558C1560F9E61]]></AD_MESSAGE_ID>
<!--8B44111B7F6F401AAA9558C1560F9E61-->  <AD_CLIENT_ID><![CDATA[0]]></AD_CLIENT_ID>
<!--8B44111B7F6F401AAA9558C1560F9E61-->  <AD_ORG_ID><![CDATA[0]]></AD_ORG_ID>
<!--8B44111B7F6F401AAA9558C1560F9E61-->  <ISACTIVE><![CDATA[Y]]></ISACTIVE>
<!--8B44111B7F6F401AAA9558C1560F9E61-->  <VALUE><![CDATA[OBEXAPP_HelloWorld]]></VALUE>
<!--8B44111B7F6F401AAA9558C1560F9E61-->  <MSGTEXT><![CDATA[Hello World]]></MSGTEXT>
<!--8B44111B7F6F401AAA9558C1560F9E61-->  <MSGTYPE><![CDATA[I]]></MSGTYPE>
<!--8B44111B7F6F401AAA9558C1560F9E61-->  <AD_MODULE_ID><![CDATA[7883BFF602B4449087A3A65A0DC72E5C]]></AD_MODULE_ID>
<!--8B44111B7F6F401AAA9558C1560F9E61-->  <ISINCLUDEINI18N><![CDATA[N]]></ISINCLUDEINI18N>
<!--8B44111B7F6F401AAA9558C1560F9E61--></AD_MESSAGE>

<!--E82F3B03E4FF4784B36C52E636ED3B8E--><AD_MESSAGE>
<!--E82F3B03E4FF4784B36C52E636ED3B8E-->  <AD_MESSAGE_ID><![CDATA[E82F3B03E4FF4784B36C52E636ED3B8E]]></AD_MESSAGE_ID>
<!--E82F3B03E4FF4784B36C52E636ED3B8E-->  <AD_CLIENT_ID><![CDATA[0]]></AD_CLIENT_ID>
<!--E82F3B03E4FF4784B36C52E636ED3B8E-->  <AD_ORG_ID><![CDATA[0]]></AD_ORG_ID>
<!--E82F3B03E4FF4784B36C52E636ED3B8E-->  <ISACTIVE><![CDATA[Y]]></ISACTIVE>
<!--E82F3B03E4FF4784B36C52E636ED3B8E-->  <VALUE><![CDATA[OBEXAPP_TestViewWindowTitle]]></VALUE>
<!--E82F3B03E4FF4784B36C52E636ED3B8E-->  <MSGTEXT><![CDATA[Example ]]></MSGTEXT>
<!--E82F3B03E4FF4784B36C52E636ED3B8E-->  <MSGTYPE><![CDATA[I]]></MSGTYPE>
<!--E82F3B03E4FF4784B36C52E636ED3B8E-->  <AD_MODULE_ID><![CDATA[7883BFF602B4449087A3A65A0DC72E5C]]></AD_MODULE_ID>
<!--E82F3B03E4FF4784B36C52E636ED3B8E-->  <ISINCLUDEINI18N><![CDATA[N]]></ISINCLUDEINI18N>
<!--E82F3B03E4FF4784B36C52E636ED3B8E--></AD_MESSAGE>

<!--E969C9A1A7C74B578EB453D34DF108FB--><AD_MESSAGE>
<!--E969C9A1A7C74B578EB453D34DF108FB-->  <AD_MESSAGE_ID><![CDATA[E969C9A1A7C74B578EB453D34DF108FB]]></AD_MESSAGE_ID>
<!--E969C9A1A7C74B578EB453D34DF108FB-->  <AD_CLIENT_ID><![CDATA[0]]></AD_CLIENT_ID>
<!--E969C9A1A7C74B578EB453D34DF108FB-->  <AD_ORG_ID><![CDATA[0]]></AD_ORG_ID>
<!--E969C9A1A7C74B578EB453D34DF108FB-->  <ISACTIVE><![CDATA[Y]]></ISACTIVE>
<!--E969C9A1A7C74B578EB453D34DF108FB-->  <VALUE><![CDATA[Obexapp_Updated]]></VALUE>
<!--E969C9A1A7C74B578EB453D34DF108FB-->  <MSGTEXT><![CDATA[Updated %0 records]]></MSGTEXT>
<!--E969C9A1A7C74B578EB453D34DF108FB-->  <MSGTYPE><![CDATA[I]]></MSGTYPE>
<!--E969C9A1A7C74B578EB453D34DF108FB-->  <AD_MODULE_ID><![CDATA[7883BFF602B4449087A3A65A0DC72E5C]]></AD_MODULE_ID>
<!--E969C9A1A7C74B578EB453D34DF108FB-->  <ISINCLUDEINI18N><![CDATA[N]]></ISINCLUDEINI18N>
<!--E969C9A1A7C74B578EB453D34DF108FB--></AD_MESSAGE>

<!--F7A840131284475ABF2794A4898CEA89--><AD_MESSAGE>
<!--F7A840131284475ABF2794A4898CEA89-->  <AD_MESSAGE_ID><![CDATA[F7A840131284475ABF2794A4898CEA89]]></AD_MESSAGE_ID>
<!--F7A840131284475ABF2794A4898CEA89-->  <AD_CLIENT_ID><![CDATA[0]]></AD_CLIENT_ID>
<!--F7A840131284475ABF2794A4898CEA89-->  <AD_ORG_ID><![CDATA[0]]></AD_ORG_ID>
<!--F7A840131284475ABF2794A4898CEA89-->  <ISACTIVE><![CDATA[Y]]></ISACTIVE>
<!--F7A840131284475ABF2794A4898CEA89-->  <VALUE><![CDATA[OBEXAPP_SayHello]]></VALUE>
<!--F7A840131284475ABF2794A4898CEA89-->  <MSGTEXT><![CDATA[Hello: %0!]]></MSGTEXT>
<!--F7A840131284475ABF2794A4898CEA89-->  <MSGTYPE><![CDATA[I]]></MSGTYPE>
<!--F7A840131284475ABF2794A4898CEA89-->  <AD_MODULE_ID><![CDATA[7883BFF602B4449087A3A65A0DC72E5C]]></AD_MODULE_ID>
<!--F7A840131284475ABF2794A4898CEA89-->  <ISINCLUDEINI18N><![CDATA[N]]></ISINCLUDEINI18N>
<!--F7A840131284475ABF2794A4898CEA89--></AD_MESSAGE>

<!--F96D11F963124B2ABACDE43470A2829F--><AD_MESSAGE>
<!--F96D11F963124B2ABACDE43470A2829F-->  <AD_MESSAGE_ID><![CDATA[F96D11F963124B2ABACDE43470A2829F]]></AD_MESSAGE_ID>
<!--F96D11F963124B2ABACDE43470A2829F-->  <AD_CLIENT_ID><![CDATA[0]]></AD_CLIENT_ID>
<!--F96D11F963124B2ABACDE43470A2829F-->  <AD_ORG_ID><![CDATA[0]]></AD_ORG_ID>
<!--F96D11F963124B2ABACDE43470A2829F-->  <ISACTIVE><![CDATA[Y]]></ISACTIVE>
<!--F96D11F963124B2ABACDE43470A2829F-->  <VALUE><![CDATA[OBEXAPP_MinGtMax]]></VALUE>
<!--F96D11F963124B2ABACDE43470A2829F-->  <MSGTEXT><![CDATA[Min value (%0) cannot be greater than Max value (%1)]]></MSGTEXT>
<!--F96D11F963124B2ABACDE43470A2829F-->  <MSGTYPE><![CDATA[E]]></MSGTYPE>
<!--F96D11F963124B2ABACDE43470A2829F-->  <AD_MODULE_ID><![CDATA[7883BFF602B4449087A3A65A0DC72E5C]]></AD_MODULE_ID>
<!--F96D11F963124B2ABACDE43470A2829F-->  <ISINCLUDEINI18N><![CDATA[N]]></ISINCLUDEINI18N>
<!--F96D11F963124B2ABACDE43470A2829F--></AD_MESSAGE>

<!--FF8081813093246901309325769C0004--><AD_MESSAGE>
<!--FF8081813093246901309325769C0004-->  <AD_MESSAGE_ID><![CDATA[FF8081813093246901309325769C0004]]></AD_MESSAGE_ID>
<!--FF8081813093246901309325769C0004-->  <AD_CLIENT_ID><![CDATA[0]]></AD_CLIENT_ID>
<!--FF8081813093246901309325769C0004-->  <AD_ORG_ID><![CDATA[0]]></AD_ORG_ID>
<!--FF8081813093246901309325769C0004-->  <ISACTIVE><![CDATA[Y]]></ISACTIVE>
<!--FF8081813093246901309325769C0004-->  <VALUE><![CDATA[OBEXAPP_SumResult]]></VALUE>
<!--FF8081813093246901309325769C0004-->  <MSGTEXT><![CDATA[The result of the sum is %0]]></MSGTEXT>
<!--FF8081813093246901309325769C0004-->  <MSGTYPE><![CDATA[I]]></MSGTYPE>
<!--FF8081813093246901309325769C0004-->  <AD_MODULE_ID><![CDATA[7883BFF602B4449087A3A65A0DC72E5C]]></AD_MODULE_ID>
<!--FF8081813093246901309325769C0004-->  <ISINCLUDEINI18N><![CDATA[N]]></ISINCLUDEINI18N>
<!--FF8081813093246901309325769C0004--></AD_MESSAGE>

<!--FF80818130932469013093263C61000A--><AD_MESSAGE>
<!--FF80818130932469013093263C61000A-->  <AD_MESSAGE_ID><![CDATA[FF80818130932469013093263C61000A]]></AD_MESSAGE_ID>
<!--FF80818130932469013093263C61000A-->  <AD_CLIENT_ID><![CDATA[0]]></AD_CLIENT_ID>
<!--FF80818130932469013093263C61000A-->  <AD_ORG_ID><![CDATA[0]]></AD_ORG_ID>
<!--FF80818130932469013093263C61000A-->  <ISACTIVE><![CDATA[Y]]></ISACTIVE>
<!--FF80818130932469013093263C61000A-->  <VALUE><![CDATA[OBEXAPP_SumData]]></VALUE>
<!--FF80818130932469013093263C61000A-->  <MSGTEXT><![CDATA[Sums the grand total of the selected orders and displays the result]]></MSGTEXT>
<!--FF80818130932469013093263C61000A-->  <MSGTYPE><![CDATA[I]]></MSGTYPE>
<!--FF80818130932469013093263C61000A-->  <AD_MODULE_ID><![CDATA[7883BFF602B4449087A3A65A0DC72E5C]]></AD_MODULE_ID>
<!--FF80818130932469013093263C61000A-->  <ISINCLUDEINI18N><![CDATA[N]]></ISINCLUDEINI18N>
<!--FF80818130932469013093263C61000A--></AD_MESSAGE>

<!--FF80818131B8BA5D0131B8BB160B0004--><AD_MESSAGE>
<!--FF80818131B8BA5D0131B8BB160B0004-->  <AD_MESSAGE_ID><![CDATA[FF80818131B8BA5D0131B8BB160B0004]]></AD_MESSAGE_ID>
<!--FF80818131B8BA5D0131B8BB160B0004-->  <AD_CLIENT_ID><![CDATA[0]]></AD_CLIENT_ID>
<!--FF80818131B8BA5D0131B8BB160B0004-->  <AD_ORG_ID><![CDATA[0]]></AD_ORG_ID>
<!--FF80818131B8BA5D0131B8BB160B0004-->  <ISACTIVE><![CDATA[Y]]></ISACTIVE>
<!--FF80818131B8BA5D0131B8BB160B0004-->  <VALUE><![CDATA[OBEXAPP_ClickMe]]></VALUE>
<!--FF80818131B8BA5D0131B8BB160B0004-->  <MSGTEXT><![CDATA[Click me!]]></MSGTEXT>
<!--FF80818131B8BA5D0131B8BB160B0004-->  <MSGTYPE><![CDATA[I]]></MSGTYPE>
<!--FF80818131B8BA5D0131B8BB160B0004-->  <AD_MODULE_ID><![CDATA[7883BFF602B4449087A3A65A0DC72E5C]]></AD_MODULE_ID>
<!--FF80818131B8BA5D0131B8BB160B0004-->  <ISINCLUDEINI18N><![CDATA[N]]></ISINCLUDEINI18N>
<!--FF80818131B8BA5D0131B8BB160B0004--></AD_MESSAGE>

<!--FF80818131B8BA5D0131B8BCA2F40009--><AD_MESSAGE>
<!--FF80818131B8BA5D0131B8BCA2F40009-->  <AD_MESSAGE_ID><![CDATA[FF80818131B8BA5D0131B8BCA2F40009]]></AD_MESSAGE_ID>
<!--FF80818131B8BA5D0131B8BCA2F40009-->  <AD_CLIENT_ID><![CDATA[0]]></AD_CLIENT_ID>
<!--FF80818131B8BA5D0131B8BCA2F40009-->  <AD_ORG_ID><![CDATA[0]]></AD_ORG_ID>
<!--FF80818131B8BA5D0131B8BCA2F40009-->  <ISACTIVE><![CDATA[Y]]></ISACTIVE>
<!--FF80818131B8BA5D0131B8BCA2F40009-->  <VALUE><![CDATA[OBEXAPP_SelectedRecordsMsg]]></VALUE>
<!--FF80818131B8BA5D0131B8BCA2F40009-->  <MSGTEXT><![CDATA[%0 records have been selected]]></MSGTEXT>
<!--FF80818131B8BA5D0131B8BCA2F40009-->  <MSGTYPE><![CDATA[I]]></MSGTYPE>
<!--FF80818131B8BA5D0131B8BCA2F40009-->  <AD_MODULE_ID><![CDATA[7883BFF602B4449087A3A65A0DC72E5C]]></AD_MODULE_ID>
<!--FF80818131B8BA5D0131B8BCA2F40009-->  <ISINCLUDEINI18N><![CDATA[N]]></ISINCLUDEINI18N>
<!--FF80818131B8BA5D0131B8BCA2F40009--></AD_MESSAGE>

</data>
