<?xml version='1.0' encoding='UTF-8'?>
<data>
<!--29DC7AB15F1A4CC5ACD05CB2EE724287--><AD_MODEL_OBJECT>
<!--29DC7AB15F1A4CC5ACD05CB2EE724287-->  <AD_MODEL_OBJECT_ID><![CDATA[29DC7AB15F1A4CC5ACD05CB2EE724287]]></AD_MODEL_OBJECT_ID>
<!--29DC7AB15F1A4CC5ACD05CB2EE724287-->  <AD_CLIENT_ID><![CDATA[0]]></AD_CLIENT_ID>
<!--29DC7AB15F1A4CC5ACD05CB2EE724287-->  <AD_ORG_ID><![CDATA[0]]></AD_ORG_ID>
<!--29DC7AB15F1A4CC5ACD05CB2EE724287-->  <ISACTIVE><![CDATA[Y]]></ISACTIVE>
<!--29DC7AB15F1A4CC5ACD05CB2EE724287-->  <ACTION><![CDATA[C]]></ACTION>
<!--29DC7AB15F1A4CC5ACD05CB2EE724287-->  <CLASSNAME><![CDATA[com.etendoerp.client.application.examples.callouts.OBEXAPP_Assets_Desc]]></CLASSNAME>
<!--29DC7AB15F1A4CC5ACD05CB2EE724287-->  <ISDEFAULT><![CDATA[Y]]></ISDEFAULT>
<!--29DC7AB15F1A4CC5ACD05CB2EE724287-->  <AD_CALLOUT_ID><![CDATA[EF2F199B8E4B4D02992BEE5941195450]]></AD_CALLOUT_ID>
<!--29DC7AB15F1A4CC5ACD05CB2EE724287-->  <OBJECT_TYPE><![CDATA[S]]></OBJECT_TYPE>
<!--29DC7AB15F1A4CC5ACD05CB2EE724287--></AD_MODEL_OBJECT>

<!--78A93ED743294E359B4CC28632C64354--><AD_MODEL_OBJECT>
<!--78A93ED743294E359B4CC28632C64354-->  <AD_MODEL_OBJECT_ID><![CDATA[78A93ED743294E359B4CC28632C64354]]></AD_MODEL_OBJECT_ID>
<!--78A93ED743294E359B4CC28632C64354-->  <AD_CLIENT_ID><![CDATA[0]]></AD_CLIENT_ID>
<!--78A93ED743294E359B4CC28632C64354-->  <AD_ORG_ID><![CDATA[0]]></AD_ORG_ID>
<!--78A93ED743294E359B4CC28632C64354-->  <ISACTIVE><![CDATA[Y]]></ISACTIVE>
<!--78A93ED743294E359B4CC28632C64354-->  <ACTION><![CDATA[C]]></ACTION>
<!--78A93ED743294E359B4CC28632C64354-->  <CLASSNAME><![CDATA[com.etendoerp.client.application.examples.callouts.OBEXAPP_Assets_Name]]></CLASSNAME>
<!--78A93ED743294E359B4CC28632C64354-->  <ISDEFAULT><![CDATA[Y]]></ISDEFAULT>
<!--78A93ED743294E359B4CC28632C64354-->  <AD_CALLOUT_ID><![CDATA[B41314FE18BC4813BA00C47A6F482C5B]]></AD_CALLOUT_ID>
<!--78A93ED743294E359B4CC28632C64354-->  <OBJECT_TYPE><![CDATA[S]]></OBJECT_TYPE>
<!--78A93ED743294E359B4CC28632C64354--></AD_MODEL_OBJECT>

</data>
