<?xml version='1.0' encoding='UTF-8'?>
<data>
<!--5D10A06D683B4104968668B9FBA7CFA9--><AD_MODEL_OBJECT_MAPPING>
<!--5D10A06D683B4104968668B9FBA7CFA9-->  <AD_MODEL_OBJECT_MAPPING_ID><![CDATA[5D10A06D683B4104968668B9FBA7CFA9]]></AD_MODEL_OBJECT_MAPPING_ID>
<!--5D10A06D683B4104968668B9FBA7CFA9-->  <AD_CLIENT_ID><![CDATA[0]]></AD_CLIENT_ID>
<!--5D10A06D683B4104968668B9FBA7CFA9-->  <AD_ORG_ID><![CDATA[0]]></AD_ORG_ID>
<!--5D10A06D683B4104968668B9FBA7CFA9-->  <ISACTIVE><![CDATA[Y]]></ISACTIVE>
<!--5D10A06D683B4104968668B9FBA7CFA9-->  <AD_MODEL_OBJECT_ID><![CDATA[78A93ED743294E359B4CC28632C64354]]></AD_MODEL_OBJECT_ID>
<!--5D10A06D683B4104968668B9FBA7CFA9-->  <MAPPINGNAME><![CDATA[/com.etendoerp.client.application.examples.ad_callouts/OBEXAPP_Assets_Name.html]]></MAPPINGNAME>
<!--5D10A06D683B4104968668B9FBA7CFA9-->  <ISDEFAULT><![CDATA[Y]]></ISDEFAULT>
<!--5D10A06D683B4104968668B9FBA7CFA9--></AD_MODEL_OBJECT_MAPPING>

<!--9D43D3D6D999405985B9BEF74A1D3D95--><AD_MODEL_OBJECT_MAPPING>
<!--9D43D3D6D999405985B9BEF74A1D3D95-->  <AD_MODEL_OBJECT_MAPPING_ID><![CDATA[9D43D3D6D999405985B9BEF74A1D3D95]]></AD_MODEL_OBJECT_MAPPING_ID>
<!--9D43D3D6D999405985B9BEF74A1D3D95-->  <AD_CLIENT_ID><![CDATA[0]]></AD_CLIENT_ID>
<!--9D43D3D6D999405985B9BEF74A1D3D95-->  <AD_ORG_ID><![CDATA[0]]></AD_ORG_ID>
<!--9D43D3D6D999405985B9BEF74A1D3D95-->  <ISACTIVE><![CDATA[Y]]></ISACTIVE>
<!--9D43D3D6D999405985B9BEF74A1D3D95-->  <AD_MODEL_OBJECT_ID><![CDATA[29DC7AB15F1A4CC5ACD05CB2EE724287]]></AD_MODEL_OBJECT_ID>
<!--9D43D3D6D999405985B9BEF74A1D3D95-->  <MAPPINGNAME><![CDATA[/com.etendoerp.client.application.examples.ad_callouts/OBEXAPP_Assets_Desc.html]]></MAPPINGNAME>
<!--9D43D3D6D999405985B9BEF74A1D3D95-->  <ISDEFAULT><![CDATA[Y]]></ISDEFAULT>
<!--9D43D3D6D999405985B9BEF74A1D3D95--></AD_MODEL_OBJECT_MAPPING>

</data>
