<?xml version='1.0' encoding='UTF-8'?>
<data>
<!--6F98005FC54042AD81A59BB85F8BFA6C--><AD_MODULE_DEPENDENCY>
<!--6F98005FC54042AD81A59BB85F8BFA6C-->  <AD_MODULE_DEPENDENCY_ID><![CDATA[6F98005FC54042AD81A59BB85F8BFA6C]]></AD_MODULE_DEPENDENCY_ID>
<!--6F98005FC54042AD81A59BB85F8BFA6C-->  <AD_CLIENT_ID><![CDATA[0]]></AD_CLIENT_ID>
<!--6F98005FC54042AD81A59BB85F8BFA6C-->  <AD_ORG_ID><![CDATA[0]]></AD_ORG_ID>
<!--6F98005FC54042AD81A59BB85F8BFA6C-->  <ISACTIVE><![CDATA[Y]]></ISACTIVE>
<!--6F98005FC54042AD81A59BB85F8BFA6C-->  <AD_MODULE_ID><![CDATA[7883BFF602B4449087A3A65A0DC72E5C]]></AD_MODULE_ID>
<!--6F98005FC54042AD81A59BB85F8BFA6C-->  <AD_DEPENDENT_MODULE_ID><![CDATA[9BA0836A3CD74EE4AB48753A47211BCC]]></AD_DEPENDENT_MODULE_ID>
<!--6F98005FC54042AD81A59BB85F8BFA6C-->  <STARTVERSION><![CDATA[2.1.35301]]></STARTVERSION>
<!--6F98005FC54042AD81A59BB85F8BFA6C-->  <ISINCLUDED><![CDATA[N]]></ISINCLUDED>
<!--6F98005FC54042AD81A59BB85F8BFA6C-->  <DEPENDANT_MODULE_NAME><![CDATA[User Interface Application]]></DEPENDANT_MODULE_NAME>
<!--6F98005FC54042AD81A59BB85F8BFA6C-->  <DEPENDENCY_ENFORCEMENT><![CDATA[MAJOR]]></DEPENDENCY_ENFORCEMENT>
<!--6F98005FC54042AD81A59BB85F8BFA6C-->  <USER_EDITABLE_ENFORCEMENT><![CDATA[N]]></USER_EDITABLE_ENFORCEMENT>
<!--6F98005FC54042AD81A59BB85F8BFA6C--></AD_MODULE_DEPENDENCY>

</data>
