<?xml version='1.0' encoding='UTF-8'?>
<data>
<!--7883BFF602B4449087A3A65A0DC72E5C--><AD_MODULE>
<!--7883BFF602B4449087A3A65A0DC72E5C-->  <AD_MODULE_ID><![CDATA[7883BFF602B4449087A3A65A0DC72E5C]]></AD_MODULE_ID>
<!--7883BFF602B4449087A3A65A0DC72E5C-->  <AD_CLIENT_ID><![CDATA[0]]></AD_CLIENT_ID>
<!--7883BFF602B4449087A3A65A0DC72E5C-->  <AD_ORG_ID><![CDATA[0]]></AD_ORG_ID>
<!--7883BFF602B4449087A3A65A0DC72E5C-->  <ISACTIVE><![CDATA[Y]]></ISACTIVE>
<!--7883BFF602B4449087A3A65A0DC72E5C-->  <NAME><![CDATA[User Interface Application Examples]]></NAME>
<!--7883BFF602B4449087A3A65A0DC72E5C-->  <VERSION><![CDATA[1.4.0]]></VERSION>
<!--7883BFF602B4449087A3A65A0DC72E5C-->  <DESCRIPTION><![CDATA[Provides examples of Etendo user interface components]]></DESCRIPTION>
<!--7883BFF602B4449087A3A65A0DC72E5C-->  <HELP><![CDATA[Provides examples of Etendo user interface components such as view implementations and navigation bar components.]]></HELP>
<!--7883BFF602B4449087A3A65A0DC72E5C-->  <TYPE><![CDATA[M]]></TYPE>
<!--7883BFF602B4449087A3A65A0DC72E5C-->  <JAVAPACKAGE><![CDATA[com.etendoerp.client.application.examples]]></JAVAPACKAGE>
<!--7883BFF602B4449087A3A65A0DC72E5C-->  <LICENSETYPE><![CDATA[OBPL]]></LICENSETYPE>
<!--7883BFF602B4449087A3A65A0DC72E5C-->  <ISTRANSLATIONREQUIRED><![CDATA[Y]]></ISTRANSLATIONREQUIRED>
<!--7883BFF602B4449087A3A65A0DC72E5C-->  <AD_LANGUAGE><![CDATA[en_US]]></AD_LANGUAGE>
<!--7883BFF602B4449087A3A65A0DC72E5C-->  <HASCHARTOFACCOUNTS><![CDATA[N]]></HASCHARTOFACCOUNTS>
<!--7883BFF602B4449087A3A65A0DC72E5C-->  <ISTRANSLATIONMODULE><![CDATA[N]]></ISTRANSLATIONMODULE>
<!--7883BFF602B4449087A3A65A0DC72E5C-->  <HASREFERENCEDATA><![CDATA[Y]]></HASREFERENCEDATA>
<!--7883BFF602B4449087A3A65A0DC72E5C-->  <REFERENCEDATAINFO><![CDATA[Contains access definitions for sample views]]></REFERENCEDATAINFO>
<!--7883BFF602B4449087A3A65A0DC72E5C-->  <ISCOMMERCIAL><![CDATA[N]]></ISCOMMERCIAL>
<!--7883BFF602B4449087A3A65A0DC72E5C-->  <ISTRIALALLOWED><![CDATA[N]]></ISTRIALALLOWED>
<!--7883BFF602B4449087A3A65A0DC72E5C--></AD_MODULE>

</data>
