<?xml version='1.0' encoding='UTF-8'?>
<data>
<!--FF8081813290114F013290151EF4000A--><AD_PACKAGE>
<!--FF8081813290114F013290151EF4000A-->  <AD_PACKAGE_ID><![CDATA[FF8081813290114F013290151EF4000A]]></AD_PACKAGE_ID>
<!--FF8081813290114F013290151EF4000A-->  <AD_CLIENT_ID><![CDATA[0]]></AD_CLIENT_ID>
<!--FF8081813290114F013290151EF4000A-->  <AD_ORG_ID><![CDATA[0]]></AD_ORG_ID>
<!--FF8081813290114F013290151EF4000A-->  <NAME><![CDATA[com.etendoerp.client.application.examples]]></NAME>
<!--FF8081813290114F013290151EF4000A-->  <DESCRIPTION><![CDATA[The java package used for tables in this module]]></DESCRIPTION>
<!--FF8081813290114F013290151EF4000A-->  <JAVAPACKAGE><![CDATA[com.etendoerp.client.application.examples]]></JAVAPACKAGE>
<!--FF8081813290114F013290151EF4000A-->  <AD_MODULE_ID><![CDATA[7883BFF602B4449087A3A65A0DC72E5C]]></AD_MODULE_ID>
<!--FF8081813290114F013290151EF4000A-->  <ISACTIVE><![CDATA[Y]]></ISACTIVE>
<!--FF8081813290114F013290151EF4000A--></AD_PACKAGE>

</data>
