<?xml version='1.0' encoding='UTF-8'?>
<data>
<!--FF80818131B8BA5D0131B8EE83960016--><AD_PROCESS>
<!--FF80818131B8BA5D0131B8EE83960016-->  <AD_PROCESS_ID><![CDATA[FF80818131B8BA5D0131B8EE83960016]]></AD_PROCESS_ID>
<!--FF80818131B8BA5D0131B8EE83960016-->  <AD_CLIENT_ID><![CDATA[0]]></AD_CLIENT_ID>
<!--FF80818131B8BA5D0131B8EE83960016-->  <AD_ORG_ID><![CDATA[0]]></AD_ORG_ID>
<!--FF80818131B8BA5D0131B8EE83960016-->  <ISACTIVE><![CDATA[Y]]></ISACTIVE>
<!--FF80818131B8BA5D0131B8EE83960016-->  <VALUE><![CDATA[ProductRevenueCalculation]]></VALUE>
<!--FF80818131B8BA5D0131B8EE83960016-->  <NAME><![CDATA[Product Revenue Calculation]]></NAME>
<!--FF80818131B8BA5D0131B8EE83960016-->  <ACCESSLEVEL><![CDATA[7]]></ACCESSLEVEL>
<!--FF80818131B8BA5D0131B8EE83960016-->  <ISUSERSTARTABLE><![CDATA[N]]></ISUSERSTARTABLE>
<!--FF80818131B8BA5D0131B8EE83960016-->  <ISREPORT><![CDATA[N]]></ISREPORT>
<!--FF80818131B8BA5D0131B8EE83960016-->  <ISDIRECTPRINT><![CDATA[N]]></ISDIRECTPRINT>
<!--FF80818131B8BA5D0131B8EE83960016-->  <CLASSNAME><![CDATA[com.etendoerp.client.application.example.ProductRevenueCalculation]]></CLASSNAME>
<!--FF80818131B8BA5D0131B8EE83960016-->  <ISBACKGROUND><![CDATA[Y]]></ISBACKGROUND>
<!--FF80818131B8BA5D0131B8EE83960016-->  <ISJASPER><![CDATA[N]]></ISJASPER>
<!--FF80818131B8BA5D0131B8EE83960016-->  <ISEXTERNALSERVICE><![CDATA[N]]></ISEXTERNALSERVICE>
<!--FF80818131B8BA5D0131B8EE83960016-->  <AD_MODULE_ID><![CDATA[7883BFF602B4449087A3A65A0DC72E5C]]></AD_MODULE_ID>
<!--FF80818131B8BA5D0131B8EE83960016-->  <UIPATTERN><![CDATA[M]]></UIPATTERN>
<!--FF80818131B8BA5D0131B8EE83960016-->  <ISADVANCEDFEATURE><![CDATA[N]]></ISADVANCEDFEATURE>
<!--FF80818131B8BA5D0131B8EE83960016-->  <PREVENTCONCURRENT><![CDATA[N]]></PREVENTCONCURRENT>
<!--FF80818131B8BA5D0131B8EE83960016-->  <IS_EXPLICIT_ACCESS><![CDATA[N]]></IS_EXPLICIT_ACCESS>
<!--FF80818131B8BA5D0131B8EE83960016-->  <ISKILLABLE><![CDATA[N]]></ISKILLABLE>
<!--FF80818131B8BA5D0131B8EE83960016--></AD_PROCESS>

</data>
