<?xml version='1.0' encoding='UTF-8'?>
<data>
<!--C1CE71074A5642C99D8B9F25F0BD8CE3--><AD_REF_LIST>
<!--C1CE71074A5642C99D8B9F25F0BD8CE3-->  <AD_REF_LIST_ID><![CDATA[C1CE71074A5642C99D8B9F25F0BD8CE3]]></AD_REF_LIST_ID>
<!--C1CE71074A5642C99D8B9F25F0BD8CE3-->  <AD_CLIENT_ID><![CDATA[0]]></AD_CLIENT_ID>
<!--C1CE71074A5642C99D8B9F25F0BD8CE3-->  <AD_ORG_ID><![CDATA[0]]></AD_ORG_ID>
<!--C1CE71074A5642C99D8B9F25F0BD8CE3-->  <ISACTIVE><![CDATA[Y]]></ISACTIVE>
<!--C1CE71074A5642C99D8B9F25F0BD8CE3-->  <VALUE><![CDATA[OBEXAPP_ButtonAction1]]></VALUE>
<!--C1CE71074A5642C99D8B9F25F0BD8CE3-->  <NAME><![CDATA[Action 1]]></NAME>
<!--C1CE71074A5642C99D8B9F25F0BD8CE3-->  <AD_REFERENCE_ID><![CDATA[8C4BFDDB05D44A428A9FF0F173A13F78]]></AD_REFERENCE_ID>
<!--C1CE71074A5642C99D8B9F25F0BD8CE3-->  <AD_MODULE_ID><![CDATA[7883BFF602B4449087A3A65A0DC72E5C]]></AD_MODULE_ID>
<!--C1CE71074A5642C99D8B9F25F0BD8CE3--></AD_REF_LIST>

<!--F8BAE46862B44E02929CA05A4E28C9FE--><AD_REF_LIST>
<!--F8BAE46862B44E02929CA05A4E28C9FE-->  <AD_REF_LIST_ID><![CDATA[F8BAE46862B44E02929CA05A4E28C9FE]]></AD_REF_LIST_ID>
<!--F8BAE46862B44E02929CA05A4E28C9FE-->  <AD_CLIENT_ID><![CDATA[0]]></AD_CLIENT_ID>
<!--F8BAE46862B44E02929CA05A4E28C9FE-->  <AD_ORG_ID><![CDATA[0]]></AD_ORG_ID>
<!--F8BAE46862B44E02929CA05A4E28C9FE-->  <ISACTIVE><![CDATA[Y]]></ISACTIVE>
<!--F8BAE46862B44E02929CA05A4E28C9FE-->  <VALUE><![CDATA[OBEXAPP_ButtonAction2]]></VALUE>
<!--F8BAE46862B44E02929CA05A4E28C9FE-->  <NAME><![CDATA[Action 2]]></NAME>
<!--F8BAE46862B44E02929CA05A4E28C9FE-->  <AD_REFERENCE_ID><![CDATA[8C4BFDDB05D44A428A9FF0F173A13F78]]></AD_REFERENCE_ID>
<!--F8BAE46862B44E02929CA05A4E28C9FE-->  <AD_MODULE_ID><![CDATA[7883BFF602B4449087A3A65A0DC72E5C]]></AD_MODULE_ID>
<!--F8BAE46862B44E02929CA05A4E28C9FE--></AD_REF_LIST>

</data>
