<?xml version='1.0' encoding='UTF-8'?>
<data>
<!--0333F0B87AD74B82AB4FB6C2F21462A2--><AD_REFERENCE>
<!--0333F0B87AD74B82AB4FB6C2F21462A2-->  <AD_REFERENCE_ID><![CDATA[0333F0B87AD74B82AB4FB6C2F21462A2]]></AD_REFERENCE_ID>
<!--0333F0B87AD74B82AB4FB6C2F21462A2-->  <AD_CLIENT_ID><![CDATA[0]]></AD_CLIENT_ID>
<!--0333F0B87AD74B82AB4FB6C2F21462A2-->  <AD_ORG_ID><![CDATA[0]]></AD_ORG_ID>
<!--0333F0B87AD74B82AB4FB6C2F21462A2-->  <ISACTIVE><![CDATA[Y]]></ISACTIVE>
<!--0333F0B87AD74B82AB4FB6C2F21462A2-->  <NAME><![CDATA[OBEXAPP_PickExampleWindow2]]></NAME>
<!--0333F0B87AD74B82AB4FB6C2F21462A2-->  <AD_MODULE_ID><![CDATA[7883BFF602B4449087A3A65A0DC72E5C]]></AD_MODULE_ID>
<!--0333F0B87AD74B82AB4FB6C2F21462A2-->  <ISBASEREFERENCE><![CDATA[N]]></ISBASEREFERENCE>
<!--0333F0B87AD74B82AB4FB6C2F21462A2-->  <PARENTREFERENCE_ID><![CDATA[FF80818132D8F0F30132D9BC395D0038]]></PARENTREFERENCE_ID>
<!--0333F0B87AD74B82AB4FB6C2F21462A2-->  <ISVALUEDISPLAYED><![CDATA[N]]></ISVALUEDISPLAYED>
<!--0333F0B87AD74B82AB4FB6C2F21462A2--></AD_REFERENCE>

<!--16F387A267D84D2199115763D4158ECF--><AD_REFERENCE>
<!--16F387A267D84D2199115763D4158ECF-->  <AD_REFERENCE_ID><![CDATA[16F387A267D84D2199115763D4158ECF]]></AD_REFERENCE_ID>
<!--16F387A267D84D2199115763D4158ECF-->  <AD_CLIENT_ID><![CDATA[0]]></AD_CLIENT_ID>
<!--16F387A267D84D2199115763D4158ECF-->  <AD_ORG_ID><![CDATA[0]]></AD_ORG_ID>
<!--16F387A267D84D2199115763D4158ECF-->  <ISACTIVE><![CDATA[Y]]></ISACTIVE>
<!--16F387A267D84D2199115763D4158ECF-->  <NAME><![CDATA[OBEXAPP_PickExampleWindow1]]></NAME>
<!--16F387A267D84D2199115763D4158ECF-->  <AD_MODULE_ID><![CDATA[7883BFF602B4449087A3A65A0DC72E5C]]></AD_MODULE_ID>
<!--16F387A267D84D2199115763D4158ECF-->  <ISBASEREFERENCE><![CDATA[N]]></ISBASEREFERENCE>
<!--16F387A267D84D2199115763D4158ECF-->  <PARENTREFERENCE_ID><![CDATA[FF80818132D8F0F30132D9BC395D0038]]></PARENTREFERENCE_ID>
<!--16F387A267D84D2199115763D4158ECF-->  <ISVALUEDISPLAYED><![CDATA[N]]></ISVALUEDISPLAYED>
<!--16F387A267D84D2199115763D4158ECF--></AD_REFERENCE>

<!--8C4BFDDB05D44A428A9FF0F173A13F78--><AD_REFERENCE>
<!--8C4BFDDB05D44A428A9FF0F173A13F78-->  <AD_REFERENCE_ID><![CDATA[8C4BFDDB05D44A428A9FF0F173A13F78]]></AD_REFERENCE_ID>
<!--8C4BFDDB05D44A428A9FF0F173A13F78-->  <AD_CLIENT_ID><![CDATA[0]]></AD_CLIENT_ID>
<!--8C4BFDDB05D44A428A9FF0F173A13F78-->  <AD_ORG_ID><![CDATA[0]]></AD_ORG_ID>
<!--8C4BFDDB05D44A428A9FF0F173A13F78-->  <ISACTIVE><![CDATA[Y]]></ISACTIVE>
<!--8C4BFDDB05D44A428A9FF0F173A13F78-->  <NAME><![CDATA[OBEXAPP_ButtonList1]]></NAME>
<!--8C4BFDDB05D44A428A9FF0F173A13F78-->  <AD_MODULE_ID><![CDATA[7883BFF602B4449087A3A65A0DC72E5C]]></AD_MODULE_ID>
<!--8C4BFDDB05D44A428A9FF0F173A13F78-->  <ISBASEREFERENCE><![CDATA[N]]></ISBASEREFERENCE>
<!--8C4BFDDB05D44A428A9FF0F173A13F78-->  <PARENTREFERENCE_ID><![CDATA[FF80818132F94B500132F9575619000A]]></PARENTREFERENCE_ID>
<!--8C4BFDDB05D44A428A9FF0F173A13F78-->  <ISVALUEDISPLAYED><![CDATA[N]]></ISVALUEDISPLAYED>
<!--8C4BFDDB05D44A428A9FF0F173A13F78--></AD_REFERENCE>

<!--ABFD0D4E2BFD45EFBC0F298829649655--><AD_REFERENCE>
<!--ABFD0D4E2BFD45EFBC0F298829649655-->  <AD_REFERENCE_ID><![CDATA[ABFD0D4E2BFD45EFBC0F298829649655]]></AD_REFERENCE_ID>
<!--ABFD0D4E2BFD45EFBC0F298829649655-->  <AD_CLIENT_ID><![CDATA[0]]></AD_CLIENT_ID>
<!--ABFD0D4E2BFD45EFBC0F298829649655-->  <AD_ORG_ID><![CDATA[0]]></AD_ORG_ID>
<!--ABFD0D4E2BFD45EFBC0F298829649655-->  <ISACTIVE><![CDATA[Y]]></ISACTIVE>
<!--ABFD0D4E2BFD45EFBC0F298829649655-->  <NAME><![CDATA[Multi Order Selector]]></NAME>
<!--ABFD0D4E2BFD45EFBC0F298829649655-->  <AD_MODULE_ID><![CDATA[7883BFF602B4449087A3A65A0DC72E5C]]></AD_MODULE_ID>
<!--ABFD0D4E2BFD45EFBC0F298829649655-->  <ISBASEREFERENCE><![CDATA[N]]></ISBASEREFERENCE>
<!--ABFD0D4E2BFD45EFBC0F298829649655-->  <PARENTREFERENCE_ID><![CDATA[87E6CFF8F71548AFA33F181C317970B5]]></PARENTREFERENCE_ID>
<!--ABFD0D4E2BFD45EFBC0F298829649655-->  <ISVALUEDISPLAYED><![CDATA[N]]></ISVALUEDISPLAYED>
<!--ABFD0D4E2BFD45EFBC0F298829649655--></AD_REFERENCE>

<!--EDBE45F5796846B5B8467D2500714345--><AD_REFERENCE>
<!--EDBE45F5796846B5B8467D2500714345-->  <AD_REFERENCE_ID><![CDATA[EDBE45F5796846B5B8467D2500714345]]></AD_REFERENCE_ID>
<!--EDBE45F5796846B5B8467D2500714345-->  <AD_CLIENT_ID><![CDATA[0]]></AD_CLIENT_ID>
<!--EDBE45F5796846B5B8467D2500714345-->  <AD_ORG_ID><![CDATA[0]]></AD_ORG_ID>
<!--EDBE45F5796846B5B8467D2500714345-->  <ISACTIVE><![CDATA[Y]]></ISACTIVE>
<!--EDBE45F5796846B5B8467D2500714345-->  <NAME><![CDATA[Mask Example]]></NAME>
<!--EDBE45F5796846B5B8467D2500714345-->  <AD_MODULE_ID><![CDATA[7883BFF602B4449087A3A65A0DC72E5C]]></AD_MODULE_ID>
<!--EDBE45F5796846B5B8467D2500714345-->  <ISBASEREFERENCE><![CDATA[N]]></ISBASEREFERENCE>
<!--EDBE45F5796846B5B8467D2500714345-->  <PARENTREFERENCE_ID><![CDATA[52529102938F41D5B84D3DE1F8892249]]></PARENTREFERENCE_ID>
<!--EDBE45F5796846B5B8467D2500714345-->  <ISVALUEDISPLAYED><![CDATA[N]]></ISVALUEDISPLAYED>
<!--EDBE45F5796846B5B8467D2500714345--></AD_REFERENCE>

</data>
