<?xml version='1.0' encoding='UTF-8'?>
<data>
<!--FF8081813290114F013290159F07000E--><AD_TABLE>
<!--FF8081813290114F013290159F07000E-->  <AD_TABLE_ID><![CDATA[FF8081813290114F013290159F07000E]]></AD_TABLE_ID>
<!--FF8081813290114F013290159F07000E-->  <AD_CLIENT_ID><![CDATA[0]]></AD_CLIENT_ID>
<!--FF8081813290114F013290159F07000E-->  <AD_ORG_ID><![CDATA[0]]></AD_ORG_ID>
<!--FF8081813290114F013290159F07000E-->  <ISACTIVE><![CDATA[Y]]></ISACTIVE>
<!--FF8081813290114F013290159F07000E-->  <NAME><![CDATA[OBEXAPP_Note]]></NAME>
<!--FF8081813290114F013290159F07000E-->  <DESCRIPTION><![CDATA[Table used as an example]]></DESCRIPTION>
<!--FF8081813290114F013290159F07000E-->  <HELP><![CDATA[Example table]]></HELP>
<!--FF8081813290114F013290159F07000E-->  <TABLENAME><![CDATA[OBEXAPP_Note]]></TABLENAME>
<!--FF8081813290114F013290159F07000E-->  <CLASSNAME><![CDATA[TestNote]]></CLASSNAME>
<!--FF8081813290114F013290159F07000E-->  <ISVIEW><![CDATA[N]]></ISVIEW>
<!--FF8081813290114F013290159F07000E-->  <ACCESSLEVEL><![CDATA[7]]></ACCESSLEVEL>
<!--FF8081813290114F013290159F07000E-->  <ISSECURITYENABLED><![CDATA[N]]></ISSECURITYENABLED>
<!--FF8081813290114F013290159F07000E-->  <ISDELETEABLE><![CDATA[Y]]></ISDELETEABLE>
<!--FF8081813290114F013290159F07000E-->  <ISHIGHVOLUME><![CDATA[N]]></ISHIGHVOLUME>
<!--FF8081813290114F013290159F07000E-->  <IMPORTTABLE><![CDATA[N]]></IMPORTTABLE>
<!--FF8081813290114F013290159F07000E-->  <ISCHANGELOG><![CDATA[N]]></ISCHANGELOG>
<!--FF8081813290114F013290159F07000E-->  <ISDEFAULTACCT><![CDATA[N]]></ISDEFAULTACCT>
<!--FF8081813290114F013290159F07000E-->  <DEVELOPMENTSTATUS><![CDATA[RE]]></DEVELOPMENTSTATUS>
<!--FF8081813290114F013290159F07000E-->  <AD_PACKAGE_ID><![CDATA[FF8081813290114F013290151EF4000A]]></AD_PACKAGE_ID>
<!--FF8081813290114F013290159F07000E-->  <DATAORIGINTYPE><![CDATA[Table]]></DATAORIGINTYPE>
<!--FF8081813290114F013290159F07000E-->  <ISTREE><![CDATA[N]]></ISTREE>
<!--FF8081813290114F013290159F07000E--></AD_TABLE>

</data>
