<?xml version='1.0' encoding='UTF-8'?>
<data>
<!--1B3F128263B84C7888922DD4AE2C57A1--><AD_TREENODE>
<!--1B3F128263B84C7888922DD4AE2C57A1-->  <AD_TREENODE_ID><![CDATA[1B3F128263B84C7888922DD4AE2C57A1]]></AD_TREENODE_ID>
<!--1B3F128263B84C7888922DD4AE2C57A1-->  <AD_TREE_ID><![CDATA[10]]></AD_TREE_ID>
<!--1B3F128263B84C7888922DD4AE2C57A1-->  <NODE_ID><![CDATA[FF80818131B41A4C0131B43E80C8001D]]></NODE_ID>
<!--1B3F128263B84C7888922DD4AE2C57A1-->  <AD_CLIENT_ID><![CDATA[0]]></AD_CLIENT_ID>
<!--1B3F128263B84C7888922DD4AE2C57A1-->  <AD_ORG_ID><![CDATA[0]]></AD_ORG_ID>
<!--1B3F128263B84C7888922DD4AE2C57A1-->  <ISACTIVE><![CDATA[Y]]></ISACTIVE>
<!--1B3F128263B84C7888922DD4AE2C57A1-->  <PARENT_ID><![CDATA[FF80818131AE1B250131AF7B42D4004D]]></PARENT_ID>
<!--1B3F128263B84C7888922DD4AE2C57A1-->  <SEQNO><![CDATA[50]]></SEQNO>
<!--1B3F128263B84C7888922DD4AE2C57A1--></AD_TREENODE>

<!--2CB4570FB1DD4701B96658F116B0A6E0--><AD_TREENODE>
<!--2CB4570FB1DD4701B96658F116B0A6E0-->  <AD_TREENODE_ID><![CDATA[2CB4570FB1DD4701B96658F116B0A6E0]]></AD_TREENODE_ID>
<!--2CB4570FB1DD4701B96658F116B0A6E0-->  <AD_TREE_ID><![CDATA[10]]></AD_TREE_ID>
<!--2CB4570FB1DD4701B96658F116B0A6E0-->  <NODE_ID><![CDATA[5B74834032A2498FAD2B4D5A0C5D2610]]></NODE_ID>
<!--2CB4570FB1DD4701B96658F116B0A6E0-->  <AD_CLIENT_ID><![CDATA[0]]></AD_CLIENT_ID>
<!--2CB4570FB1DD4701B96658F116B0A6E0-->  <AD_ORG_ID><![CDATA[0]]></AD_ORG_ID>
<!--2CB4570FB1DD4701B96658F116B0A6E0-->  <ISACTIVE><![CDATA[Y]]></ISACTIVE>
<!--2CB4570FB1DD4701B96658F116B0A6E0-->  <PARENT_ID><![CDATA[0]]></PARENT_ID>
<!--2CB4570FB1DD4701B96658F116B0A6E0-->  <SEQNO><![CDATA[999]]></SEQNO>
<!--2CB4570FB1DD4701B96658F116B0A6E0--></AD_TREENODE>

<!--72AFE70F90E34095B04C9BFE193AD347--><AD_TREENODE>
<!--72AFE70F90E34095B04C9BFE193AD347-->  <AD_TREENODE_ID><![CDATA[72AFE70F90E34095B04C9BFE193AD347]]></AD_TREENODE_ID>
<!--72AFE70F90E34095B04C9BFE193AD347-->  <AD_TREE_ID><![CDATA[10]]></AD_TREE_ID>
<!--72AFE70F90E34095B04C9BFE193AD347-->  <NODE_ID><![CDATA[4ECFF933AC5A4BBE994F77F28366C0D2]]></NODE_ID>
<!--72AFE70F90E34095B04C9BFE193AD347-->  <AD_CLIENT_ID><![CDATA[0]]></AD_CLIENT_ID>
<!--72AFE70F90E34095B04C9BFE193AD347-->  <AD_ORG_ID><![CDATA[0]]></AD_ORG_ID>
<!--72AFE70F90E34095B04C9BFE193AD347-->  <ISACTIVE><![CDATA[Y]]></ISACTIVE>
<!--72AFE70F90E34095B04C9BFE193AD347-->  <PARENT_ID><![CDATA[FF80818131AE1B250131AF7B42D4004D]]></PARENT_ID>
<!--72AFE70F90E34095B04C9BFE193AD347-->  <SEQNO><![CDATA[60]]></SEQNO>
<!--72AFE70F90E34095B04C9BFE193AD347--></AD_TREENODE>

<!--9480075DA40B4085B658D59F8683A4EA--><AD_TREENODE>
<!--9480075DA40B4085B658D59F8683A4EA-->  <AD_TREENODE_ID><![CDATA[9480075DA40B4085B658D59F8683A4EA]]></AD_TREENODE_ID>
<!--9480075DA40B4085B658D59F8683A4EA-->  <AD_TREE_ID><![CDATA[10]]></AD_TREE_ID>
<!--9480075DA40B4085B658D59F8683A4EA-->  <NODE_ID><![CDATA[FF8081813290114F0132901FA749002A]]></NODE_ID>
<!--9480075DA40B4085B658D59F8683A4EA-->  <AD_CLIENT_ID><![CDATA[0]]></AD_CLIENT_ID>
<!--9480075DA40B4085B658D59F8683A4EA-->  <AD_ORG_ID><![CDATA[0]]></AD_ORG_ID>
<!--9480075DA40B4085B658D59F8683A4EA-->  <ISACTIVE><![CDATA[Y]]></ISACTIVE>
<!--9480075DA40B4085B658D59F8683A4EA-->  <PARENT_ID><![CDATA[FF80818131AE1B250131AF7B42D4004D]]></PARENT_ID>
<!--9480075DA40B4085B658D59F8683A4EA-->  <SEQNO><![CDATA[10]]></SEQNO>
<!--9480075DA40B4085B658D59F8683A4EA--></AD_TREENODE>

<!--95C8F44B4BFA4FE0B95FF66D4112CAA3--><AD_TREENODE>
<!--95C8F44B4BFA4FE0B95FF66D4112CAA3-->  <AD_TREENODE_ID><![CDATA[95C8F44B4BFA4FE0B95FF66D4112CAA3]]></AD_TREENODE_ID>
<!--95C8F44B4BFA4FE0B95FF66D4112CAA3-->  <AD_TREE_ID><![CDATA[10]]></AD_TREE_ID>
<!--95C8F44B4BFA4FE0B95FF66D4112CAA3-->  <NODE_ID><![CDATA[FF80818131AE1B250131AF7B42D4004D]]></NODE_ID>
<!--95C8F44B4BFA4FE0B95FF66D4112CAA3-->  <AD_CLIENT_ID><![CDATA[0]]></AD_CLIENT_ID>
<!--95C8F44B4BFA4FE0B95FF66D4112CAA3-->  <AD_ORG_ID><![CDATA[0]]></AD_ORG_ID>
<!--95C8F44B4BFA4FE0B95FF66D4112CAA3-->  <ISACTIVE><![CDATA[Y]]></ISACTIVE>
<!--95C8F44B4BFA4FE0B95FF66D4112CAA3-->  <PARENT_ID><![CDATA[0]]></PARENT_ID>
<!--95C8F44B4BFA4FE0B95FF66D4112CAA3-->  <SEQNO><![CDATA[10]]></SEQNO>
<!--95C8F44B4BFA4FE0B95FF66D4112CAA3--></AD_TREENODE>

<!--9D4B2769EB4D4501B2EA57D4AF1848F9--><AD_TREENODE>
<!--9D4B2769EB4D4501B2EA57D4AF1848F9-->  <AD_TREENODE_ID><![CDATA[9D4B2769EB4D4501B2EA57D4AF1848F9]]></AD_TREENODE_ID>
<!--9D4B2769EB4D4501B2EA57D4AF1848F9-->  <AD_TREE_ID><![CDATA[10]]></AD_TREE_ID>
<!--9D4B2769EB4D4501B2EA57D4AF1848F9-->  <NODE_ID><![CDATA[FF80818131AE1B250131AF799849003C]]></NODE_ID>
<!--9D4B2769EB4D4501B2EA57D4AF1848F9-->  <AD_CLIENT_ID><![CDATA[0]]></AD_CLIENT_ID>
<!--9D4B2769EB4D4501B2EA57D4AF1848F9-->  <AD_ORG_ID><![CDATA[0]]></AD_ORG_ID>
<!--9D4B2769EB4D4501B2EA57D4AF1848F9-->  <ISACTIVE><![CDATA[Y]]></ISACTIVE>
<!--9D4B2769EB4D4501B2EA57D4AF1848F9-->  <PARENT_ID><![CDATA[FF80818131AE1B250131AF7B42D4004D]]></PARENT_ID>
<!--9D4B2769EB4D4501B2EA57D4AF1848F9-->  <SEQNO><![CDATA[30]]></SEQNO>
<!--9D4B2769EB4D4501B2EA57D4AF1848F9--></AD_TREENODE>

<!--F216410C22244C3DA2988AF4196075BA--><AD_TREENODE>
<!--F216410C22244C3DA2988AF4196075BA-->  <AD_TREENODE_ID><![CDATA[F216410C22244C3DA2988AF4196075BA]]></AD_TREENODE_ID>
<!--F216410C22244C3DA2988AF4196075BA-->  <AD_TREE_ID><![CDATA[10]]></AD_TREE_ID>
<!--F216410C22244C3DA2988AF4196075BA-->  <NODE_ID><![CDATA[ADAB9549CBD241738E18519061841FF2]]></NODE_ID>
<!--F216410C22244C3DA2988AF4196075BA-->  <AD_CLIENT_ID><![CDATA[0]]></AD_CLIENT_ID>
<!--F216410C22244C3DA2988AF4196075BA-->  <AD_ORG_ID><![CDATA[0]]></AD_ORG_ID>
<!--F216410C22244C3DA2988AF4196075BA-->  <ISACTIVE><![CDATA[Y]]></ISACTIVE>
<!--F216410C22244C3DA2988AF4196075BA-->  <PARENT_ID><![CDATA[FF80818131AE1B250131AF7B42D4004D]]></PARENT_ID>
<!--F216410C22244C3DA2988AF4196075BA-->  <SEQNO><![CDATA[10]]></SEQNO>
<!--F216410C22244C3DA2988AF4196075BA--></AD_TREENODE>

<!--F903122C5C564A479E1D599E96A8C94D--><AD_TREENODE>
<!--F903122C5C564A479E1D599E96A8C94D-->  <AD_TREENODE_ID><![CDATA[F903122C5C564A479E1D599E96A8C94D]]></AD_TREENODE_ID>
<!--F903122C5C564A479E1D599E96A8C94D-->  <AD_TREE_ID><![CDATA[10]]></AD_TREE_ID>
<!--F903122C5C564A479E1D599E96A8C94D-->  <NODE_ID><![CDATA[466B173B74B94D7BB6681732388E474A]]></NODE_ID>
<!--F903122C5C564A479E1D599E96A8C94D-->  <AD_CLIENT_ID><![CDATA[0]]></AD_CLIENT_ID>
<!--F903122C5C564A479E1D599E96A8C94D-->  <AD_ORG_ID><![CDATA[0]]></AD_ORG_ID>
<!--F903122C5C564A479E1D599E96A8C94D-->  <ISACTIVE><![CDATA[Y]]></ISACTIVE>
<!--F903122C5C564A479E1D599E96A8C94D-->  <PARENT_ID><![CDATA[0]]></PARENT_ID>
<!--F903122C5C564A479E1D599E96A8C94D-->  <SEQNO><![CDATA[999]]></SEQNO>
<!--F903122C5C564A479E1D599E96A8C94D--></AD_TREENODE>

<!--FC8943023D4743DB8F5B5531CE57D600--><AD_TREENODE>
<!--FC8943023D4743DB8F5B5531CE57D600-->  <AD_TREENODE_ID><![CDATA[FC8943023D4743DB8F5B5531CE57D600]]></AD_TREENODE_ID>
<!--FC8943023D4743DB8F5B5531CE57D600-->  <AD_TREE_ID><![CDATA[10]]></AD_TREE_ID>
<!--FC8943023D4743DB8F5B5531CE57D600-->  <NODE_ID><![CDATA[FF80818131B41A4C0131B43E1CE70018]]></NODE_ID>
<!--FC8943023D4743DB8F5B5531CE57D600-->  <AD_CLIENT_ID><![CDATA[0]]></AD_CLIENT_ID>
<!--FC8943023D4743DB8F5B5531CE57D600-->  <AD_ORG_ID><![CDATA[0]]></AD_ORG_ID>
<!--FC8943023D4743DB8F5B5531CE57D600-->  <ISACTIVE><![CDATA[Y]]></ISACTIVE>
<!--FC8943023D4743DB8F5B5531CE57D600-->  <PARENT_ID><![CDATA[FF80818131AE1B250131AF7B42D4004D]]></PARENT_ID>
<!--FC8943023D4743DB8F5B5531CE57D600-->  <SEQNO><![CDATA[40]]></SEQNO>
<!--FC8943023D4743DB8F5B5531CE57D600--></AD_TREENODE>

</data>
