<?xml version='1.0' encoding='UTF-8'?>
<data>
<!--2EA14FE85E7941E8A9BDD595D6BB907F--><AD_TAB>
<!--2EA14FE85E7941E8A9BDD595D6BB907F-->  <AD_TAB_ID><![CDATA[2EA14FE85E7941E8A9BDD595D6BB907F]]></AD_TAB_ID>
<!--2EA14FE85E7941E8A9BDD595D6BB907F-->  <AD_CLIENT_ID><![CDATA[0]]></AD_CLIENT_ID>
<!--2EA14FE85E7941E8A9BDD595D6BB907F-->  <AD_ORG_ID><![CDATA[0]]></AD_ORG_ID>
<!--2EA14FE85E7941E8A9BDD595D6BB907F-->  <ISACTIVE><![CDATA[Y]]></ISACTIVE>
<!--2EA14FE85E7941E8A9BDD595D6BB907F-->  <NAME><![CDATA[Invoices]]></NAME>
<!--2EA14FE85E7941E8A9BDD595D6BB907F-->  <AD_TABLE_ID><![CDATA[318]]></AD_TABLE_ID>
<!--2EA14FE85E7941E8A9BDD595D6BB907F-->  <AD_WINDOW_ID><![CDATA[5E6B50D688634989A1A7728FE3F6C4D3]]></AD_WINDOW_ID>
<!--2EA14FE85E7941E8A9BDD595D6BB907F-->  <SEQNO><![CDATA[10]]></SEQNO>
<!--2EA14FE85E7941E8A9BDD595D6BB907F-->  <TABLEVEL><![CDATA[0]]></TABLEVEL>
<!--2EA14FE85E7941E8A9BDD595D6BB907F-->  <ISSINGLEROW><![CDATA[N]]></ISSINGLEROW>
<!--2EA14FE85E7941E8A9BDD595D6BB907F-->  <ISINFOTAB><![CDATA[N]]></ISINFOTAB>
<!--2EA14FE85E7941E8A9BDD595D6BB907F-->  <ISTRANSLATIONTAB><![CDATA[N]]></ISTRANSLATIONTAB>
<!--2EA14FE85E7941E8A9BDD595D6BB907F-->  <ISREADONLY><![CDATA[N]]></ISREADONLY>
<!--2EA14FE85E7941E8A9BDD595D6BB907F-->  <HASTREE><![CDATA[N]]></HASTREE>
<!--2EA14FE85E7941E8A9BDD595D6BB907F-->  <PROCESSING><![CDATA[N]]></PROCESSING>
<!--2EA14FE85E7941E8A9BDD595D6BB907F-->  <IMPORTFIELDS><![CDATA[N]]></IMPORTFIELDS>
<!--2EA14FE85E7941E8A9BDD595D6BB907F-->  <ISSORTTAB><![CDATA[N]]></ISSORTTAB>
<!--2EA14FE85E7941E8A9BDD595D6BB907F-->  <AD_MODULE_ID><![CDATA[7883BFF602B4449087A3A65A0DC72E5C]]></AD_MODULE_ID>
<!--2EA14FE85E7941E8A9BDD595D6BB907F-->  <UIPATTERN><![CDATA[STD]]></UIPATTERN>
<!--2EA14FE85E7941E8A9BDD595D6BB907F-->  <HQLFILTERCLAUSE><![CDATA[e.invoiceDate >= (now() -30)]]></HQLFILTERCLAUSE>
<!--2EA14FE85E7941E8A9BDD595D6BB907F-->  <SHOWPARENTBUTTONS><![CDATA[Y]]></SHOWPARENTBUTTONS>
<!--2EA14FE85E7941E8A9BDD595D6BB907F-->  <DISABLE_PARENT_KEY_PROPERTY><![CDATA[N]]></DISABLE_PARENT_KEY_PROPERTY>
<!--2EA14FE85E7941E8A9BDD595D6BB907F-->  <ISREADONLYTREE><![CDATA[N]]></ISREADONLYTREE>
<!--2EA14FE85E7941E8A9BDD595D6BB907F-->  <ISSHOWTREENODEICONS><![CDATA[Y]]></ISSHOWTREENODEICONS>
<!--2EA14FE85E7941E8A9BDD595D6BB907F-->  <EM_OBUIAPP_CAN_ADD><![CDATA[Y]]></EM_OBUIAPP_CAN_ADD>
<!--2EA14FE85E7941E8A9BDD595D6BB907F-->  <EM_OBUIAPP_CAN_DELETE><![CDATA[Y]]></EM_OBUIAPP_CAN_DELETE>
<!--2EA14FE85E7941E8A9BDD595D6BB907F-->  <EM_OBUIAPP_SHOW_SELECT><![CDATA[N]]></EM_OBUIAPP_SHOW_SELECT>
<!--2EA14FE85E7941E8A9BDD595D6BB907F-->  <EM_OBUIAPP_NEWFN><![CDATA[OB.OBEXAPP.PNE.addNew]]></EM_OBUIAPP_NEWFN>
<!--2EA14FE85E7941E8A9BDD595D6BB907F-->  <EM_OBUIAPP_REMOVEFN><![CDATA[OB.OBEXAPP.PNE.onRemove]]></EM_OBUIAPP_REMOVEFN>
<!--2EA14FE85E7941E8A9BDD595D6BB907F-->  <EM_OBUIAPP_SHOW_CLONE_BUTTON><![CDATA[N]]></EM_OBUIAPP_SHOW_CLONE_BUTTON>
<!--2EA14FE85E7941E8A9BDD595D6BB907F-->  <EM_OBUIAPP_CLONE_CHILDREN><![CDATA[Y]]></EM_OBUIAPP_CLONE_CHILDREN>
<!--2EA14FE85E7941E8A9BDD595D6BB907F--></AD_TAB>

<!--3E65FFC22C714F8CA405FC57F2741193--><AD_TAB>
<!--3E65FFC22C714F8CA405FC57F2741193-->  <AD_TAB_ID><![CDATA[3E65FFC22C714F8CA405FC57F2741193]]></AD_TAB_ID>
<!--3E65FFC22C714F8CA405FC57F2741193-->  <AD_CLIENT_ID><![CDATA[0]]></AD_CLIENT_ID>
<!--3E65FFC22C714F8CA405FC57F2741193-->  <AD_ORG_ID><![CDATA[0]]></AD_ORG_ID>
<!--3E65FFC22C714F8CA405FC57F2741193-->  <ISACTIVE><![CDATA[Y]]></ISACTIVE>
<!--3E65FFC22C714F8CA405FC57F2741193-->  <NAME><![CDATA[PickTabExample1]]></NAME>
<!--3E65FFC22C714F8CA405FC57F2741193-->  <AD_TABLE_ID><![CDATA[260]]></AD_TABLE_ID>
<!--3E65FFC22C714F8CA405FC57F2741193-->  <AD_WINDOW_ID><![CDATA[822F5A712F0D46ACAF575E3723642F4C]]></AD_WINDOW_ID>
<!--3E65FFC22C714F8CA405FC57F2741193-->  <SEQNO><![CDATA[10]]></SEQNO>
<!--3E65FFC22C714F8CA405FC57F2741193-->  <TABLEVEL><![CDATA[0]]></TABLEVEL>
<!--3E65FFC22C714F8CA405FC57F2741193-->  <ISSINGLEROW><![CDATA[N]]></ISSINGLEROW>
<!--3E65FFC22C714F8CA405FC57F2741193-->  <ISINFOTAB><![CDATA[N]]></ISINFOTAB>
<!--3E65FFC22C714F8CA405FC57F2741193-->  <ISTRANSLATIONTAB><![CDATA[N]]></ISTRANSLATIONTAB>
<!--3E65FFC22C714F8CA405FC57F2741193-->  <ISREADONLY><![CDATA[N]]></ISREADONLY>
<!--3E65FFC22C714F8CA405FC57F2741193-->  <HASTREE><![CDATA[N]]></HASTREE>
<!--3E65FFC22C714F8CA405FC57F2741193-->  <PROCESSING><![CDATA[N]]></PROCESSING>
<!--3E65FFC22C714F8CA405FC57F2741193-->  <IMPORTFIELDS><![CDATA[N]]></IMPORTFIELDS>
<!--3E65FFC22C714F8CA405FC57F2741193-->  <ISSORTTAB><![CDATA[N]]></ISSORTTAB>
<!--3E65FFC22C714F8CA405FC57F2741193-->  <AD_MODULE_ID><![CDATA[7883BFF602B4449087A3A65A0DC72E5C]]></AD_MODULE_ID>
<!--3E65FFC22C714F8CA405FC57F2741193-->  <UIPATTERN><![CDATA[STD]]></UIPATTERN>
<!--3E65FFC22C714F8CA405FC57F2741193-->  <HQLORDERBYCLAUSE><![CDATA[obSelected desc]]></HQLORDERBYCLAUSE>
<!--3E65FFC22C714F8CA405FC57F2741193-->  <SHOWPARENTBUTTONS><![CDATA[Y]]></SHOWPARENTBUTTONS>
<!--3E65FFC22C714F8CA405FC57F2741193-->  <DISABLE_PARENT_KEY_PROPERTY><![CDATA[N]]></DISABLE_PARENT_KEY_PROPERTY>
<!--3E65FFC22C714F8CA405FC57F2741193-->  <ISREADONLYTREE><![CDATA[N]]></ISREADONLYTREE>
<!--3E65FFC22C714F8CA405FC57F2741193-->  <ISSHOWTREENODEICONS><![CDATA[Y]]></ISSHOWTREENODEICONS>
<!--3E65FFC22C714F8CA405FC57F2741193-->  <EM_OBUIAPP_SELECTION><![CDATA[OB.OBEXAPP.PNE.selectionChanged]]></EM_OBUIAPP_SELECTION>
<!--3E65FFC22C714F8CA405FC57F2741193-->  <EM_OBUIAPP_CAN_ADD><![CDATA[N]]></EM_OBUIAPP_CAN_ADD>
<!--3E65FFC22C714F8CA405FC57F2741193-->  <EM_OBUIAPP_CAN_DELETE><![CDATA[N]]></EM_OBUIAPP_CAN_DELETE>
<!--3E65FFC22C714F8CA405FC57F2741193-->  <EM_OBUIAPP_SHOW_SELECT><![CDATA[Y]]></EM_OBUIAPP_SHOW_SELECT>
<!--3E65FFC22C714F8CA405FC57F2741193-->  <EM_OBUIAPP_SHOW_CLONE_BUTTON><![CDATA[N]]></EM_OBUIAPP_SHOW_CLONE_BUTTON>
<!--3E65FFC22C714F8CA405FC57F2741193-->  <EM_OBUIAPP_CLONE_CHILDREN><![CDATA[Y]]></EM_OBUIAPP_CLONE_CHILDREN>
<!--3E65FFC22C714F8CA405FC57F2741193--></AD_TAB>

<!--606478B4AEA84BD692B18F14B09CC8F1--><AD_TAB>
<!--606478B4AEA84BD692B18F14B09CC8F1-->  <AD_TAB_ID><![CDATA[606478B4AEA84BD692B18F14B09CC8F1]]></AD_TAB_ID>
<!--606478B4AEA84BD692B18F14B09CC8F1-->  <AD_CLIENT_ID><![CDATA[0]]></AD_CLIENT_ID>
<!--606478B4AEA84BD692B18F14B09CC8F1-->  <AD_ORG_ID><![CDATA[0]]></AD_ORG_ID>
<!--606478B4AEA84BD692B18F14B09CC8F1-->  <ISACTIVE><![CDATA[Y]]></ISACTIVE>
<!--606478B4AEA84BD692B18F14B09CC8F1-->  <NAME><![CDATA[InvoiceLines]]></NAME>
<!--606478B4AEA84BD692B18F14B09CC8F1-->  <AD_TABLE_ID><![CDATA[333]]></AD_TABLE_ID>
<!--606478B4AEA84BD692B18F14B09CC8F1-->  <AD_WINDOW_ID><![CDATA[8B359CBC69B74CDDAD1ABC43046E2F33]]></AD_WINDOW_ID>
<!--606478B4AEA84BD692B18F14B09CC8F1-->  <SEQNO><![CDATA[10]]></SEQNO>
<!--606478B4AEA84BD692B18F14B09CC8F1-->  <TABLEVEL><![CDATA[0]]></TABLEVEL>
<!--606478B4AEA84BD692B18F14B09CC8F1-->  <ISSINGLEROW><![CDATA[N]]></ISSINGLEROW>
<!--606478B4AEA84BD692B18F14B09CC8F1-->  <ISINFOTAB><![CDATA[N]]></ISINFOTAB>
<!--606478B4AEA84BD692B18F14B09CC8F1-->  <ISTRANSLATIONTAB><![CDATA[N]]></ISTRANSLATIONTAB>
<!--606478B4AEA84BD692B18F14B09CC8F1-->  <ISREADONLY><![CDATA[N]]></ISREADONLY>
<!--606478B4AEA84BD692B18F14B09CC8F1-->  <HASTREE><![CDATA[N]]></HASTREE>
<!--606478B4AEA84BD692B18F14B09CC8F1-->  <PROCESSING><![CDATA[N]]></PROCESSING>
<!--606478B4AEA84BD692B18F14B09CC8F1-->  <IMPORTFIELDS><![CDATA[N]]></IMPORTFIELDS>
<!--606478B4AEA84BD692B18F14B09CC8F1-->  <ISSORTTAB><![CDATA[N]]></ISSORTTAB>
<!--606478B4AEA84BD692B18F14B09CC8F1-->  <AD_MODULE_ID><![CDATA[7883BFF602B4449087A3A65A0DC72E5C]]></AD_MODULE_ID>
<!--606478B4AEA84BD692B18F14B09CC8F1-->  <UIPATTERN><![CDATA[SR]]></UIPATTERN>
<!--606478B4AEA84BD692B18F14B09CC8F1-->  <SHOWPARENTBUTTONS><![CDATA[Y]]></SHOWPARENTBUTTONS>
<!--606478B4AEA84BD692B18F14B09CC8F1-->  <DISABLE_PARENT_KEY_PROPERTY><![CDATA[N]]></DISABLE_PARENT_KEY_PROPERTY>
<!--606478B4AEA84BD692B18F14B09CC8F1-->  <ISREADONLYTREE><![CDATA[N]]></ISREADONLYTREE>
<!--606478B4AEA84BD692B18F14B09CC8F1-->  <ISSHOWTREENODEICONS><![CDATA[Y]]></ISSHOWTREENODEICONS>
<!--606478B4AEA84BD692B18F14B09CC8F1-->  <EM_OBUIAPP_CAN_ADD><![CDATA[N]]></EM_OBUIAPP_CAN_ADD>
<!--606478B4AEA84BD692B18F14B09CC8F1-->  <EM_OBUIAPP_CAN_DELETE><![CDATA[N]]></EM_OBUIAPP_CAN_DELETE>
<!--606478B4AEA84BD692B18F14B09CC8F1-->  <EM_OBUIAPP_SHOW_SELECT><![CDATA[Y]]></EM_OBUIAPP_SHOW_SELECT>
<!--606478B4AEA84BD692B18F14B09CC8F1-->  <EM_OBUIAPP_SHOW_CLONE_BUTTON><![CDATA[N]]></EM_OBUIAPP_SHOW_CLONE_BUTTON>
<!--606478B4AEA84BD692B18F14B09CC8F1-->  <EM_OBUIAPP_CLONE_CHILDREN><![CDATA[Y]]></EM_OBUIAPP_CLONE_CHILDREN>
<!--606478B4AEA84BD692B18F14B09CC8F1--></AD_TAB>

<!--A7975CF236314213AAD3353EA14CDB98--><AD_TAB>
<!--A7975CF236314213AAD3353EA14CDB98-->  <AD_TAB_ID><![CDATA[A7975CF236314213AAD3353EA14CDB98]]></AD_TAB_ID>
<!--A7975CF236314213AAD3353EA14CDB98-->  <AD_CLIENT_ID><![CDATA[0]]></AD_CLIENT_ID>
<!--A7975CF236314213AAD3353EA14CDB98-->  <AD_ORG_ID><![CDATA[0]]></AD_ORG_ID>
<!--A7975CF236314213AAD3353EA14CDB98-->  <ISACTIVE><![CDATA[Y]]></ISACTIVE>
<!--A7975CF236314213AAD3353EA14CDB98-->  <NAME><![CDATA[HEADER]]></NAME>
<!--A7975CF236314213AAD3353EA14CDB98-->  <AD_TABLE_ID><![CDATA[FF8081813290114F013290159F07000E]]></AD_TABLE_ID>
<!--A7975CF236314213AAD3353EA14CDB98-->  <AD_WINDOW_ID><![CDATA[A22D6311C43D496C8BB28720D55638B6]]></AD_WINDOW_ID>
<!--A7975CF236314213AAD3353EA14CDB98-->  <SEQNO><![CDATA[10]]></SEQNO>
<!--A7975CF236314213AAD3353EA14CDB98-->  <TABLEVEL><![CDATA[0]]></TABLEVEL>
<!--A7975CF236314213AAD3353EA14CDB98-->  <ISSINGLEROW><![CDATA[N]]></ISSINGLEROW>
<!--A7975CF236314213AAD3353EA14CDB98-->  <ISINFOTAB><![CDATA[N]]></ISINFOTAB>
<!--A7975CF236314213AAD3353EA14CDB98-->  <ISTRANSLATIONTAB><![CDATA[N]]></ISTRANSLATIONTAB>
<!--A7975CF236314213AAD3353EA14CDB98-->  <ISREADONLY><![CDATA[N]]></ISREADONLY>
<!--A7975CF236314213AAD3353EA14CDB98-->  <HASTREE><![CDATA[N]]></HASTREE>
<!--A7975CF236314213AAD3353EA14CDB98-->  <PROCESSING><![CDATA[N]]></PROCESSING>
<!--A7975CF236314213AAD3353EA14CDB98-->  <IMPORTFIELDS><![CDATA[N]]></IMPORTFIELDS>
<!--A7975CF236314213AAD3353EA14CDB98-->  <ISSORTTAB><![CDATA[N]]></ISSORTTAB>
<!--A7975CF236314213AAD3353EA14CDB98-->  <AD_MODULE_ID><![CDATA[7883BFF602B4449087A3A65A0DC72E5C]]></AD_MODULE_ID>
<!--A7975CF236314213AAD3353EA14CDB98-->  <UIPATTERN><![CDATA[STD]]></UIPATTERN>
<!--A7975CF236314213AAD3353EA14CDB98-->  <SHOWPARENTBUTTONS><![CDATA[Y]]></SHOWPARENTBUTTONS>
<!--A7975CF236314213AAD3353EA14CDB98-->  <DISABLE_PARENT_KEY_PROPERTY><![CDATA[N]]></DISABLE_PARENT_KEY_PROPERTY>
<!--A7975CF236314213AAD3353EA14CDB98-->  <ISREADONLYTREE><![CDATA[N]]></ISREADONLYTREE>
<!--A7975CF236314213AAD3353EA14CDB98-->  <ISSHOWTREENODEICONS><![CDATA[Y]]></ISSHOWTREENODEICONS>
<!--A7975CF236314213AAD3353EA14CDB98-->  <EM_OBUIAPP_CAN_ADD><![CDATA[N]]></EM_OBUIAPP_CAN_ADD>
<!--A7975CF236314213AAD3353EA14CDB98-->  <EM_OBUIAPP_CAN_DELETE><![CDATA[N]]></EM_OBUIAPP_CAN_DELETE>
<!--A7975CF236314213AAD3353EA14CDB98-->  <EM_OBUIAPP_SHOW_SELECT><![CDATA[Y]]></EM_OBUIAPP_SHOW_SELECT>
<!--A7975CF236314213AAD3353EA14CDB98-->  <EM_OBUIAPP_SHOW_CLONE_BUTTON><![CDATA[N]]></EM_OBUIAPP_SHOW_CLONE_BUTTON>
<!--A7975CF236314213AAD3353EA14CDB98-->  <EM_OBUIAPP_CLONE_CHILDREN><![CDATA[Y]]></EM_OBUIAPP_CLONE_CHILDREN>
<!--A7975CF236314213AAD3353EA14CDB98--></AD_TAB>

<!--FF8081813290114F0132901EB0A2001A--><AD_TAB>
<!--FF8081813290114F0132901EB0A2001A-->  <AD_TAB_ID><![CDATA[FF8081813290114F0132901EB0A2001A]]></AD_TAB_ID>
<!--FF8081813290114F0132901EB0A2001A-->  <AD_CLIENT_ID><![CDATA[0]]></AD_CLIENT_ID>
<!--FF8081813290114F0132901EB0A2001A-->  <AD_ORG_ID><![CDATA[0]]></AD_ORG_ID>
<!--FF8081813290114F0132901EB0A2001A-->  <ISACTIVE><![CDATA[Y]]></ISACTIVE>
<!--FF8081813290114F0132901EB0A2001A-->  <NAME><![CDATA[Application Example]]></NAME>
<!--FF8081813290114F0132901EB0A2001A-->  <DESCRIPTION><![CDATA[Example showing client side callouts ]]></DESCRIPTION>
<!--FF8081813290114F0132901EB0A2001A-->  <AD_TABLE_ID><![CDATA[FF8081813290114F013290159F07000E]]></AD_TABLE_ID>
<!--FF8081813290114F0132901EB0A2001A-->  <AD_WINDOW_ID><![CDATA[FF8081813290114F0132901E61DE0017]]></AD_WINDOW_ID>
<!--FF8081813290114F0132901EB0A2001A-->  <SEQNO><![CDATA[10]]></SEQNO>
<!--FF8081813290114F0132901EB0A2001A-->  <TABLEVEL><![CDATA[0]]></TABLEVEL>
<!--FF8081813290114F0132901EB0A2001A-->  <ISSINGLEROW><![CDATA[N]]></ISSINGLEROW>
<!--FF8081813290114F0132901EB0A2001A-->  <ISINFOTAB><![CDATA[N]]></ISINFOTAB>
<!--FF8081813290114F0132901EB0A2001A-->  <ISTRANSLATIONTAB><![CDATA[N]]></ISTRANSLATIONTAB>
<!--FF8081813290114F0132901EB0A2001A-->  <ISREADONLY><![CDATA[N]]></ISREADONLY>
<!--FF8081813290114F0132901EB0A2001A-->  <HASTREE><![CDATA[N]]></HASTREE>
<!--FF8081813290114F0132901EB0A2001A-->  <PROCESSING><![CDATA[N]]></PROCESSING>
<!--FF8081813290114F0132901EB0A2001A-->  <IMPORTFIELDS><![CDATA[N]]></IMPORTFIELDS>
<!--FF8081813290114F0132901EB0A2001A-->  <ISSORTTAB><![CDATA[N]]></ISSORTTAB>
<!--FF8081813290114F0132901EB0A2001A-->  <AD_MODULE_ID><![CDATA[7883BFF602B4449087A3A65A0DC72E5C]]></AD_MODULE_ID>
<!--FF8081813290114F0132901EB0A2001A-->  <UIPATTERN><![CDATA[STD]]></UIPATTERN>
<!--FF8081813290114F0132901EB0A2001A-->  <SHOWPARENTBUTTONS><![CDATA[Y]]></SHOWPARENTBUTTONS>
<!--FF8081813290114F0132901EB0A2001A-->  <DISABLE_PARENT_KEY_PROPERTY><![CDATA[N]]></DISABLE_PARENT_KEY_PROPERTY>
<!--FF8081813290114F0132901EB0A2001A-->  <ISREADONLYTREE><![CDATA[N]]></ISREADONLYTREE>
<!--FF8081813290114F0132901EB0A2001A-->  <ISSHOWTREENODEICONS><![CDATA[Y]]></ISSHOWTREENODEICONS>
<!--FF8081813290114F0132901EB0A2001A-->  <EM_OBUIAPP_CAN_ADD><![CDATA[N]]></EM_OBUIAPP_CAN_ADD>
<!--FF8081813290114F0132901EB0A2001A-->  <EM_OBUIAPP_CAN_DELETE><![CDATA[N]]></EM_OBUIAPP_CAN_DELETE>
<!--FF8081813290114F0132901EB0A2001A-->  <EM_OBUIAPP_SHOW_SELECT><![CDATA[Y]]></EM_OBUIAPP_SHOW_SELECT>
<!--FF8081813290114F0132901EB0A2001A-->  <EM_OBUIAPP_SHOW_CLONE_BUTTON><![CDATA[N]]></EM_OBUIAPP_SHOW_CLONE_BUTTON>
<!--FF8081813290114F0132901EB0A2001A-->  <EM_OBUIAPP_CLONE_CHILDREN><![CDATA[Y]]></EM_OBUIAPP_CLONE_CHILDREN>
<!--FF8081813290114F0132901EB0A2001A--></AD_TAB>

</data>
