<?xml version='1.0' encoding='UTF-8'?>
<data>
<!--5E6B50D688634989A1A7728FE3F6C4D3--><AD_WINDOW>
<!--5E6B50D688634989A1A7728FE3F6C4D3-->  <AD_WINDOW_ID><![CDATA[5E6B50D688634989A1A7728FE3F6C4D3]]></AD_WINDOW_ID>
<!--5E6B50D688634989A1A7728FE3F6C4D3-->  <AD_CLIENT_ID><![CDATA[0]]></AD_CLIENT_ID>
<!--5E6B50D688634989A1A7728FE3F6C4D3-->  <AD_ORG_ID><![CDATA[0]]></AD_ORG_ID>
<!--5E6B50D688634989A1A7728FE3F6C4D3-->  <ISACTIVE><![CDATA[Y]]></ISACTIVE>
<!--5E6B50D688634989A1A7728FE3F6C4D3-->  <NAME><![CDATA[PickWindowExample2]]></NAME>
<!--5E6B50D688634989A1A7728FE3F6C4D3-->  <DESCRIPTION><![CDATA[Example Window 2]]></DESCRIPTION>
<!--5E6B50D688634989A1A7728FE3F6C4D3-->  <WINDOWTYPE><![CDATA[OBUIAPP_PickAndExecute]]></WINDOWTYPE>
<!--5E6B50D688634989A1A7728FE3F6C4D3-->  <ISSOTRX><![CDATA[Y]]></ISSOTRX>
<!--5E6B50D688634989A1A7728FE3F6C4D3-->  <PROCESSING><![CDATA[N]]></PROCESSING>
<!--5E6B50D688634989A1A7728FE3F6C4D3-->  <ISDEFAULT><![CDATA[N]]></ISDEFAULT>
<!--5E6B50D688634989A1A7728FE3F6C4D3-->  <AD_MODULE_ID><![CDATA[7883BFF602B4449087A3A65A0DC72E5C]]></AD_MODULE_ID>
<!--5E6B50D688634989A1A7728FE3F6C4D3-->  <ISTHREADSAFE><![CDATA[N]]></ISTHREADSAFE>
<!--5E6B50D688634989A1A7728FE3F6C4D3-->  <ISADVANCEDFEATURE><![CDATA[N]]></ISADVANCEDFEATURE>
<!--5E6B50D688634989A1A7728FE3F6C4D3--></AD_WINDOW>

<!--822F5A712F0D46ACAF575E3723642F4C--><AD_WINDOW>
<!--822F5A712F0D46ACAF575E3723642F4C-->  <AD_WINDOW_ID><![CDATA[822F5A712F0D46ACAF575E3723642F4C]]></AD_WINDOW_ID>
<!--822F5A712F0D46ACAF575E3723642F4C-->  <AD_CLIENT_ID><![CDATA[0]]></AD_CLIENT_ID>
<!--822F5A712F0D46ACAF575E3723642F4C-->  <AD_ORG_ID><![CDATA[0]]></AD_ORG_ID>
<!--822F5A712F0D46ACAF575E3723642F4C-->  <ISACTIVE><![CDATA[Y]]></ISACTIVE>
<!--822F5A712F0D46ACAF575E3723642F4C-->  <NAME><![CDATA[PickWindowExample1]]></NAME>
<!--822F5A712F0D46ACAF575E3723642F4C-->  <DESCRIPTION><![CDATA[Example Window 1]]></DESCRIPTION>
<!--822F5A712F0D46ACAF575E3723642F4C-->  <WINDOWTYPE><![CDATA[OBUIAPP_PickAndExecute]]></WINDOWTYPE>
<!--822F5A712F0D46ACAF575E3723642F4C-->  <ISSOTRX><![CDATA[Y]]></ISSOTRX>
<!--822F5A712F0D46ACAF575E3723642F4C-->  <PROCESSING><![CDATA[N]]></PROCESSING>
<!--822F5A712F0D46ACAF575E3723642F4C-->  <ISDEFAULT><![CDATA[N]]></ISDEFAULT>
<!--822F5A712F0D46ACAF575E3723642F4C-->  <AD_MODULE_ID><![CDATA[7883BFF602B4449087A3A65A0DC72E5C]]></AD_MODULE_ID>
<!--822F5A712F0D46ACAF575E3723642F4C-->  <ISTHREADSAFE><![CDATA[N]]></ISTHREADSAFE>
<!--822F5A712F0D46ACAF575E3723642F4C-->  <ISADVANCEDFEATURE><![CDATA[N]]></ISADVANCEDFEATURE>
<!--822F5A712F0D46ACAF575E3723642F4C--></AD_WINDOW>

<!--8B359CBC69B74CDDAD1ABC43046E2F33--><AD_WINDOW>
<!--8B359CBC69B74CDDAD1ABC43046E2F33-->  <AD_WINDOW_ID><![CDATA[8B359CBC69B74CDDAD1ABC43046E2F33]]></AD_WINDOW_ID>
<!--8B359CBC69B74CDDAD1ABC43046E2F33-->  <AD_CLIENT_ID><![CDATA[0]]></AD_CLIENT_ID>
<!--8B359CBC69B74CDDAD1ABC43046E2F33-->  <AD_ORG_ID><![CDATA[0]]></AD_ORG_ID>
<!--8B359CBC69B74CDDAD1ABC43046E2F33-->  <ISACTIVE><![CDATA[Y]]></ISACTIVE>
<!--8B359CBC69B74CDDAD1ABC43046E2F33-->  <NAME><![CDATA[Invoice Lines]]></NAME>
<!--8B359CBC69B74CDDAD1ABC43046E2F33-->  <WINDOWTYPE><![CDATA[M]]></WINDOWTYPE>
<!--8B359CBC69B74CDDAD1ABC43046E2F33-->  <ISSOTRX><![CDATA[N]]></ISSOTRX>
<!--8B359CBC69B74CDDAD1ABC43046E2F33-->  <PROCESSING><![CDATA[N]]></PROCESSING>
<!--8B359CBC69B74CDDAD1ABC43046E2F33-->  <ISDEFAULT><![CDATA[N]]></ISDEFAULT>
<!--8B359CBC69B74CDDAD1ABC43046E2F33-->  <AD_MODULE_ID><![CDATA[7883BFF602B4449087A3A65A0DC72E5C]]></AD_MODULE_ID>
<!--8B359CBC69B74CDDAD1ABC43046E2F33-->  <ISTHREADSAFE><![CDATA[N]]></ISTHREADSAFE>
<!--8B359CBC69B74CDDAD1ABC43046E2F33-->  <ISADVANCEDFEATURE><![CDATA[N]]></ISADVANCEDFEATURE>
<!--8B359CBC69B74CDDAD1ABC43046E2F33--></AD_WINDOW>

<!--A22D6311C43D496C8BB28720D55638B6--><AD_WINDOW>
<!--A22D6311C43D496C8BB28720D55638B6-->  <AD_WINDOW_ID><![CDATA[A22D6311C43D496C8BB28720D55638B6]]></AD_WINDOW_ID>
<!--A22D6311C43D496C8BB28720D55638B6-->  <AD_CLIENT_ID><![CDATA[0]]></AD_CLIENT_ID>
<!--A22D6311C43D496C8BB28720D55638B6-->  <AD_ORG_ID><![CDATA[0]]></AD_ORG_ID>
<!--A22D6311C43D496C8BB28720D55638B6-->  <ISACTIVE><![CDATA[Y]]></ISACTIVE>
<!--A22D6311C43D496C8BB28720D55638B6-->  <NAME><![CDATA[CallOut/OnChange Example]]></NAME>
<!--A22D6311C43D496C8BB28720D55638B6-->  <WINDOWTYPE><![CDATA[M]]></WINDOWTYPE>
<!--A22D6311C43D496C8BB28720D55638B6-->  <ISSOTRX><![CDATA[Y]]></ISSOTRX>
<!--A22D6311C43D496C8BB28720D55638B6-->  <PROCESSING><![CDATA[N]]></PROCESSING>
<!--A22D6311C43D496C8BB28720D55638B6-->  <ISDEFAULT><![CDATA[N]]></ISDEFAULT>
<!--A22D6311C43D496C8BB28720D55638B6-->  <AD_MODULE_ID><![CDATA[7883BFF602B4449087A3A65A0DC72E5C]]></AD_MODULE_ID>
<!--A22D6311C43D496C8BB28720D55638B6-->  <ISTHREADSAFE><![CDATA[N]]></ISTHREADSAFE>
<!--A22D6311C43D496C8BB28720D55638B6-->  <ISADVANCEDFEATURE><![CDATA[N]]></ISADVANCEDFEATURE>
<!--A22D6311C43D496C8BB28720D55638B6--></AD_WINDOW>

<!--FF8081813290114F0132901E61DE0017--><AD_WINDOW>
<!--FF8081813290114F0132901E61DE0017-->  <AD_WINDOW_ID><![CDATA[FF8081813290114F0132901E61DE0017]]></AD_WINDOW_ID>
<!--FF8081813290114F0132901E61DE0017-->  <AD_CLIENT_ID><![CDATA[0]]></AD_CLIENT_ID>
<!--FF8081813290114F0132901E61DE0017-->  <AD_ORG_ID><![CDATA[0]]></AD_ORG_ID>
<!--FF8081813290114F0132901E61DE0017-->  <ISACTIVE><![CDATA[Y]]></ISACTIVE>
<!--FF8081813290114F0132901E61DE0017-->  <NAME><![CDATA[Application Example]]></NAME>
<!--FF8081813290114F0132901E61DE0017-->  <DESCRIPTION><![CDATA[Example showing client side callouts ]]></DESCRIPTION>
<!--FF8081813290114F0132901E61DE0017-->  <WINDOWTYPE><![CDATA[M]]></WINDOWTYPE>
<!--FF8081813290114F0132901E61DE0017-->  <ISSOTRX><![CDATA[Y]]></ISSOTRX>
<!--FF8081813290114F0132901E61DE0017-->  <PROCESSING><![CDATA[N]]></PROCESSING>
<!--FF8081813290114F0132901E61DE0017-->  <ISDEFAULT><![CDATA[N]]></ISDEFAULT>
<!--FF8081813290114F0132901E61DE0017-->  <AD_MODULE_ID><![CDATA[7883BFF602B4449087A3A65A0DC72E5C]]></AD_MODULE_ID>
<!--FF8081813290114F0132901E61DE0017-->  <ISTHREADSAFE><![CDATA[N]]></ISTHREADSAFE>
<!--FF8081813290114F0132901E61DE0017-->  <ISADVANCEDFEATURE><![CDATA[N]]></ISADVANCEDFEATURE>
<!--FF8081813290114F0132901E61DE0017--></AD_WINDOW>

</data>
