<?xml version='1.0' encoding='UTF-8'?>
<data>
<!--206C32FA504E47DC8734BBF2805F6119--><OBCLKER_TEMPLATE>
<!--206C32FA504E47DC8734BBF2805F6119-->  <OBCLKER_TEMPLATE_ID><![CDATA[206C32FA504E47DC8734BBF2805F6119]]></OBCLKER_TEMPLATE_ID>
<!--206C32FA504E47DC8734BBF2805F6119-->  <AD_CLIENT_ID><![CDATA[0]]></AD_CLIENT_ID>
<!--206C32FA504E47DC8734BBF2805F6119-->  <AD_ORG_ID><![CDATA[0]]></AD_ORG_ID>
<!--206C32FA504E47DC8734BBF2805F6119-->  <AD_MODULE_ID><![CDATA[7883BFF602B4449087A3A65A0DC72E5C]]></AD_MODULE_ID>
<!--206C32FA504E47DC8734BBF2805F6119-->  <NAME><![CDATA[Hello World View]]></NAME>
<!--206C32FA504E47DC8734BBF2805F6119-->  <DESCRIPTION><![CDATA[Hello World View]]></DESCRIPTION>
<!--206C32FA504E47DC8734BBF2805F6119-->  <TEMPLATECLASSPATHLOCATION><![CDATA[/com/entendoerp/client/application/examples/templates/hello_world_view.js.ftl]]></TEMPLATECLASSPATHLOCATION>
<!--206C32FA504E47DC8734BBF2805F6119-->  <TEMPLATE_LANGUAGE><![CDATA[OBCLFRE_Freemarker]]></TEMPLATE_LANGUAGE>
<!--206C32FA504E47DC8734BBF2805F6119-->  <COMPONENT_TYPE><![CDATA[OBUIAPP_ViewImplementation]]></COMPONENT_TYPE>
<!--206C32FA504E47DC8734BBF2805F6119-->  <ISACTIVE><![CDATA[Y]]></ISACTIVE>
<!--206C32FA504E47DC8734BBF2805F6119--></OBCLKER_TEMPLATE>

<!--D3B939EB17B649248F591CFEFD863F9D--><OBCLKER_TEMPLATE>
<!--D3B939EB17B649248F591CFEFD863F9D-->  <OBCLKER_TEMPLATE_ID><![CDATA[D3B939EB17B649248F591CFEFD863F9D]]></OBCLKER_TEMPLATE_ID>
<!--D3B939EB17B649248F591CFEFD863F9D-->  <AD_CLIENT_ID><![CDATA[0]]></AD_CLIENT_ID>
<!--D3B939EB17B649248F591CFEFD863F9D-->  <AD_ORG_ID><![CDATA[0]]></AD_ORG_ID>
<!--D3B939EB17B649248F591CFEFD863F9D-->  <AD_MODULE_ID><![CDATA[7883BFF602B4449087A3A65A0DC72E5C]]></AD_MODULE_ID>
<!--D3B939EB17B649248F591CFEFD863F9D-->  <NAME><![CDATA[Hello World Button]]></NAME>
<!--D3B939EB17B649248F591CFEFD863F9D-->  <DESCRIPTION><![CDATA[Provides the hello world button]]></DESCRIPTION>
<!--D3B939EB17B649248F591CFEFD863F9D-->  <TEMPLATECLASSPATHLOCATION><![CDATA[/com/entendoerp/client/application/examples/templates/hello_world.js.ftl]]></TEMPLATECLASSPATHLOCATION>
<!--D3B939EB17B649248F591CFEFD863F9D-->  <TEMPLATE_LANGUAGE><![CDATA[OBCLFRE_Freemarker]]></TEMPLATE_LANGUAGE>
<!--D3B939EB17B649248F591CFEFD863F9D-->  <COMPONENT_TYPE><![CDATA[OBUIAPP_NavigationBar]]></COMPONENT_TYPE>
<!--D3B939EB17B649248F591CFEFD863F9D-->  <ISACTIVE><![CDATA[Y]]></ISACTIVE>
<!--D3B939EB17B649248F591CFEFD863F9D--></OBCLKER_TEMPLATE>

</data>
