<?xml version='1.0' encoding='UTF-8'?>
<data>
<!--F47983E404EB4DFFBB58FF128C92EC3E--><OBCLKER_REF_MASK>
<!--F47983E404EB4DFFBB58FF128C92EC3E-->  <OBCLKER_REF_MASK_ID><![CDATA[F47983E404EB4DFFBB58FF128C92EC3E]]></OBCLKER_REF_MASK_ID>
<!--F47983E404EB4DFFBB58FF128C92EC3E-->  <AD_REFERENCE_ID><![CDATA[EDBE45F5796846B5B8467D2500714345]]></AD_REFERENCE_ID>
<!--F47983E404EB4DFFBB58FF128C92EC3E-->  <AD_CLIENT_ID><![CDATA[0]]></AD_CLIENT_ID>
<!--F47983E404EB4DFFBB58FF128C92EC3E-->  <AD_ORG_ID><![CDATA[0]]></AD_ORG_ID>
<!--F47983E404EB4DFFBB58FF128C92EC3E-->  <ISACTIVE><![CDATA[Y]]></ISACTIVE>
<!--F47983E404EB4DFFBB58FF128C92EC3E-->  <NAME><![CDATA[R###-####]]></NAME>
<!--F47983E404EB4DFFBB58FF128C92EC3E--></OBCLKER_REF_MASK>

</data>
