<?xml version='1.0' encoding='UTF-8'?>
<data>
<!--FF80818131AE1B250131AF79FA1A0041--><OBUIAPP_MENU_PARAMETERS>
<!--FF80818131AE1B250131AF79FA1A0041-->  <OBUIAPP_MENU_PARAMETERS_ID><![CDATA[FF80818131AE1B250131AF79FA1A0041]]></OBUIAPP_MENU_PARAMETERS_ID>
<!--FF80818131AE1B250131AF79FA1A0041-->  <AD_CLIENT_ID><![CDATA[0]]></AD_CLIENT_ID>
<!--FF80818131AE1B250131AF79FA1A0041-->  <AD_ORG_ID><![CDATA[0]]></AD_ORG_ID>
<!--FF80818131AE1B250131AF79FA1A0041-->  <AD_MODULE_ID><![CDATA[7883BFF602B4449087A3A65A0DC72E5C]]></AD_MODULE_ID>
<!--FF80818131AE1B250131AF79FA1A0041-->  <AD_MENU_ID><![CDATA[FF80818131AE1B250131AF799849003C]]></AD_MENU_ID>
<!--FF80818131AE1B250131AF79FA1A0041-->  <NAME><![CDATA[Test]]></NAME>
<!--FF80818131AE1B250131AF79FA1A0041-->  <DESCRIPTION><![CDATA[test]]></DESCRIPTION>
<!--FF80818131AE1B250131AF79FA1A0041-->  <PARAMETERVALUE><![CDATA[test]]></PARAMETERVALUE>
<!--FF80818131AE1B250131AF79FA1A0041-->  <ISACTIVE><![CDATA[Y]]></ISACTIVE>
<!--FF80818131AE1B250131AF79FA1A0041--></OBUIAPP_MENU_PARAMETERS>

<!--FF80818131B51FE00131B5236B0C000D--><OBUIAPP_MENU_PARAMETERS>
<!--FF80818131B51FE00131B5236B0C000D-->  <OBUIAPP_MENU_PARAMETERS_ID><![CDATA[FF80818131B51FE00131B5236B0C000D]]></OBUIAPP_MENU_PARAMETERS_ID>
<!--FF80818131B51FE00131B5236B0C000D-->  <AD_CLIENT_ID><![CDATA[0]]></AD_CLIENT_ID>
<!--FF80818131B51FE00131B5236B0C000D-->  <AD_ORG_ID><![CDATA[0]]></AD_ORG_ID>
<!--FF80818131B51FE00131B5236B0C000D-->  <AD_MODULE_ID><![CDATA[7883BFF602B4449087A3A65A0DC72E5C]]></AD_MODULE_ID>
<!--FF80818131B51FE00131B5236B0C000D-->  <AD_MENU_ID><![CDATA[FF80818131B41A4C0131B43E80C8001D]]></AD_MENU_ID>
<!--FF80818131B51FE00131B5236B0C000D-->  <NAME><![CDATA[windowTitle]]></NAME>
<!--FF80818131B51FE00131B5236B0C000D-->  <DESCRIPTION><![CDATA[A title as parameter]]></DESCRIPTION>
<!--FF80818131B51FE00131B5236B0C000D-->  <PARAMETERVALUE><![CDATA[Hello: Parameterized Window Title]]></PARAMETERVALUE>
<!--FF80818131B51FE00131B5236B0C000D-->  <ISACTIVE><![CDATA[Y]]></ISACTIVE>
<!--FF80818131B51FE00131B5236B0C000D--></OBUIAPP_MENU_PARAMETERS>

<!--FF80818131B51FE00131B52BF03E0032--><OBUIAPP_MENU_PARAMETERS>
<!--FF80818131B51FE00131B52BF03E0032-->  <OBUIAPP_MENU_PARAMETERS_ID><![CDATA[FF80818131B51FE00131B52BF03E0032]]></OBUIAPP_MENU_PARAMETERS_ID>
<!--FF80818131B51FE00131B52BF03E0032-->  <AD_CLIENT_ID><![CDATA[0]]></AD_CLIENT_ID>
<!--FF80818131B51FE00131B52BF03E0032-->  <AD_ORG_ID><![CDATA[0]]></AD_ORG_ID>
<!--FF80818131B51FE00131B52BF03E0032-->  <AD_MODULE_ID><![CDATA[7883BFF602B4449087A3A65A0DC72E5C]]></AD_MODULE_ID>
<!--FF80818131B51FE00131B52BF03E0032-->  <AD_MENU_ID><![CDATA[FF80818131B41A4C0131B43E80C8001D]]></AD_MENU_ID>
<!--FF80818131B51FE00131B52BF03E0032-->  <NAME><![CDATA[windowContent]]></NAME>
<!--FF80818131B51FE00131B52BF03E0032-->  <DESCRIPTION><![CDATA[the contents of the window]]></DESCRIPTION>
<!--FF80818131B51FE00131B52BF03E0032-->  <PARAMETERVALUE><![CDATA[Openbravo!]]></PARAMETERVALUE>
<!--FF80818131B51FE00131B52BF03E0032-->  <ISACTIVE><![CDATA[Y]]></ISACTIVE>
<!--FF80818131B51FE00131B52BF03E0032--></OBUIAPP_MENU_PARAMETERS>

<!--FF80818131B53F090131B8623C380019--><OBUIAPP_MENU_PARAMETERS>
<!--FF80818131B53F090131B8623C380019-->  <OBUIAPP_MENU_PARAMETERS_ID><![CDATA[FF80818131B53F090131B8623C380019]]></OBUIAPP_MENU_PARAMETERS_ID>
<!--FF80818131B53F090131B8623C380019-->  <AD_CLIENT_ID><![CDATA[0]]></AD_CLIENT_ID>
<!--FF80818131B53F090131B8623C380019-->  <AD_ORG_ID><![CDATA[0]]></AD_ORG_ID>
<!--FF80818131B53F090131B8623C380019-->  <AD_MODULE_ID><![CDATA[7883BFF602B4449087A3A65A0DC72E5C]]></AD_MODULE_ID>
<!--FF80818131B53F090131B8623C380019-->  <AD_MENU_ID><![CDATA[FF80818131B41A4C0131B43E1CE70018]]></AD_MENU_ID>
<!--FF80818131B53F090131B8623C380019-->  <NAME><![CDATA[labelContent]]></NAME>
<!--FF80818131B53F090131B8623C380019-->  <DESCRIPTION><![CDATA[The content shown in the middle]]></DESCRIPTION>
<!--FF80818131B53F090131B8623C380019-->  <PARAMETERVALUE><![CDATA[Openbravoooo!]]></PARAMETERVALUE>
<!--FF80818131B53F090131B8623C380019-->  <ISACTIVE><![CDATA[Y]]></ISACTIVE>
<!--FF80818131B53F090131B8623C380019--></OBUIAPP_MENU_PARAMETERS>

</data>
