<?xml version='1.0' encoding='UTF-8'?>
<data>
<!--5089292AA2F34DAAA45762C343946A39--><OBUISEL_SELECTOR>
<!--5089292AA2F34DAAA45762C343946A39-->  <OBUISEL_SELECTOR_ID><![CDATA[5089292AA2F34DAAA45762C343946A39]]></OBUISEL_SELECTOR_ID>
<!--5089292AA2F34DAAA45762C343946A39-->  <AD_CLIENT_ID><![CDATA[0]]></AD_CLIENT_ID>
<!--5089292AA2F34DAAA45762C343946A39-->  <AD_ORG_ID><![CDATA[0]]></AD_ORG_ID>
<!--5089292AA2F34DAAA45762C343946A39-->  <AD_MODULE_ID><![CDATA[7883BFF602B4449087A3A65A0DC72E5C]]></AD_MODULE_ID>
<!--5089292AA2F34DAAA45762C343946A39-->  <NAME><![CDATA[Multi Order Selector]]></NAME>
<!--5089292AA2F34DAAA45762C343946A39-->  <AD_REFERENCE_ID><![CDATA[ABFD0D4E2BFD45EFBC0F298829649655]]></AD_REFERENCE_ID>
<!--5089292AA2F34DAAA45762C343946A39-->  <AD_TABLE_ID><![CDATA[259]]></AD_TABLE_ID>
<!--5089292AA2F34DAAA45762C343946A39-->  <OBCLKER_TEMPLATE_ID><![CDATA[9314DE8599AD44E7BFC4CC50699042AB]]></OBCLKER_TEMPLATE_ID>
<!--5089292AA2F34DAAA45762C343946A39-->  <ISACTIVE><![CDATA[Y]]></ISACTIVE>
<!--5089292AA2F34DAAA45762C343946A39-->  <SUGGESTIONTEXTMATCHSTYLE><![CDATA[startsWith]]></SUGGESTIONTEXTMATCHSTYLE>
<!--5089292AA2F34DAAA45762C343946A39-->  <POPUPTEXTMATCHSTYLE><![CDATA[startsWith]]></POPUPTEXTMATCHSTYLE>
<!--5089292AA2F34DAAA45762C343946A39-->  <CUSTOM_QUERY><![CDATA[N]]></CUSTOM_QUERY>
<!--5089292AA2F34DAAA45762C343946A39--></OBUISEL_SELECTOR>

</data>
