<?xml version='1.0' encoding='UTF-8'?>
<data>
<!--0AFE4A19195549309E0425F109B94E94--><OBUIAPP_PARAMETER>
<!--0AFE4A19195549309E0425F109B94E94-->  <OBUIAPP_PARAMETER_ID><![CDATA[0AFE4A19195549309E0425F109B94E94]]></OBUIAPP_PARAMETER_ID>
<!--0AFE4A19195549309E0425F109B94E94-->  <AD_CLIENT_ID><![CDATA[0]]></AD_CLIENT_ID>
<!--0AFE4A19195549309E0425F109B94E94-->  <AD_ORG_ID><![CDATA[0]]></AD_ORG_ID>
<!--0AFE4A19195549309E0425F109B94E94-->  <ISACTIVE><![CDATA[Y]]></ISACTIVE>
<!--0AFE4A19195549309E0425F109B94E94-->  <AD_MODULE_ID><![CDATA[7883BFF602B4449087A3A65A0DC72E5C]]></AD_MODULE_ID>
<!--0AFE4A19195549309E0425F109B94E94-->  <NAME><![CDATA[Button List]]></NAME>
<!--0AFE4A19195549309E0425F109B94E94-->  <SEQNO><![CDATA[20]]></SEQNO>
<!--0AFE4A19195549309E0425F109B94E94-->  <AD_REFERENCE_ID><![CDATA[FF80818132F94B500132F9575619000A]]></AD_REFERENCE_ID>
<!--0AFE4A19195549309E0425F109B94E94-->  <AD_REFERENCE_VALUE_ID><![CDATA[8C4BFDDB05D44A428A9FF0F173A13F78]]></AD_REFERENCE_VALUE_ID>
<!--0AFE4A19195549309E0425F109B94E94-->  <COLUMNNAME><![CDATA[buttonList]]></COLUMNNAME>
<!--0AFE4A19195549309E0425F109B94E94-->  <ISCENTRALLYMAINTAINED><![CDATA[Y]]></ISCENTRALLYMAINTAINED>
<!--0AFE4A19195549309E0425F109B94E94-->  <FIELDLENGTH><![CDATA[0]]></FIELDLENGTH>
<!--0AFE4A19195549309E0425F109B94E94-->  <ISMANDATORY><![CDATA[N]]></ISMANDATORY>
<!--0AFE4A19195549309E0425F109B94E94-->  <AD_ELEMENT_ID><![CDATA[B6034C3A8A6049EF911910CE7305380E]]></AD_ELEMENT_ID>
<!--0AFE4A19195549309E0425F109B94E94-->  <ISFIXED><![CDATA[Y]]></ISFIXED>
<!--0AFE4A19195549309E0425F109B94E94-->  <EVALUATEFIXEDVALUE><![CDATA[N]]></EVALUATEFIXEDVALUE>
<!--0AFE4A19195549309E0425F109B94E94-->  <OBUIAPP_PROCESS_ID><![CDATA[83095B09D23C42F6A9607B976A4942D9]]></OBUIAPP_PROCESS_ID>
<!--0AFE4A19195549309E0425F109B94E94-->  <STARTINNEWLINE><![CDATA[N]]></STARTINNEWLINE>
<!--0AFE4A19195549309E0425F109B94E94-->  <DISPLAYTITLE><![CDATA[N]]></DISPLAYTITLE>
<!--0AFE4A19195549309E0425F109B94E94-->  <ATT_SHOWINDESCRIPTION><![CDATA[N]]></ATT_SHOWINDESCRIPTION>
<!--0AFE4A19195549309E0425F109B94E94--></OBUIAPP_PARAMETER>

<!--2688347F43D044B7B6FE469267ACE612--><OBUIAPP_PARAMETER>
<!--2688347F43D044B7B6FE469267ACE612-->  <OBUIAPP_PARAMETER_ID><![CDATA[2688347F43D044B7B6FE469267ACE612]]></OBUIAPP_PARAMETER_ID>
<!--2688347F43D044B7B6FE469267ACE612-->  <AD_CLIENT_ID><![CDATA[0]]></AD_CLIENT_ID>
<!--2688347F43D044B7B6FE469267ACE612-->  <AD_ORG_ID><![CDATA[0]]></AD_ORG_ID>
<!--2688347F43D044B7B6FE469267ACE612-->  <ISACTIVE><![CDATA[Y]]></ISACTIVE>
<!--2688347F43D044B7B6FE469267ACE612-->  <AD_MODULE_ID><![CDATA[7883BFF602B4449087A3A65A0DC72E5C]]></AD_MODULE_ID>
<!--2688347F43D044B7B6FE469267ACE612-->  <NAME><![CDATA[Pick and Execute Example 1]]></NAME>
<!--2688347F43D044B7B6FE469267ACE612-->  <SEQNO><![CDATA[10]]></SEQNO>
<!--2688347F43D044B7B6FE469267ACE612-->  <AD_REFERENCE_ID><![CDATA[FF80818132D8F0F30132D9BC395D0038]]></AD_REFERENCE_ID>
<!--2688347F43D044B7B6FE469267ACE612-->  <AD_REFERENCE_VALUE_ID><![CDATA[16F387A267D84D2199115763D4158ECF]]></AD_REFERENCE_VALUE_ID>
<!--2688347F43D044B7B6FE469267ACE612-->  <COLUMNNAME><![CDATA[window]]></COLUMNNAME>
<!--2688347F43D044B7B6FE469267ACE612-->  <ISCENTRALLYMAINTAINED><![CDATA[Y]]></ISCENTRALLYMAINTAINED>
<!--2688347F43D044B7B6FE469267ACE612-->  <FIELDLENGTH><![CDATA[0]]></FIELDLENGTH>
<!--2688347F43D044B7B6FE469267ACE612-->  <ISMANDATORY><![CDATA[N]]></ISMANDATORY>
<!--2688347F43D044B7B6FE469267ACE612-->  <AD_ELEMENT_ID><![CDATA[04817F1D8DAF415580090E22FD5410A4]]></AD_ELEMENT_ID>
<!--2688347F43D044B7B6FE469267ACE612-->  <ISFIXED><![CDATA[Y]]></ISFIXED>
<!--2688347F43D044B7B6FE469267ACE612-->  <EVALUATEFIXEDVALUE><![CDATA[N]]></EVALUATEFIXEDVALUE>
<!--2688347F43D044B7B6FE469267ACE612-->  <OBUIAPP_PROCESS_ID><![CDATA[DA584304D0C844799646A06D247CE410]]></OBUIAPP_PROCESS_ID>
<!--2688347F43D044B7B6FE469267ACE612-->  <STARTINNEWLINE><![CDATA[N]]></STARTINNEWLINE>
<!--2688347F43D044B7B6FE469267ACE612-->  <DISPLAYTITLE><![CDATA[N]]></DISPLAYTITLE>
<!--2688347F43D044B7B6FE469267ACE612-->  <ATT_SHOWINDESCRIPTION><![CDATA[N]]></ATT_SHOWINDESCRIPTION>
<!--2688347F43D044B7B6FE469267ACE612--></OBUIAPP_PARAMETER>

<!--470DAA4ED4AB47E8BE1F9CB4890D1D0F--><OBUIAPP_PARAMETER>
<!--470DAA4ED4AB47E8BE1F9CB4890D1D0F-->  <OBUIAPP_PARAMETER_ID><![CDATA[470DAA4ED4AB47E8BE1F9CB4890D1D0F]]></OBUIAPP_PARAMETER_ID>
<!--470DAA4ED4AB47E8BE1F9CB4890D1D0F-->  <AD_CLIENT_ID><![CDATA[0]]></AD_CLIENT_ID>
<!--470DAA4ED4AB47E8BE1F9CB4890D1D0F-->  <AD_ORG_ID><![CDATA[0]]></AD_ORG_ID>
<!--470DAA4ED4AB47E8BE1F9CB4890D1D0F-->  <ISACTIVE><![CDATA[Y]]></ISACTIVE>
<!--470DAA4ED4AB47E8BE1F9CB4890D1D0F-->  <AD_MODULE_ID><![CDATA[7883BFF602B4449087A3A65A0DC72E5C]]></AD_MODULE_ID>
<!--470DAA4ED4AB47E8BE1F9CB4890D1D0F-->  <NAME><![CDATA[Min Qty]]></NAME>
<!--470DAA4ED4AB47E8BE1F9CB4890D1D0F-->  <SEQNO><![CDATA[10]]></SEQNO>
<!--470DAA4ED4AB47E8BE1F9CB4890D1D0F-->  <AD_REFERENCE_ID><![CDATA[11]]></AD_REFERENCE_ID>
<!--470DAA4ED4AB47E8BE1F9CB4890D1D0F-->  <COLUMNNAME><![CDATA[min]]></COLUMNNAME>
<!--470DAA4ED4AB47E8BE1F9CB4890D1D0F-->  <ISCENTRALLYMAINTAINED><![CDATA[Y]]></ISCENTRALLYMAINTAINED>
<!--470DAA4ED4AB47E8BE1F9CB4890D1D0F-->  <FIELDLENGTH><![CDATA[3]]></FIELDLENGTH>
<!--470DAA4ED4AB47E8BE1F9CB4890D1D0F-->  <ISMANDATORY><![CDATA[Y]]></ISMANDATORY>
<!--470DAA4ED4AB47E8BE1F9CB4890D1D0F-->  <DEFAULTVALUE><![CDATA[0]]></DEFAULTVALUE>
<!--470DAA4ED4AB47E8BE1F9CB4890D1D0F-->  <ISFIXED><![CDATA[N]]></ISFIXED>
<!--470DAA4ED4AB47E8BE1F9CB4890D1D0F-->  <EVALUATEFIXEDVALUE><![CDATA[N]]></EVALUATEFIXEDVALUE>
<!--470DAA4ED4AB47E8BE1F9CB4890D1D0F-->  <OBUIAPP_PROCESS_ID><![CDATA[8531AA22C252484FB7C0C14BF7B9FE94]]></OBUIAPP_PROCESS_ID>
<!--470DAA4ED4AB47E8BE1F9CB4890D1D0F-->  <STARTINNEWLINE><![CDATA[N]]></STARTINNEWLINE>
<!--470DAA4ED4AB47E8BE1F9CB4890D1D0F-->  <DISPLAYTITLE><![CDATA[N]]></DISPLAYTITLE>
<!--470DAA4ED4AB47E8BE1F9CB4890D1D0F-->  <ATT_SHOWINDESCRIPTION><![CDATA[N]]></ATT_SHOWINDESCRIPTION>
<!--470DAA4ED4AB47E8BE1F9CB4890D1D0F--></OBUIAPP_PARAMETER>

<!--99174637C4894AAFA549FD5F922FC096--><OBUIAPP_PARAMETER>
<!--99174637C4894AAFA549FD5F922FC096-->  <OBUIAPP_PARAMETER_ID><![CDATA[99174637C4894AAFA549FD5F922FC096]]></OBUIAPP_PARAMETER_ID>
<!--99174637C4894AAFA549FD5F922FC096-->  <AD_CLIENT_ID><![CDATA[0]]></AD_CLIENT_ID>
<!--99174637C4894AAFA549FD5F922FC096-->  <AD_ORG_ID><![CDATA[0]]></AD_ORG_ID>
<!--99174637C4894AAFA549FD5F922FC096-->  <ISACTIVE><![CDATA[Y]]></ISACTIVE>
<!--99174637C4894AAFA549FD5F922FC096-->  <AD_MODULE_ID><![CDATA[7883BFF602B4449087A3A65A0DC72E5C]]></AD_MODULE_ID>
<!--99174637C4894AAFA549FD5F922FC096-->  <NAME><![CDATA[Pick/Edit Lines]]></NAME>
<!--99174637C4894AAFA549FD5F922FC096-->  <SEQNO><![CDATA[0]]></SEQNO>
<!--99174637C4894AAFA549FD5F922FC096-->  <AD_REFERENCE_ID><![CDATA[FF80818132D8F0F30132D9BC395D0038]]></AD_REFERENCE_ID>
<!--99174637C4894AAFA549FD5F922FC096-->  <AD_REFERENCE_VALUE_ID><![CDATA[0333F0B87AD74B82AB4FB6C2F21462A2]]></AD_REFERENCE_VALUE_ID>
<!--99174637C4894AAFA549FD5F922FC096-->  <COLUMNNAME><![CDATA[grid]]></COLUMNNAME>
<!--99174637C4894AAFA549FD5F922FC096-->  <ISCENTRALLYMAINTAINED><![CDATA[Y]]></ISCENTRALLYMAINTAINED>
<!--99174637C4894AAFA549FD5F922FC096-->  <FIELDLENGTH><![CDATA[0]]></FIELDLENGTH>
<!--99174637C4894AAFA549FD5F922FC096-->  <ISMANDATORY><![CDATA[N]]></ISMANDATORY>
<!--99174637C4894AAFA549FD5F922FC096-->  <AD_ELEMENT_ID><![CDATA[B27C7AF72FEFEC33E040007F0100076A]]></AD_ELEMENT_ID>
<!--99174637C4894AAFA549FD5F922FC096-->  <ISFIXED><![CDATA[Y]]></ISFIXED>
<!--99174637C4894AAFA549FD5F922FC096-->  <EVALUATEFIXEDVALUE><![CDATA[N]]></EVALUATEFIXEDVALUE>
<!--99174637C4894AAFA549FD5F922FC096-->  <OBUIAPP_PROCESS_ID><![CDATA[04A18DEC44C54D6DAEBF9E5C6A766A1A]]></OBUIAPP_PROCESS_ID>
<!--99174637C4894AAFA549FD5F922FC096-->  <STARTINNEWLINE><![CDATA[N]]></STARTINNEWLINE>
<!--99174637C4894AAFA549FD5F922FC096-->  <DISPLAYTITLE><![CDATA[N]]></DISPLAYTITLE>
<!--99174637C4894AAFA549FD5F922FC096-->  <ATT_SHOWINDESCRIPTION><![CDATA[N]]></ATT_SHOWINDESCRIPTION>
<!--99174637C4894AAFA549FD5F922FC096--></OBUIAPP_PARAMETER>

<!--ACB4825907494B72BD56D97EE518B3B0--><OBUIAPP_PARAMETER>
<!--ACB4825907494B72BD56D97EE518B3B0-->  <OBUIAPP_PARAMETER_ID><![CDATA[ACB4825907494B72BD56D97EE518B3B0]]></OBUIAPP_PARAMETER_ID>
<!--ACB4825907494B72BD56D97EE518B3B0-->  <AD_CLIENT_ID><![CDATA[0]]></AD_CLIENT_ID>
<!--ACB4825907494B72BD56D97EE518B3B0-->  <AD_ORG_ID><![CDATA[0]]></AD_ORG_ID>
<!--ACB4825907494B72BD56D97EE518B3B0-->  <ISACTIVE><![CDATA[Y]]></ISACTIVE>
<!--ACB4825907494B72BD56D97EE518B3B0-->  <AD_MODULE_ID><![CDATA[7883BFF602B4449087A3A65A0DC72E5C]]></AD_MODULE_ID>
<!--ACB4825907494B72BD56D97EE518B3B0-->  <NAME><![CDATA[Max Qty]]></NAME>
<!--ACB4825907494B72BD56D97EE518B3B0-->  <SEQNO><![CDATA[20]]></SEQNO>
<!--ACB4825907494B72BD56D97EE518B3B0-->  <AD_REFERENCE_ID><![CDATA[11]]></AD_REFERENCE_ID>
<!--ACB4825907494B72BD56D97EE518B3B0-->  <COLUMNNAME><![CDATA[max]]></COLUMNNAME>
<!--ACB4825907494B72BD56D97EE518B3B0-->  <ISCENTRALLYMAINTAINED><![CDATA[Y]]></ISCENTRALLYMAINTAINED>
<!--ACB4825907494B72BD56D97EE518B3B0-->  <FIELDLENGTH><![CDATA[3]]></FIELDLENGTH>
<!--ACB4825907494B72BD56D97EE518B3B0-->  <ISMANDATORY><![CDATA[Y]]></ISMANDATORY>
<!--ACB4825907494B72BD56D97EE518B3B0-->  <DEFAULTVALUE><![CDATA[10]]></DEFAULTVALUE>
<!--ACB4825907494B72BD56D97EE518B3B0-->  <ISFIXED><![CDATA[N]]></ISFIXED>
<!--ACB4825907494B72BD56D97EE518B3B0-->  <EVALUATEFIXEDVALUE><![CDATA[N]]></EVALUATEFIXEDVALUE>
<!--ACB4825907494B72BD56D97EE518B3B0-->  <OBUIAPP_PROCESS_ID><![CDATA[8531AA22C252484FB7C0C14BF7B9FE94]]></OBUIAPP_PROCESS_ID>
<!--ACB4825907494B72BD56D97EE518B3B0-->  <STARTINNEWLINE><![CDATA[N]]></STARTINNEWLINE>
<!--ACB4825907494B72BD56D97EE518B3B0-->  <DISPLAYTITLE><![CDATA[N]]></DISPLAYTITLE>
<!--ACB4825907494B72BD56D97EE518B3B0-->  <ATT_SHOWINDESCRIPTION><![CDATA[N]]></ATT_SHOWINDESCRIPTION>
<!--ACB4825907494B72BD56D97EE518B3B0--></OBUIAPP_PARAMETER>

<!--C2616738C30D4A6291982BEB1A4E0941--><OBUIAPP_PARAMETER>
<!--C2616738C30D4A6291982BEB1A4E0941-->  <OBUIAPP_PARAMETER_ID><![CDATA[C2616738C30D4A6291982BEB1A4E0941]]></OBUIAPP_PARAMETER_ID>
<!--C2616738C30D4A6291982BEB1A4E0941-->  <AD_CLIENT_ID><![CDATA[0]]></AD_CLIENT_ID>
<!--C2616738C30D4A6291982BEB1A4E0941-->  <AD_ORG_ID><![CDATA[0]]></AD_ORG_ID>
<!--C2616738C30D4A6291982BEB1A4E0941-->  <ISACTIVE><![CDATA[Y]]></ISACTIVE>
<!--C2616738C30D4A6291982BEB1A4E0941-->  <AD_MODULE_ID><![CDATA[7883BFF602B4449087A3A65A0DC72E5C]]></AD_MODULE_ID>
<!--C2616738C30D4A6291982BEB1A4E0941-->  <NAME><![CDATA[Pick and Execute Example 1]]></NAME>
<!--C2616738C30D4A6291982BEB1A4E0941-->  <SEQNO><![CDATA[10]]></SEQNO>
<!--C2616738C30D4A6291982BEB1A4E0941-->  <AD_REFERENCE_ID><![CDATA[FF80818132D8F0F30132D9BC395D0038]]></AD_REFERENCE_ID>
<!--C2616738C30D4A6291982BEB1A4E0941-->  <AD_REFERENCE_VALUE_ID><![CDATA[16F387A267D84D2199115763D4158ECF]]></AD_REFERENCE_VALUE_ID>
<!--C2616738C30D4A6291982BEB1A4E0941-->  <COLUMNNAME><![CDATA[window]]></COLUMNNAME>
<!--C2616738C30D4A6291982BEB1A4E0941-->  <ISCENTRALLYMAINTAINED><![CDATA[Y]]></ISCENTRALLYMAINTAINED>
<!--C2616738C30D4A6291982BEB1A4E0941-->  <FIELDLENGTH><![CDATA[0]]></FIELDLENGTH>
<!--C2616738C30D4A6291982BEB1A4E0941-->  <ISMANDATORY><![CDATA[N]]></ISMANDATORY>
<!--C2616738C30D4A6291982BEB1A4E0941-->  <AD_ELEMENT_ID><![CDATA[04817F1D8DAF415580090E22FD5410A4]]></AD_ELEMENT_ID>
<!--C2616738C30D4A6291982BEB1A4E0941-->  <ISFIXED><![CDATA[Y]]></ISFIXED>
<!--C2616738C30D4A6291982BEB1A4E0941-->  <EVALUATEFIXEDVALUE><![CDATA[N]]></EVALUATEFIXEDVALUE>
<!--C2616738C30D4A6291982BEB1A4E0941-->  <OBUIAPP_PROCESS_ID><![CDATA[83095B09D23C42F6A9607B976A4942D9]]></OBUIAPP_PROCESS_ID>
<!--C2616738C30D4A6291982BEB1A4E0941-->  <STARTINNEWLINE><![CDATA[N]]></STARTINNEWLINE>
<!--C2616738C30D4A6291982BEB1A4E0941-->  <DISPLAYTITLE><![CDATA[N]]></DISPLAYTITLE>
<!--C2616738C30D4A6291982BEB1A4E0941-->  <ATT_SHOWINDESCRIPTION><![CDATA[N]]></ATT_SHOWINDESCRIPTION>
<!--C2616738C30D4A6291982BEB1A4E0941--></OBUIAPP_PARAMETER>

<!--D2AC0A87CAFF48DA953373314DF1E850--><OBUIAPP_PARAMETER>
<!--D2AC0A87CAFF48DA953373314DF1E850-->  <OBUIAPP_PARAMETER_ID><![CDATA[D2AC0A87CAFF48DA953373314DF1E850]]></OBUIAPP_PARAMETER_ID>
<!--D2AC0A87CAFF48DA953373314DF1E850-->  <AD_CLIENT_ID><![CDATA[0]]></AD_CLIENT_ID>
<!--D2AC0A87CAFF48DA953373314DF1E850-->  <AD_ORG_ID><![CDATA[0]]></AD_ORG_ID>
<!--D2AC0A87CAFF48DA953373314DF1E850-->  <ISACTIVE><![CDATA[Y]]></ISACTIVE>
<!--D2AC0A87CAFF48DA953373314DF1E850-->  <AD_MODULE_ID><![CDATA[7883BFF602B4449087A3A65A0DC72E5C]]></AD_MODULE_ID>
<!--D2AC0A87CAFF48DA953373314DF1E850-->  <NAME><![CDATA[Orders]]></NAME>
<!--D2AC0A87CAFF48DA953373314DF1E850-->  <SEQNO><![CDATA[30]]></SEQNO>
<!--D2AC0A87CAFF48DA953373314DF1E850-->  <AD_REFERENCE_ID><![CDATA[87E6CFF8F71548AFA33F181C317970B5]]></AD_REFERENCE_ID>
<!--D2AC0A87CAFF48DA953373314DF1E850-->  <AD_REFERENCE_VALUE_ID><![CDATA[ABFD0D4E2BFD45EFBC0F298829649655]]></AD_REFERENCE_VALUE_ID>
<!--D2AC0A87CAFF48DA953373314DF1E850-->  <COLUMNNAME><![CDATA[orders]]></COLUMNNAME>
<!--D2AC0A87CAFF48DA953373314DF1E850-->  <ISCENTRALLYMAINTAINED><![CDATA[Y]]></ISCENTRALLYMAINTAINED>
<!--D2AC0A87CAFF48DA953373314DF1E850-->  <FIELDLENGTH><![CDATA[0]]></FIELDLENGTH>
<!--D2AC0A87CAFF48DA953373314DF1E850-->  <ISMANDATORY><![CDATA[N]]></ISMANDATORY>
<!--D2AC0A87CAFF48DA953373314DF1E850-->  <ISFIXED><![CDATA[N]]></ISFIXED>
<!--D2AC0A87CAFF48DA953373314DF1E850-->  <EVALUATEFIXEDVALUE><![CDATA[N]]></EVALUATEFIXEDVALUE>
<!--D2AC0A87CAFF48DA953373314DF1E850-->  <OBUIAPP_PROCESS_ID><![CDATA[8531AA22C252484FB7C0C14BF7B9FE94]]></OBUIAPP_PROCESS_ID>
<!--D2AC0A87CAFF48DA953373314DF1E850-->  <STARTINNEWLINE><![CDATA[Y]]></STARTINNEWLINE>
<!--D2AC0A87CAFF48DA953373314DF1E850-->  <DISPLAYTITLE><![CDATA[N]]></DISPLAYTITLE>
<!--D2AC0A87CAFF48DA953373314DF1E850-->  <ATT_SHOWINDESCRIPTION><![CDATA[N]]></ATT_SHOWINDESCRIPTION>
<!--D2AC0A87CAFF48DA953373314DF1E850--></OBUIAPP_PARAMETER>

<!--DB5854062A994550992998BF0518980D--><OBUIAPP_PARAMETER>
<!--DB5854062A994550992998BF0518980D-->  <OBUIAPP_PARAMETER_ID><![CDATA[DB5854062A994550992998BF0518980D]]></OBUIAPP_PARAMETER_ID>
<!--DB5854062A994550992998BF0518980D-->  <AD_CLIENT_ID><![CDATA[0]]></AD_CLIENT_ID>
<!--DB5854062A994550992998BF0518980D-->  <AD_ORG_ID><![CDATA[0]]></AD_ORG_ID>
<!--DB5854062A994550992998BF0518980D-->  <ISACTIVE><![CDATA[Y]]></ISACTIVE>
<!--DB5854062A994550992998BF0518980D-->  <AD_MODULE_ID><![CDATA[7883BFF602B4449087A3A65A0DC72E5C]]></AD_MODULE_ID>
<!--DB5854062A994550992998BF0518980D-->  <NAME><![CDATA[Business Partner]]></NAME>
<!--DB5854062A994550992998BF0518980D-->  <SEQNO><![CDATA[40]]></SEQNO>
<!--DB5854062A994550992998BF0518980D-->  <AD_REFERENCE_ID><![CDATA[95E2A8B50A254B2AAE6774B8C2F28120]]></AD_REFERENCE_ID>
<!--DB5854062A994550992998BF0518980D-->  <AD_REFERENCE_VALUE_ID><![CDATA[4028E61131FB4B1B0131FB5226C90008]]></AD_REFERENCE_VALUE_ID>
<!--DB5854062A994550992998BF0518980D-->  <COLUMNNAME><![CDATA[bp]]></COLUMNNAME>
<!--DB5854062A994550992998BF0518980D-->  <ISCENTRALLYMAINTAINED><![CDATA[Y]]></ISCENTRALLYMAINTAINED>
<!--DB5854062A994550992998BF0518980D-->  <FIELDLENGTH><![CDATA[0]]></FIELDLENGTH>
<!--DB5854062A994550992998BF0518980D-->  <ISMANDATORY><![CDATA[N]]></ISMANDATORY>
<!--DB5854062A994550992998BF0518980D-->  <ISFIXED><![CDATA[N]]></ISFIXED>
<!--DB5854062A994550992998BF0518980D-->  <EVALUATEFIXEDVALUE><![CDATA[N]]></EVALUATEFIXEDVALUE>
<!--DB5854062A994550992998BF0518980D-->  <OBUIAPP_PROCESS_ID><![CDATA[8531AA22C252484FB7C0C14BF7B9FE94]]></OBUIAPP_PROCESS_ID>
<!--DB5854062A994550992998BF0518980D-->  <STARTINNEWLINE><![CDATA[N]]></STARTINNEWLINE>
<!--DB5854062A994550992998BF0518980D-->  <DISPLAYTITLE><![CDATA[N]]></DISPLAYTITLE>
<!--DB5854062A994550992998BF0518980D-->  <ATT_SHOWINDESCRIPTION><![CDATA[N]]></ATT_SHOWINDESCRIPTION>
<!--DB5854062A994550992998BF0518980D--></OBUIAPP_PARAMETER>

</data>
