<?xml version='1.0' encoding='UTF-8'?>
<data>
<!--1F791906B98847FFBD919C85F8570FAB--><OBUISEL_SELECTOR_FIELD>
<!--1F791906B98847FFBD919C85F8570FAB-->  <OBUISEL_SELECTOR_FIELD_ID><![CDATA[1F791906B98847FFBD919C85F8570FAB]]></OBUISEL_SELECTOR_FIELD_ID>
<!--1F791906B98847FFBD919C85F8570FAB-->  <OBUISEL_SELECTOR_ID><![CDATA[5089292AA2F34DAAA45762C343946A39]]></OBUISEL_SELECTOR_ID>
<!--1F791906B98847FFBD919C85F8570FAB-->  <AD_CLIENT_ID><![CDATA[0]]></AD_CLIENT_ID>
<!--1F791906B98847FFBD919C85F8570FAB-->  <AD_ORG_ID><![CDATA[0]]></AD_ORG_ID>
<!--1F791906B98847FFBD919C85F8570FAB-->  <AD_MODULE_ID><![CDATA[7883BFF602B4449087A3A65A0DC72E5C]]></AD_MODULE_ID>
<!--1F791906B98847FFBD919C85F8570FAB-->  <AD_COLUMN_ID><![CDATA[3718]]></AD_COLUMN_ID>
<!--1F791906B98847FFBD919C85F8570FAB-->  <NAME><![CDATA[Sales Order]]></NAME>
<!--1F791906B98847FFBD919C85F8570FAB-->  <PROPERTY><![CDATA[salesTransaction]]></PROPERTY>
<!--1F791906B98847FFBD919C85F8570FAB-->  <ISCENTRALLYMAINTAINED><![CDATA[Y]]></ISCENTRALLYMAINTAINED>
<!--1F791906B98847FFBD919C85F8570FAB-->  <SORT><![CDATA[Y]]></SORT>
<!--1F791906B98847FFBD919C85F8570FAB-->  <FILTER><![CDATA[Y]]></FILTER>
<!--1F791906B98847FFBD919C85F8570FAB-->  <SEARCHINSUGGESTIONBOX><![CDATA[Y]]></SEARCHINSUGGESTIONBOX>
<!--1F791906B98847FFBD919C85F8570FAB-->  <SHOWINGRID><![CDATA[Y]]></SHOWINGRID>
<!--1F791906B98847FFBD919C85F8570FAB-->  <SORTNO><![CDATA[30]]></SORTNO>
<!--1F791906B98847FFBD919C85F8570FAB-->  <ISACTIVE><![CDATA[Y]]></ISACTIVE>
<!--1F791906B98847FFBD919C85F8570FAB-->  <ISOUTFIELD><![CDATA[N]]></ISOUTFIELD>
<!--1F791906B98847FFBD919C85F8570FAB-->  <SHOWINPICKLIST><![CDATA[Y]]></SHOWINPICKLIST>
<!--1F791906B98847FFBD919C85F8570FAB--></OBUISEL_SELECTOR_FIELD>

<!--7BD5D6AEA0A4409796944CB848F08804--><OBUISEL_SELECTOR_FIELD>
<!--7BD5D6AEA0A4409796944CB848F08804-->  <OBUISEL_SELECTOR_FIELD_ID><![CDATA[7BD5D6AEA0A4409796944CB848F08804]]></OBUISEL_SELECTOR_FIELD_ID>
<!--7BD5D6AEA0A4409796944CB848F08804-->  <OBUISEL_SELECTOR_ID><![CDATA[5089292AA2F34DAAA45762C343946A39]]></OBUISEL_SELECTOR_ID>
<!--7BD5D6AEA0A4409796944CB848F08804-->  <AD_CLIENT_ID><![CDATA[0]]></AD_CLIENT_ID>
<!--7BD5D6AEA0A4409796944CB848F08804-->  <AD_ORG_ID><![CDATA[0]]></AD_ORG_ID>
<!--7BD5D6AEA0A4409796944CB848F08804-->  <AD_MODULE_ID><![CDATA[7883BFF602B4449087A3A65A0DC72E5C]]></AD_MODULE_ID>
<!--7BD5D6AEA0A4409796944CB848F08804-->  <AD_COLUMN_ID><![CDATA[2762]]></AD_COLUMN_ID>
<!--7BD5D6AEA0A4409796944CB848F08804-->  <NAME><![CDATA[Business Partner]]></NAME>
<!--7BD5D6AEA0A4409796944CB848F08804-->  <PROPERTY><![CDATA[businessPartner]]></PROPERTY>
<!--7BD5D6AEA0A4409796944CB848F08804-->  <ISCENTRALLYMAINTAINED><![CDATA[Y]]></ISCENTRALLYMAINTAINED>
<!--7BD5D6AEA0A4409796944CB848F08804-->  <SORT><![CDATA[Y]]></SORT>
<!--7BD5D6AEA0A4409796944CB848F08804-->  <FILTER><![CDATA[Y]]></FILTER>
<!--7BD5D6AEA0A4409796944CB848F08804-->  <SEARCHINSUGGESTIONBOX><![CDATA[N]]></SEARCHINSUGGESTIONBOX>
<!--7BD5D6AEA0A4409796944CB848F08804-->  <SHOWINGRID><![CDATA[Y]]></SHOWINGRID>
<!--7BD5D6AEA0A4409796944CB848F08804-->  <SORTNO><![CDATA[20]]></SORTNO>
<!--7BD5D6AEA0A4409796944CB848F08804-->  <ISACTIVE><![CDATA[Y]]></ISACTIVE>
<!--7BD5D6AEA0A4409796944CB848F08804-->  <ISOUTFIELD><![CDATA[N]]></ISOUTFIELD>
<!--7BD5D6AEA0A4409796944CB848F08804-->  <SHOWINPICKLIST><![CDATA[Y]]></SHOWINPICKLIST>
<!--7BD5D6AEA0A4409796944CB848F08804--></OBUISEL_SELECTOR_FIELD>

<!--9ECAE33E6E774814911E20EA05FF4EBC--><OBUISEL_SELECTOR_FIELD>
<!--9ECAE33E6E774814911E20EA05FF4EBC-->  <OBUISEL_SELECTOR_FIELD_ID><![CDATA[9ECAE33E6E774814911E20EA05FF4EBC]]></OBUISEL_SELECTOR_FIELD_ID>
<!--9ECAE33E6E774814911E20EA05FF4EBC-->  <OBUISEL_SELECTOR_ID><![CDATA[5089292AA2F34DAAA45762C343946A39]]></OBUISEL_SELECTOR_ID>
<!--9ECAE33E6E774814911E20EA05FF4EBC-->  <AD_CLIENT_ID><![CDATA[0]]></AD_CLIENT_ID>
<!--9ECAE33E6E774814911E20EA05FF4EBC-->  <AD_ORG_ID><![CDATA[0]]></AD_ORG_ID>
<!--9ECAE33E6E774814911E20EA05FF4EBC-->  <AD_MODULE_ID><![CDATA[7883BFF602B4449087A3A65A0DC72E5C]]></AD_MODULE_ID>
<!--9ECAE33E6E774814911E20EA05FF4EBC-->  <AD_COLUMN_ID><![CDATA[2169]]></AD_COLUMN_ID>
<!--9ECAE33E6E774814911E20EA05FF4EBC-->  <NAME><![CDATA[identifier]]></NAME>
<!--9ECAE33E6E774814911E20EA05FF4EBC-->  <PROPERTY><![CDATA[_identifier]]></PROPERTY>
<!--9ECAE33E6E774814911E20EA05FF4EBC-->  <ISCENTRALLYMAINTAINED><![CDATA[Y]]></ISCENTRALLYMAINTAINED>
<!--9ECAE33E6E774814911E20EA05FF4EBC-->  <SORT><![CDATA[Y]]></SORT>
<!--9ECAE33E6E774814911E20EA05FF4EBC-->  <FILTER><![CDATA[Y]]></FILTER>
<!--9ECAE33E6E774814911E20EA05FF4EBC-->  <SEARCHINSUGGESTIONBOX><![CDATA[Y]]></SEARCHINSUGGESTIONBOX>
<!--9ECAE33E6E774814911E20EA05FF4EBC-->  <SHOWINGRID><![CDATA[Y]]></SHOWINGRID>
<!--9ECAE33E6E774814911E20EA05FF4EBC-->  <SORTNO><![CDATA[10]]></SORTNO>
<!--9ECAE33E6E774814911E20EA05FF4EBC-->  <ISACTIVE><![CDATA[Y]]></ISACTIVE>
<!--9ECAE33E6E774814911E20EA05FF4EBC-->  <ISOUTFIELD><![CDATA[N]]></ISOUTFIELD>
<!--9ECAE33E6E774814911E20EA05FF4EBC-->  <SHOWINPICKLIST><![CDATA[Y]]></SHOWINPICKLIST>
<!--9ECAE33E6E774814911E20EA05FF4EBC--></OBUISEL_SELECTOR_FIELD>

</data>
