<?xml version='1.0' encoding='UTF-8'?>
<data>
<!--118334A957224769A85B2DAE9F41CE96--><OBUIAPP_VIEW_IMPL>
<!--118334A957224769A85B2DAE9F41CE96-->  <OBUIAPP_VIEW_IMPL_ID><![CDATA[118334A957224769A85B2DAE9F41CE96]]></OBUIAPP_VIEW_IMPL_ID>
<!--118334A957224769A85B2DAE9F41CE96-->  <AD_CLIENT_ID><![CDATA[0]]></AD_CLIENT_ID>
<!--118334A957224769A85B2DAE9F41CE96-->  <AD_ORG_ID><![CDATA[0]]></AD_ORG_ID>
<!--118334A957224769A85B2DAE9F41CE96-->  <AD_MODULE_ID><![CDATA[7883BFF602B4449087A3A65A0DC72E5C]]></AD_MODULE_ID>
<!--118334A957224769A85B2DAE9F41CE96-->  <NAME><![CDATA[OBEXAPP_HelloWorldView]]></NAME>
<!--118334A957224769A85B2DAE9F41CE96-->  <DESCRIPTION><![CDATA[Hello World example]]></DESCRIPTION>
<!--118334A957224769A85B2DAE9F41CE96-->  <ISACTIVE><![CDATA[Y]]></ISACTIVE>
<!--118334A957224769A85B2DAE9F41CE96-->  <ISADVANCEDFEATURE><![CDATA[N]]></ISADVANCEDFEATURE>
<!--118334A957224769A85B2DAE9F41CE96--></OBUIAPP_VIEW_IMPL>

<!--7883BFF602B4449087A3A65A0DC72E5B--><OBUIAPP_VIEW_IMPL>
<!--7883BFF602B4449087A3A65A0DC72E5B-->  <OBUIAPP_VIEW_IMPL_ID><![CDATA[7883BFF602B4449087A3A65A0DC72E5B]]></OBUIAPP_VIEW_IMPL_ID>
<!--7883BFF602B4449087A3A65A0DC72E5B-->  <AD_CLIENT_ID><![CDATA[0]]></AD_CLIENT_ID>
<!--7883BFF602B4449087A3A65A0DC72E5B-->  <AD_ORG_ID><![CDATA[0]]></AD_ORG_ID>
<!--7883BFF602B4449087A3A65A0DC72E5B-->  <AD_MODULE_ID><![CDATA[7883BFF602B4449087A3A65A0DC72E5C]]></AD_MODULE_ID>
<!--7883BFF602B4449087A3A65A0DC72E5B-->  <NAME><![CDATA[OBEXAPP_HelloWorldLabelView]]></NAME>
<!--7883BFF602B4449087A3A65A0DC72E5B-->  <DESCRIPTION><![CDATA[Uses a label as a hello world view]]></DESCRIPTION>
<!--7883BFF602B4449087A3A65A0DC72E5B-->  <ISACTIVE><![CDATA[Y]]></ISACTIVE>
<!--7883BFF602B4449087A3A65A0DC72E5B-->  <ISADVANCEDFEATURE><![CDATA[N]]></ISADVANCEDFEATURE>
<!--7883BFF602B4449087A3A65A0DC72E5B--></OBUIAPP_VIEW_IMPL>

<!--AF338C068E604FA4ABF2850A2F942801--><OBUIAPP_VIEW_IMPL>
<!--AF338C068E604FA4ABF2850A2F942801-->  <OBUIAPP_VIEW_IMPL_ID><![CDATA[AF338C068E604FA4ABF2850A2F942801]]></OBUIAPP_VIEW_IMPL_ID>
<!--AF338C068E604FA4ABF2850A2F942801-->  <AD_CLIENT_ID><![CDATA[0]]></AD_CLIENT_ID>
<!--AF338C068E604FA4ABF2850A2F942801-->  <AD_ORG_ID><![CDATA[0]]></AD_ORG_ID>
<!--AF338C068E604FA4ABF2850A2F942801-->  <AD_MODULE_ID><![CDATA[7883BFF602B4449087A3A65A0DC72E5C]]></AD_MODULE_ID>
<!--AF338C068E604FA4ABF2850A2F942801-->  <OBCLKER_TEMPLATE_ID><![CDATA[206C32FA504E47DC8734BBF2805F6119]]></OBCLKER_TEMPLATE_ID>
<!--AF338C068E604FA4ABF2850A2F942801-->  <NAME><![CDATA[OBEXAPP_HelloWorldButtonView]]></NAME>
<!--AF338C068E604FA4ABF2850A2F942801-->  <DESCRIPTION><![CDATA[An example of a simple view implementation]]></DESCRIPTION>
<!--AF338C068E604FA4ABF2850A2F942801-->  <CLASSNAME><![CDATA[com.etendoerp.client.application.examples.ExampleViewComponent]]></CLASSNAME>
<!--AF338C068E604FA4ABF2850A2F942801-->  <ISACTIVE><![CDATA[Y]]></ISACTIVE>
<!--AF338C068E604FA4ABF2850A2F942801-->  <ISADVANCEDFEATURE><![CDATA[N]]></ISADVANCEDFEATURE>
<!--AF338C068E604FA4ABF2850A2F942801--></OBUIAPP_VIEW_IMPL>

<!--FF80818131AE1B250131AF7920130038--><OBUIAPP_VIEW_IMPL>
<!--FF80818131AE1B250131AF7920130038-->  <OBUIAPP_VIEW_IMPL_ID><![CDATA[FF80818131AE1B250131AF7920130038]]></OBUIAPP_VIEW_IMPL_ID>
<!--FF80818131AE1B250131AF7920130038-->  <AD_CLIENT_ID><![CDATA[0]]></AD_CLIENT_ID>
<!--FF80818131AE1B250131AF7920130038-->  <AD_ORG_ID><![CDATA[0]]></AD_ORG_ID>
<!--FF80818131AE1B250131AF7920130038-->  <AD_MODULE_ID><![CDATA[7883BFF602B4449087A3A65A0DC72E5C]]></AD_MODULE_ID>
<!--FF80818131AE1B250131AF7920130038-->  <NAME><![CDATA[OBEXAPP_SimpleView]]></NAME>
<!--FF80818131AE1B250131AF7920130038-->  <DESCRIPTION><![CDATA[An example of a main view with a simple content]]></DESCRIPTION>
<!--FF80818131AE1B250131AF7920130038-->  <ISACTIVE><![CDATA[Y]]></ISACTIVE>
<!--FF80818131AE1B250131AF7920130038-->  <ISADVANCEDFEATURE><![CDATA[N]]></ISADVANCEDFEATURE>
<!--FF80818131AE1B250131AF7920130038--></OBUIAPP_VIEW_IMPL>

</data>
