<?xml version='1.0' encoding='UTF-8'?>
<data>
<!--6527F2CE46AC415C8D4C2999EC87342C--><OBUIAPP_REF_WINDOW>
<!--6527F2CE46AC415C8D4C2999EC87342C-->  <OBUIAPP_REF_WINDOW_ID><![CDATA[6527F2CE46AC415C8D4C2999EC87342C]]></OBUIAPP_REF_WINDOW_ID>
<!--6527F2CE46AC415C8D4C2999EC87342C-->  <AD_CLIENT_ID><![CDATA[0]]></AD_CLIENT_ID>
<!--6527F2CE46AC415C8D4C2999EC87342C-->  <AD_ORG_ID><![CDATA[0]]></AD_ORG_ID>
<!--6527F2CE46AC415C8D4C2999EC87342C-->  <ISACTIVE><![CDATA[Y]]></ISACTIVE>
<!--6527F2CE46AC415C8D4C2999EC87342C-->  <AD_REFERENCE_ID><![CDATA[0333F0B87AD74B82AB4FB6C2F21462A2]]></AD_REFERENCE_ID>
<!--6527F2CE46AC415C8D4C2999EC87342C-->  <AD_WINDOW_ID><![CDATA[5E6B50D688634989A1A7728FE3F6C4D3]]></AD_WINDOW_ID>
<!--6527F2CE46AC415C8D4C2999EC87342C--></OBUIAPP_REF_WINDOW>

<!--70F5286706C94594A98CE6263D943C67--><OBUIAPP_REF_WINDOW>
<!--70F5286706C94594A98CE6263D943C67-->  <OBUIAPP_REF_WINDOW_ID><![CDATA[70F5286706C94594A98CE6263D943C67]]></OBUIAPP_REF_WINDOW_ID>
<!--70F5286706C94594A98CE6263D943C67-->  <AD_CLIENT_ID><![CDATA[0]]></AD_CLIENT_ID>
<!--70F5286706C94594A98CE6263D943C67-->  <AD_ORG_ID><![CDATA[0]]></AD_ORG_ID>
<!--70F5286706C94594A98CE6263D943C67-->  <ISACTIVE><![CDATA[Y]]></ISACTIVE>
<!--70F5286706C94594A98CE6263D943C67-->  <AD_REFERENCE_ID><![CDATA[16F387A267D84D2199115763D4158ECF]]></AD_REFERENCE_ID>
<!--70F5286706C94594A98CE6263D943C67-->  <AD_WINDOW_ID><![CDATA[822F5A712F0D46ACAF575E3723642F4C]]></AD_WINDOW_ID>
<!--70F5286706C94594A98CE6263D943C67--></OBUIAPP_REF_WINDOW>

</data>
