<?xml version='1.0' encoding='UTF-8'?>
<data>
<!--04A18DEC44C54D6DAEBF9E5C6A766A1A--><OBUIAPP_PROCESS>
<!--04A18DEC44C54D6DAEBF9E5C6A766A1A-->  <OBUIAPP_PROCESS_ID><![CDATA[04A18DEC44C54D6DAEBF9E5C6A766A1A]]></OBUIAPP_PROCESS_ID>
<!--04A18DEC44C54D6DAEBF9E5C6A766A1A-->  <AD_CLIENT_ID><![CDATA[0]]></AD_CLIENT_ID>
<!--04A18DEC44C54D6DAEBF9E5C6A766A1A-->  <AD_ORG_ID><![CDATA[0]]></AD_ORG_ID>
<!--04A18DEC44C54D6DAEBF9E5C6A766A1A-->  <ISACTIVE><![CDATA[Y]]></ISACTIVE>
<!--04A18DEC44C54D6DAEBF9E5C6A766A1A-->  <VALUE><![CDATA[OBEXAPP_Pick3]]></VALUE>
<!--04A18DEC44C54D6DAEBF9E5C6A766A1A-->  <NAME><![CDATA[Pick Example 3]]></NAME>
<!--04A18DEC44C54D6DAEBF9E5C6A766A1A-->  <ACCESSLEVEL><![CDATA[7]]></ACCESSLEVEL>
<!--04A18DEC44C54D6DAEBF9E5C6A766A1A-->  <CLASSNAME><![CDATA[com.etendoerp.client.application.examples.PickExampleActionHandler]]></CLASSNAME>
<!--04A18DEC44C54D6DAEBF9E5C6A766A1A-->  <ISBACKGROUND><![CDATA[N]]></ISBACKGROUND>
<!--04A18DEC44C54D6DAEBF9E5C6A766A1A-->  <AD_MODULE_ID><![CDATA[7883BFF602B4449087A3A65A0DC72E5C]]></AD_MODULE_ID>
<!--04A18DEC44C54D6DAEBF9E5C6A766A1A-->  <UIPATTERN><![CDATA[OBUIAPP_PickAndExecute]]></UIPATTERN>
<!--04A18DEC44C54D6DAEBF9E5C6A766A1A-->  <ISMULTIRECORD><![CDATA[N]]></ISMULTIRECORD>
<!--04A18DEC44C54D6DAEBF9E5C6A766A1A-->  <IS_EXPLICIT_ACCESS><![CDATA[N]]></IS_EXPLICIT_ACCESS>
<!--04A18DEC44C54D6DAEBF9E5C6A766A1A-->  <ISGRIDLEGACY><![CDATA[Y]]></ISGRIDLEGACY>
<!--04A18DEC44C54D6DAEBF9E5C6A766A1A-->  <ISCANADDRECORDSTOSELECTOR><![CDATA[N]]></ISCANADDRECORDSTOSELECTOR>
<!--04A18DEC44C54D6DAEBF9E5C6A766A1A--></OBUIAPP_PROCESS>

<!--0E5A0C665ECF497A983E78A281A4F152--><OBUIAPP_PROCESS>
<!--0E5A0C665ECF497A983E78A281A4F152-->  <OBUIAPP_PROCESS_ID><![CDATA[0E5A0C665ECF497A983E78A281A4F152]]></OBUIAPP_PROCESS_ID>
<!--0E5A0C665ECF497A983E78A281A4F152-->  <AD_CLIENT_ID><![CDATA[0]]></AD_CLIENT_ID>
<!--0E5A0C665ECF497A983E78A281A4F152-->  <AD_ORG_ID><![CDATA[0]]></AD_ORG_ID>
<!--0E5A0C665ECF497A983E78A281A4F152-->  <ISACTIVE><![CDATA[Y]]></ISACTIVE>
<!--0E5A0C665ECF497A983E78A281A4F152-->  <VALUE><![CDATA[obexapp_substract]]></VALUE>
<!--0E5A0C665ECF497A983E78A281A4F152-->  <NAME><![CDATA[Subtract]]></NAME>
<!--0E5A0C665ECF497A983E78A281A4F152-->  <ACCESSLEVEL><![CDATA[3]]></ACCESSLEVEL>
<!--0E5A0C665ECF497A983E78A281A4F152-->  <CLASSNAME><![CDATA[OB.OBEXAPP.Process.subtract]]></CLASSNAME>
<!--0E5A0C665ECF497A983E78A281A4F152-->  <ISBACKGROUND><![CDATA[N]]></ISBACKGROUND>
<!--0E5A0C665ECF497A983E78A281A4F152-->  <AD_MODULE_ID><![CDATA[7883BFF602B4449087A3A65A0DC72E5C]]></AD_MODULE_ID>
<!--0E5A0C665ECF497A983E78A281A4F152-->  <UIPATTERN><![CDATA[M]]></UIPATTERN>
<!--0E5A0C665ECF497A983E78A281A4F152-->  <ISMULTIRECORD><![CDATA[Y]]></ISMULTIRECORD>
<!--0E5A0C665ECF497A983E78A281A4F152-->  <IS_EXPLICIT_ACCESS><![CDATA[N]]></IS_EXPLICIT_ACCESS>
<!--0E5A0C665ECF497A983E78A281A4F152-->  <ISGRIDLEGACY><![CDATA[Y]]></ISGRIDLEGACY>
<!--0E5A0C665ECF497A983E78A281A4F152-->  <ISCANADDRECORDSTOSELECTOR><![CDATA[N]]></ISCANADDRECORDSTOSELECTOR>
<!--0E5A0C665ECF497A983E78A281A4F152--></OBUIAPP_PROCESS>

<!--6D68A14FD700446EAFB48582D655034B--><OBUIAPP_PROCESS>
<!--6D68A14FD700446EAFB48582D655034B-->  <OBUIAPP_PROCESS_ID><![CDATA[6D68A14FD700446EAFB48582D655034B]]></OBUIAPP_PROCESS_ID>
<!--6D68A14FD700446EAFB48582D655034B-->  <AD_CLIENT_ID><![CDATA[0]]></AD_CLIENT_ID>
<!--6D68A14FD700446EAFB48582D655034B-->  <AD_ORG_ID><![CDATA[0]]></AD_ORG_ID>
<!--6D68A14FD700446EAFB48582D655034B-->  <ISACTIVE><![CDATA[Y]]></ISACTIVE>
<!--6D68A14FD700446EAFB48582D655034B-->  <VALUE><![CDATA[obexapp_sum]]></VALUE>
<!--6D68A14FD700446EAFB48582D655034B-->  <NAME><![CDATA[Sum]]></NAME>
<!--6D68A14FD700446EAFB48582D655034B-->  <ACCESSLEVEL><![CDATA[3]]></ACCESSLEVEL>
<!--6D68A14FD700446EAFB48582D655034B-->  <CLASSNAME><![CDATA[OB.OBEXAPP.Process.sum]]></CLASSNAME>
<!--6D68A14FD700446EAFB48582D655034B-->  <ISBACKGROUND><![CDATA[N]]></ISBACKGROUND>
<!--6D68A14FD700446EAFB48582D655034B-->  <AD_MODULE_ID><![CDATA[7883BFF602B4449087A3A65A0DC72E5C]]></AD_MODULE_ID>
<!--6D68A14FD700446EAFB48582D655034B-->  <UIPATTERN><![CDATA[M]]></UIPATTERN>
<!--6D68A14FD700446EAFB48582D655034B-->  <ISMULTIRECORD><![CDATA[Y]]></ISMULTIRECORD>
<!--6D68A14FD700446EAFB48582D655034B-->  <IS_EXPLICIT_ACCESS><![CDATA[N]]></IS_EXPLICIT_ACCESS>
<!--6D68A14FD700446EAFB48582D655034B-->  <ISGRIDLEGACY><![CDATA[Y]]></ISGRIDLEGACY>
<!--6D68A14FD700446EAFB48582D655034B-->  <ISCANADDRECORDSTOSELECTOR><![CDATA[N]]></ISCANADDRECORDSTOSELECTOR>
<!--6D68A14FD700446EAFB48582D655034B--></OBUIAPP_PROCESS>

<!--83095B09D23C42F6A9607B976A4942D9--><OBUIAPP_PROCESS>
<!--83095B09D23C42F6A9607B976A4942D9-->  <OBUIAPP_PROCESS_ID><![CDATA[83095B09D23C42F6A9607B976A4942D9]]></OBUIAPP_PROCESS_ID>
<!--83095B09D23C42F6A9607B976A4942D9-->  <AD_CLIENT_ID><![CDATA[0]]></AD_CLIENT_ID>
<!--83095B09D23C42F6A9607B976A4942D9-->  <AD_ORG_ID><![CDATA[0]]></AD_ORG_ID>
<!--83095B09D23C42F6A9607B976A4942D9-->  <ISACTIVE><![CDATA[Y]]></ISACTIVE>
<!--83095B09D23C42F6A9607B976A4942D9-->  <VALUE><![CDATA[OBEXAPP_Pick2]]></VALUE>
<!--83095B09D23C42F6A9607B976A4942D9-->  <NAME><![CDATA[Pick Example 2]]></NAME>
<!--83095B09D23C42F6A9607B976A4942D9-->  <ACCESSLEVEL><![CDATA[7]]></ACCESSLEVEL>
<!--83095B09D23C42F6A9607B976A4942D9-->  <CLASSNAME><![CDATA[com.etendoerp.client.application.examples.PickExampleActionHandler]]></CLASSNAME>
<!--83095B09D23C42F6A9607B976A4942D9-->  <ISBACKGROUND><![CDATA[N]]></ISBACKGROUND>
<!--83095B09D23C42F6A9607B976A4942D9-->  <AD_MODULE_ID><![CDATA[7883BFF602B4449087A3A65A0DC72E5C]]></AD_MODULE_ID>
<!--83095B09D23C42F6A9607B976A4942D9-->  <UIPATTERN><![CDATA[OBUIAPP_PickAndExecute]]></UIPATTERN>
<!--83095B09D23C42F6A9607B976A4942D9-->  <ISMULTIRECORD><![CDATA[N]]></ISMULTIRECORD>
<!--83095B09D23C42F6A9607B976A4942D9-->  <IS_EXPLICIT_ACCESS><![CDATA[N]]></IS_EXPLICIT_ACCESS>
<!--83095B09D23C42F6A9607B976A4942D9-->  <ISGRIDLEGACY><![CDATA[Y]]></ISGRIDLEGACY>
<!--83095B09D23C42F6A9607B976A4942D9-->  <ISCANADDRECORDSTOSELECTOR><![CDATA[N]]></ISCANADDRECORDSTOSELECTOR>
<!--83095B09D23C42F6A9607B976A4942D9--></OBUIAPP_PROCESS>

<!--8531AA22C252484FB7C0C14BF7B9FE94--><OBUIAPP_PROCESS>
<!--8531AA22C252484FB7C0C14BF7B9FE94-->  <OBUIAPP_PROCESS_ID><![CDATA[8531AA22C252484FB7C0C14BF7B9FE94]]></OBUIAPP_PROCESS_ID>
<!--8531AA22C252484FB7C0C14BF7B9FE94-->  <AD_CLIENT_ID><![CDATA[0]]></AD_CLIENT_ID>
<!--8531AA22C252484FB7C0C14BF7B9FE94-->  <AD_ORG_ID><![CDATA[0]]></AD_ORG_ID>
<!--8531AA22C252484FB7C0C14BF7B9FE94-->  <ISACTIVE><![CDATA[Y]]></ISACTIVE>
<!--8531AA22C252484FB7C0C14BF7B9FE94-->  <VALUE><![CDATA[OBEXAPP_ParamProcess]]></VALUE>
<!--8531AA22C252484FB7C0C14BF7B9FE94-->  <NAME><![CDATA[Example Parameter Process]]></NAME>
<!--8531AA22C252484FB7C0C14BF7B9FE94-->  <ACCESSLEVEL><![CDATA[7]]></ACCESSLEVEL>
<!--8531AA22C252484FB7C0C14BF7B9FE94-->  <CLASSNAME><![CDATA[com.etendoerp.client.application.examples.StandardProcessActionHandler]]></CLASSNAME>
<!--8531AA22C252484FB7C0C14BF7B9FE94-->  <ISBACKGROUND><![CDATA[N]]></ISBACKGROUND>
<!--8531AA22C252484FB7C0C14BF7B9FE94-->  <AD_MODULE_ID><![CDATA[7883BFF602B4449087A3A65A0DC72E5C]]></AD_MODULE_ID>
<!--8531AA22C252484FB7C0C14BF7B9FE94-->  <UIPATTERN><![CDATA[OBUIAPP_PickAndExecute]]></UIPATTERN>
<!--8531AA22C252484FB7C0C14BF7B9FE94-->  <ISMULTIRECORD><![CDATA[N]]></ISMULTIRECORD>
<!--8531AA22C252484FB7C0C14BF7B9FE94-->  <IS_EXPLICIT_ACCESS><![CDATA[N]]></IS_EXPLICIT_ACCESS>
<!--8531AA22C252484FB7C0C14BF7B9FE94-->  <ISGRIDLEGACY><![CDATA[Y]]></ISGRIDLEGACY>
<!--8531AA22C252484FB7C0C14BF7B9FE94-->  <ISCANADDRECORDSTOSELECTOR><![CDATA[N]]></ISCANADDRECORDSTOSELECTOR>
<!--8531AA22C252484FB7C0C14BF7B9FE94--></OBUIAPP_PROCESS>

<!--DA584304D0C844799646A06D247CE410--><OBUIAPP_PROCESS>
<!--DA584304D0C844799646A06D247CE410-->  <OBUIAPP_PROCESS_ID><![CDATA[DA584304D0C844799646A06D247CE410]]></OBUIAPP_PROCESS_ID>
<!--DA584304D0C844799646A06D247CE410-->  <AD_CLIENT_ID><![CDATA[0]]></AD_CLIENT_ID>
<!--DA584304D0C844799646A06D247CE410-->  <AD_ORG_ID><![CDATA[0]]></AD_ORG_ID>
<!--DA584304D0C844799646A06D247CE410-->  <ISACTIVE><![CDATA[Y]]></ISACTIVE>
<!--DA584304D0C844799646A06D247CE410-->  <VALUE><![CDATA[OBEXAPP_Pick1]]></VALUE>
<!--DA584304D0C844799646A06D247CE410-->  <NAME><![CDATA[Pick Example 1]]></NAME>
<!--DA584304D0C844799646A06D247CE410-->  <ACCESSLEVEL><![CDATA[7]]></ACCESSLEVEL>
<!--DA584304D0C844799646A06D247CE410-->  <CLASSNAME><![CDATA[com.etendoerp.client.application.examples.PickExampleActionHandler]]></CLASSNAME>
<!--DA584304D0C844799646A06D247CE410-->  <ISBACKGROUND><![CDATA[N]]></ISBACKGROUND>
<!--DA584304D0C844799646A06D247CE410-->  <AD_MODULE_ID><![CDATA[7883BFF602B4449087A3A65A0DC72E5C]]></AD_MODULE_ID>
<!--DA584304D0C844799646A06D247CE410-->  <UIPATTERN><![CDATA[OBUIAPP_PickAndExecute]]></UIPATTERN>
<!--DA584304D0C844799646A06D247CE410-->  <ISMULTIRECORD><![CDATA[N]]></ISMULTIRECORD>
<!--DA584304D0C844799646A06D247CE410-->  <IS_EXPLICIT_ACCESS><![CDATA[N]]></IS_EXPLICIT_ACCESS>
<!--DA584304D0C844799646A06D247CE410-->  <ISGRIDLEGACY><![CDATA[Y]]></ISGRIDLEGACY>
<!--DA584304D0C844799646A06D247CE410-->  <ISCANADDRECORDSTOSELECTOR><![CDATA[N]]></ISCANADDRECORDSTOSELECTOR>
<!--DA584304D0C844799646A06D247CE410--></OBUIAPP_PROCESS>

</data>
