{"F&BInternationalGroup": {
  "BusinessPartners": [
    {
      "value": "ES-C1/0001",
      "name": "Alimentos y Supermercados, S.A",
      "taxid": "K01927367"
    },
    {
      "value": "ES-C2/0001",
      "name": "Restaurantes Luna Llena, S.A.",
      "taxid": "G92765188"
    },
    {
      "value": "ES-C3/0001",
      "name": "Hoteles Buenas Noches, S.A.",
      "taxid": "L51927352"
    },
    {
      "value": "ES-PR/0001",
      "name": "Bebidas Alegres, S.L.",
      "taxid": "B72737174"
    },
    {
      "value": "ES-PR/0002",
      "name": "La Fruta es la Vida, S.L.",
      "taxid": "C91738171"
    },
    {
      "value": "ES-PR/0003",
      "name": "Refrescos Naturales, S.A.",
      "taxid": "D65482919"
    },
    {
      "value": "ES-PR/004",
      "name": "Telefonía SGT, SA",
      "taxid": "47686872V"
    },
    {
      "value": "ES-PR/005",
      "name": "SI Rapid, SA",
      "taxid": "G56894523"
    },
    {
      "value": "ES-PR/006",
      "name": "Servicios Inmobiliarios Los mejores, SA",
      "taxid": "C45896236"
    },
    {
      "value": "ES-PR/007",
      "name": "Generación Eléctrica, SA",
      "taxid": "D78596214"
    },
    {
      "value": "US-C1/0001",
      "name": "Healthy Food Supermarkets, Co.",
      "taxid": "BK452719"
    },
    {
      "value": "US-C2/0001",
      "name": "Moon Light Restaurants, Co.",
      "taxid": "NB717172"
    },
    {
      "value": "US-C3/0001",
      "name": "Sleep Well Hotels, Co.",
      "taxid": "TG917356"
    },
    {
      "value": "US-SPS/001",
      "name": "Electric Power Company, Inc",
      "taxid": "ED234355 "
    },
    {
      "value": "US-SPS/002",
      "name": "Hope Building, Co.",
      "taxid": "RF567345"
    },
    {
      "value": "US-SP/0001",
      "name": "Happy Drinks, Inc.",
      "taxid": "BA253461"
    },
    {
      "value": "US-SP/0003",
      "name": "Be Soft Drinker, Inc.",
      "taxid": "JH812637"
    },
    {
      "value": "US-SP/0002",
      "name": "Fruit & Bio is Life, Inc.",
      "taxid": "QH726271"
    },
    {
      "value": "US-SPS/004",
      "name": "IT Security Services, Co.",
      "taxid": "FR567432"
    },
    {
      "value": "US-SPS/003",
      "name": "Star Mobile Company, Inc.",
      "taxid": "RT567890"
    }
  ]
}}